21900.066667	-261.760162	101.741089
21900.133333	-261.700043	101.853050
21900.200000	-261.645142	101.770462
21900.266667	-261.775909	101.709427
21900.333333	-261.549622	101.709106
21900.400000	-261.631653	101.874245
21900.466667	-261.347473	101.818581
21900.533333	-261.398865	101.689911
21900.600000	-261.467346	101.910141
21900.666667	-261.409821	101.852844
21900.733333	-261.148254	101.932320
21900.800000	-261.195496	101.956917
21900.866667	-261.215393	101.946106
21900.933333	-261.102844	101.956940
21901.000000	-261.113861	101.952423
21901.066667	-261.048401	101.881752
21901.133333	-260.955383	101.969582
21901.200000	-260.907562	102.000183
21901.266667	-260.698730	101.988449
21901.333333	-260.753906	102.038597
21901.400000	-260.651489	102.010490
21901.466667	-260.571045	102.073853
21901.533333	-260.661682	102.029221
21901.600000	-260.575836	101.938019
21901.666667	-260.463806	102.035126
21901.733333	-260.462219	102.019508
21901.800000	-260.279694	101.980186
21901.866667	-260.242340	101.987411
21901.933333	-260.228973	101.977783
21902.000000	-260.150635	101.981651
21902.066667	-259.850891	101.850677
21902.133333	-259.865326	101.954727
21902.200000	-259.703400	101.977089
21902.266667	-259.966705	101.963188
21902.333333	-259.740997	101.872940
21902.400000	-259.634125	101.911377
21902.466667	-259.583405	101.971306
21902.533333	-259.634827	101.965858
21902.600000	-259.465942	101.983521
21902.666667	-259.545349	101.920967
21902.866667	-259.310364	101.945770
21902.933333	-259.343933	101.961967
21903.000000	-259.214325	102.019394
21903.066667	-259.226898	102.061417
21903.133333	-259.040833	102.120621
21903.200000	-259.153107	102.084747
21903.266667	-259.156281	102.081573
21903.333333	-259.040558	102.120354
21903.400000	-258.955078	102.044998
21903.466667	-258.636292	102.130142
21903.533333	-258.746246	102.112343
21903.600000	-258.863251	102.062073
21903.666667	-258.673615	102.240738
21903.733333	-258.613556	102.169800
21903.800000	-258.386566	102.070038
21903.866667	-258.500885	102.064018
21903.933333	-258.545563	102.219414
21904.000000	-258.580933	102.136414
21904.066667	-258.494171	102.083572
21904.133333	-258.231628	102.039490
21904.200000	-258.253357	102.048355
21904.266667	-258.324585	102.018639
21904.333333	-258.035706	102.080666
21904.400000	-257.836273	102.070900
21904.466667	-258.073547	102.062073
21904.533333	-257.734070	102.018082
21904.600000	-257.800171	102.099739
21904.666667	-257.876373	102.100266
21904.733333	-257.743408	102.179871
21904.800000	-257.710541	102.174225
21904.866667	-257.661407	102.069412
21904.933333	-257.696686	102.159843
21905.000000	-257.480652	102.168633
21905.066667	-257.391968	102.156181
21905.133333	-257.439392	102.197464
21905.200000	-257.339325	102.215668
21905.266667	-257.327942	102.324707
21905.333333	-257.282013	102.246651
21905.400000	-257.264893	102.312698
21905.466667	-257.299988	102.289345
21905.533333	-257.003906	102.284744
21905.600000	-257.153229	102.319069
21905.666667	-256.868134	102.285057
21905.733333	-256.812683	102.320686
21905.800000	-256.886292	102.324104
21905.866667	-256.864899	102.252609
21905.933333	-256.671265	102.306229
21906.000000	-256.751068	102.307640
21906.066667	-256.778503	102.283371
21906.133333	-256.610779	102.240547
21906.200000	-256.589294	102.199341
21906.266667	-256.469879	102.264801
21906.333333	-256.343903	102.154999
21906.400000	-256.452820	102.258385
21906.466667	-256.175690	102.174812
21906.533333	-256.123566	102.158485
21906.600000	-256.124115	102.290054
21906.666667	-256.073517	102.216393
21906.733333	-256.052704	102.133812
21906.800000	-255.960510	102.189888
21906.866667	-255.950287	102.210899
21906.933333	-255.935577	102.172607
21907.000000	-255.797165	102.165108
21907.066667	-255.728119	102.281860
21907.133333	-255.789093	102.382805
21907.200000	-255.659973	102.188843
21907.266667	-255.705994	102.243668
21907.333333	-255.562653	102.449821
21907.400000	-255.541763	102.484238
21907.466667	-255.642441	102.352798
21907.533333	-255.370453	102.397629
21907.600000	-255.442490	102.495842
21907.666667	-255.235153	102.363129
21907.733333	-255.240707	102.343475
21907.800000	-255.023178	102.434052
21907.866667	-255.393173	102.324104
21907.933333	-255.034241	102.398697
21908.000000	-255.064148	102.354866
21908.066667	-254.851700	102.366066
21908.133333	-254.821335	102.403343
21908.200000	-254.903641	102.296524
21908.266667	-254.895126	102.405937
21908.333333	-254.705688	102.336502
21908.400000	-254.725830	102.235580
21908.466667	-254.564957	102.386673
21908.533333	-254.333328	102.344917
21908.600000	-254.347473	102.374756
21908.666667	-254.316406	102.369598
21908.733333	-254.273178	102.282959
21908.800000	-254.301544	102.200401
21908.866667	-254.303436	102.334396
21908.933333	-254.136703	102.322220
21909.000000	-254.194687	102.418167
21909.066667	-254.019012	102.425171
21909.133333	-253.978546	102.424423
21909.200000	-254.058212	102.489479
21909.266667	-253.931107	102.451141
21909.333333	-254.034409	102.450806
21909.400000	-253.798553	102.496307
21909.466667	-253.886902	102.522354
21909.533333	-253.621552	102.474472
21909.600000	-253.698288	102.570404
21909.666667	-253.722443	102.585129
21909.733333	-253.692932	102.579529
21909.800000	-253.586426	102.480904
21909.866667	-253.376297	102.570511
21909.933333	-253.581863	102.498100
21910.000000	-253.274094	102.377831
21910.066667	-253.275360	102.604828
21910.133333	-253.346802	102.462517
21910.200000	-253.125351	102.630455
21910.266667	-253.147156	102.527351
21910.333333	-253.059265	102.604378
21910.400000	-252.993698	102.501701
21910.466667	-252.847443	102.695267
21910.533333	-252.834030	102.493919
21910.600000	-252.764145	102.452591
21910.666667	-252.844833	102.512550
21910.733333	-252.768845	102.440300
21910.800000	-252.786850	102.527748
21910.866667	-252.670609	102.440300
21910.933333	-252.623856	102.486710
21911.000000	-252.595703	102.565422
21911.066667	-252.403946	102.481567
21911.133333	-252.219559	102.509224
21911.200000	-252.213928	102.474876
21911.266667	-252.287109	102.484024
21911.333333	-252.178925	102.592819
21911.400000	-252.256638	102.572792
21911.466667	-252.268250	102.556488
21911.533333	-252.296921	102.636856
21911.600000	-252.007004	102.633949
21911.666667	-251.987930	102.633949
21911.733333	-252.042770	102.643394
21911.800000	-252.080856	102.754143
21911.866667	-251.909180	102.683922
21911.933333	-251.937286	102.710228
21912.000000	-251.728394	102.829117
21912.066667	-251.808655	102.766815
21912.133333	-251.749786	102.775337
21912.200000	-251.548370	102.770638
21912.266667	-251.515228	102.726631
21912.333333	-251.375397	102.684738
21912.400000	-251.407608	102.662422
21912.466667	-251.438217	102.681175
21912.533333	-251.218491	102.722565
21912.600000	-251.130157	102.513107
21912.666667	-251.222168	102.691887
21912.733333	-251.221634	102.617104
21912.800000	-251.104736	102.571754
21912.866667	-251.123337	102.593010
21912.933333	-250.898346	102.664680
21913.000000	-251.014435	102.649078
21913.066667	-250.721039	102.559204
21913.133333	-250.847229	102.687042
21913.200000	-250.876099	102.658730
21913.266667	-250.879425	102.681961
21913.333333	-250.799988	102.621651
21913.400000	-250.685242	102.714073
21913.466667	-250.473526	102.651031
21913.533333	-250.454666	102.754974
21913.600000	-250.440918	102.710762
21913.666667	-250.310333	102.710182
21913.733333	-250.319489	102.890114
21913.800000	-250.446198	102.837280
21913.866667	-250.184845	102.870804
21915.000000	-249.338486	102.777145
-5400.133333	-249.338486	102.777145
-5400.000000	-249.338486	102.777145
-5399.933333	-579.414795	57.382744
-5399.066667	-586.955566	54.574234
-5398.933333	-585.224304	54.156540
-5398.866667	-584.840820	54.244205
-5398.800000	-584.111450	54.144787
-5398.733333	-583.134277	53.929035
-5398.666667	-583.244080	53.876232
-5398.600000	-583.187805	54.039551
-5398.533333	-582.904541	54.226295
-5398.466667	-581.681580	54.420033
-5398.400000	-581.692932	53.962421
-5398.333333	-581.067932	54.106682
-5398.266667	-578.244568	54.349659
-5398.200000	-579.045898	54.054249
-5398.133333	-578.653015	54.376423
-5398.066667	-577.005249	54.354782
-5398.000000	-578.026001	53.711124
-5397.933333	-577.335754	53.229519
-5397.866667	-576.986023	53.558750
-5397.800000	-577.187439	54.411320
-5397.733333	-576.088379	53.777493
-5397.666667	-576.694397	53.474659
-5397.600000	-577.410339	52.951984
-5397.533333	-577.921021	53.089153
-5397.466667	-578.371460	53.401489
-5397.400000	-579.465454	52.316708
-5397.333333	-579.736755	52.760998
-5397.266667	-581.164612	53.108822
-5397.200000	-580.623596	52.689564
-5397.133333	-580.441162	52.415726
-5397.066667	-581.536926	52.612213
-5397.000000	-581.161499	52.382427
-5396.933333	-581.412109	52.555851
-5396.866667	-581.778564	51.623745
-5396.800000	-582.542725	52.265896
-5396.733333	-581.832397	53.233322
-5396.666667	-581.856201	53.002213
-5396.600000	-582.104553	53.178207
-5396.533333	-582.709717	53.282879
-5396.466667	-582.786804	53.080795
-5396.400000	-583.408508	53.081070
-5396.333333	-582.836731	54.175434
-5396.266667	-582.836792	53.606213
-5396.200000	-582.859863	52.287811
-5396.133333	-583.392090	54.359764
-5396.066667	-583.782471	53.146427
-5396.000000	-582.713806	52.959133
-5395.933333	-583.574646	53.467445
-5395.866667	-583.441833	53.406868
-5395.800000	-584.064148	53.187309
-5395.733333	-582.606323	53.717251
-5395.666667	-583.268799	53.214581
-5395.600000	-583.942566	53.514652
-5395.533333	-584.250916	53.210972
-5395.466667	-584.312317	53.829876
-5395.400000	-584.138184	53.544159
-5395.333333	-583.630188	53.660175
-5395.266667	-583.827271	53.196938
-5395.200000	-584.221313	53.346260
-5395.133333	-584.595093	52.732433
-5395.066667	-584.493408	53.473003
-5395.000000	-585.808655	53.449265
-5394.933333	-585.111511	52.846596
-5394.866667	-585.807739	54.268787
-5394.800000	-585.789124	52.677670
-5394.733333	-586.826050	53.749512
-5394.666667	-585.959595	52.943600
-5394.600000	-586.435791	53.145500
-5394.533333	-586.572266	52.420933
-5394.466667	-587.262451	52.909378
-5394.400000	-586.586426	52.047180
-5394.333333	-586.177490	53.520195
-5394.266667	-586.018250	53.700031
-5394.200000	-587.652710	53.615173
-5394.133333	-586.247559	52.810791
-5394.066667	-586.683777	53.346268
-5394.000000	-586.237610	53.613743
-5393.933333	-587.351685	52.668850
-5393.866667	-586.491943	53.493248
-5393.800000	-586.079651	52.737968
-5393.733333	-586.205139	52.457672
-5393.666667	-586.592407	52.551750
-5393.600000	-586.186707	52.267792
-5393.533333	-586.981750	53.243210
-5393.466667	-586.683716	53.102509
-5393.400000	-587.299866	53.576050
-5393.333333	-588.183899	53.211086
-5393.266667	-587.478760	52.156700
-5393.200000	-587.656006	52.899521
-5393.133333	-588.205750	52.683590
-5393.066667	-587.778625	52.562191
-5393.000000	-588.205505	53.029247
-5392.933333	-587.837158	52.991409
-5392.866667	-587.169983	53.258984
-5392.800000	-588.719238	52.889519
-5392.733333	-588.006531	52.856483
-5392.666667	-588.185852	53.056381
-5392.600000	-588.896301	52.440773
-5392.533333	-588.603271	52.545860
-5392.466667	-588.814514	52.648178
-5392.400000	-589.347778	52.898430
-5392.333333	-588.959045	53.211777
-5392.266667	-589.028137	53.056381
-5392.200000	-588.739624	53.005665
-5392.133333	-589.620728	52.607155
-5392.066667	-589.221252	53.124317
-5392.000000	-590.504395	52.819172
-5391.933333	-590.296570	53.385029
-5391.866667	-590.704651	53.538887
-5391.800000	-590.471313	52.450726
-5391.733333	-590.729675	53.231052
-5391.666667	-590.877075	53.238209
-5391.600000	-590.863708	53.152542
-5391.533333	-591.201538	53.120449
-5391.466667	-591.478394	52.451942
-5391.400000	-590.903198	53.459274
-5391.333333	-591.466675	54.109943
-5391.266667	-591.086365	53.829327
-5391.200000	-591.078796	54.157055
-5391.133333	-589.514343	53.829311
-5391.066667	-590.231812	54.116005
-5391.000000	-590.885132	54.040619
-5390.933333	-591.057129	53.577709
-5390.866667	-590.973511	53.386192
-5390.800000	-592.244202	53.891716
-5390.733333	-591.671753	54.442680
-5390.666667	-591.671753	54.111752
-5390.600000	-592.432068	53.898457
-5390.533333	-591.191284	53.380302
-5390.466667	-592.006775	53.448639
-5390.400000	-592.837158	53.198765
-5390.333333	-591.630920	53.299999
-5390.266667	-592.180603	53.502480
-5390.200000	-593.503418	53.100422
-5390.133333	-593.026489	53.539127
-5390.066667	-593.610840	52.770824
-5390.000000	-594.548096	53.125080
-5389.933333	-594.762207	52.923603
-5389.866667	-594.051331	52.418240
-5389.800000	-594.196350	52.858189
-5389.733333	-594.414612	52.805641
-5389.666667	-596.182312	52.494869
-5389.600000	-594.050598	51.394226
-5389.533333	-595.655396	52.245857
-5389.466667	-595.157837	51.408607
-5389.400000	-595.578064	52.007133
-5389.333333	-595.580139	52.207073
-5389.266667	-596.250366	52.644039
-5389.200000	-596.071106	52.161598
-5389.133333	-595.441711	52.168240
-5389.066667	-595.583374	52.088974
-5389.000000	-595.084656	52.008041
-5388.933333	-597.107361	51.947289
-5388.866667	-595.729797	52.071224
-5388.800000	-595.491638	51.840984
-5388.733333	-595.334167	51.547344
-5388.666667	-595.406494	52.283169
-5388.600000	-595.549622	51.882645
-5388.533333	-595.789795	51.554428
-5388.466667	-596.478088	52.110413
-5388.400000	-596.400269	52.119629
-5388.333333	-597.334045	52.301998
-5388.266667	-596.988464	52.968040
-5388.200000	-597.506104	51.862942
-5388.133333	-597.481628	52.032688
-5388.066667	-597.877441	51.474300
-5388.000000	-596.838257	52.619297
-5387.933333	-597.470764	51.478775
-5387.866667	-597.450989	52.362297
-5387.800000	-597.286499	52.168373
-5387.733333	-597.877625	52.414959
-5387.666667	-597.377747	52.304993
-5387.600000	-597.058044	52.836143
-5387.533333	-596.904907	52.830074
-5387.466667	-597.495117	52.058300
-5387.400000	-597.207031	52.301842
-5387.333333	-597.577087	52.453510
-5387.266667	-597.807068	52.492649
-5387.200000	-597.556091	52.702671
-5387.133333	-598.460815	52.828926
-5387.066667	-597.491333	52.339634
-5387.000000	-598.242126	52.348927
-5386.933333	-598.390259	52.348991
-5386.866667	-598.268372	52.164753
-5386.800000	-599.269531	52.222534
-5386.733333	-598.595947	52.433552
-5386.666667	-598.133179	52.213886
-5386.600000	-599.032776	52.623409
-5386.533333	-598.518860	52.315720
-5386.466667	-599.050903	53.437828
-5386.400000	-599.881470	52.832478
-5386.333333	-598.850464	53.020443
-5386.266667	-598.932922	52.651882
-5386.200000	-599.325867	53.045357
-5386.133333	-599.752808	53.425682
-5386.066667	-599.646301	53.167686
-5386.000000	-598.246094	52.869507
-5385.933333	-599.276062	53.166172
-5385.866667	-598.844666	53.453037
-5385.800000	-599.389832	53.197155
-5385.733333	-598.531311	53.033966
-5385.666667	-599.316650	54.082081
-5385.600000	-599.362244	53.570744
-5385.533333	-599.110107	53.953022
-5385.466667	-599.329041	54.174351
-5385.400000	-599.236572	53.985565
-5385.333333	-599.969666	53.958969
-5385.266667	-598.954285	54.116577
-5385.200000	-598.626404	53.403645
-5385.133333	-599.551514	54.330063
-5385.066667	-599.370667	53.735130
-5385.000000	-599.883911	54.221046
-5384.933333	-598.908630	54.570900
-5384.866667	-600.292603	54.332474
-5384.800000	-599.499390	54.537563
-5384.733333	-599.066467	54.161716
-5384.666667	-599.352905	54.748905
-5384.600000	-600.120300	55.026432
-5384.533333	-599.744690	54.331417
-5384.466667	-600.155945	54.007484
-5384.400000	-600.237732	54.290009
-5384.333333	-600.024780	54.427525
-5384.266667	-601.180359	54.253635
-5384.200000	-601.149231	54.400227
-5384.133333	-600.293213	54.280361
-5384.066667	-601.577576	54.431438
-5384.000000	-600.648254	54.274662
-5383.933333	-600.804443	54.135750
-5383.866667	-601.192871	53.886215
-5383.800000	-600.294617	54.522038
-5383.733333	-602.035522	54.097771
-5383.666667	-602.213379	54.417759
-5383.600000	-602.321411	54.309551
-5383.533333	-601.754822	54.810047
-5383.466667	-602.348083	54.275208
-5383.400000	-601.845642	54.688133
-5383.333333	-602.987061	54.763912
-5383.266667	-602.894287	54.250496
-5383.200000	-603.050842	54.052700
-5383.133333	-602.600708	54.084873
-5383.066667	-603.858276	53.412067
-5383.000000	-604.037659	53.646194
-5382.933333	-603.908325	53.866669
-5382.866667	-605.477783	53.086155
-5382.800000	-604.390015	52.884834
-5382.733333	-605.308044	53.053185
-5382.666667	-606.084778	53.209328
-5382.600000	-606.538635	52.581650
-5382.533333	-607.156738	52.121468
-5382.466667	-608.202148	52.761070
-5382.400000	-608.351318	52.003250
-5382.333333	-608.407654	51.472645
-5382.266667	-608.232971	51.755627
-5382.200000	-607.638184	52.204166
-5382.133333	-608.941467	51.983662
-5382.066667	-609.286438	51.305191
-5382.000000	-609.555908	52.292622
-5381.933333	-609.670532	52.157017
-5381.866667	-610.246094	51.902809
-5381.800000	-608.500977	53.282757
-5381.733333	-608.553040	53.312885
-5381.666667	-608.421204	52.988728
-5381.600000	-606.917114	53.849483
-5381.533333	-605.193970	54.476330
-5381.466667	-604.445496	54.296741
-5381.400000	-603.525513	55.992268
-5381.333333	-603.199097	55.735992
-5381.266667	-603.114319	55.768799
-5381.200000	-603.343384	55.345341
-5381.133333	-602.737122	56.448212
-5381.066667	-602.384338	56.491177
-5381.000000	-603.684875	56.372738
-5380.933333	-603.133301	56.021255
-5380.866667	-603.749756	56.376560
-5380.800000	-604.220154	56.126003
-5380.733333	-603.504822	56.210552
-5380.666667	-603.536499	56.209435
-5380.600000	-603.878235	55.666935
-5380.533333	-603.262756	55.990852
-5380.466667	-604.407532	55.869968
-5380.400000	-604.821289	54.721081
-5380.333333	-603.785278	55.389915
-5380.266667	-604.811096	55.649902
-5380.200000	-605.541138	55.501019
-5380.133333	-605.655945	55.720390
-5380.066667	-606.090210	55.773335
-5380.000000	-606.362549	55.469872
-5379.933333	-606.894775	55.469349
-5379.866667	-606.525879	55.318947
-5379.800000	-607.271484	55.088348
-5379.733333	-607.321167	54.785305
-5379.666667	-607.946716	55.667034
-5379.600000	-607.060913	55.069469
-5379.533333	-607.601440	55.580452
-5379.466667	-607.776184	54.687649
-5379.400000	-607.984375	55.189365
-5379.333333	-607.883789	55.408188
-5379.266667	-607.944702	55.776348
-5379.200000	-607.158813	55.084061
-5379.133333	-607.156738	55.216980
-5379.066667	-608.602417	55.383514
-5379.000000	-607.474487	55.258381
-5378.933333	-607.848206	55.574287
-5378.866667	-607.687439	55.365883
-5378.800000	-608.125244	55.646595
-5378.733333	-608.465454	54.938286
-5378.666667	-607.937378	55.759190
-5378.600000	-607.723999	55.496487
-5378.533333	-608.618164	55.201302
-5378.466667	-608.601379	54.925510
-5378.400000	-608.745850	55.672047
-5378.333333	-609.164856	55.625069
-5378.266667	-608.589417	55.743103
-5378.200000	-608.346252	55.652462
-5378.133333	-608.366211	55.519573
-5378.066667	-608.137878	55.606144
-5378.000000	-608.697876	55.731449
-5377.933333	-609.294128	56.086311
-5377.866667	-608.439148	56.484642
-5377.800000	-608.395996	55.666885
-5377.733333	-608.347839	55.727753
-5377.666667	-608.908386	56.132168
-5377.600000	-609.242676	56.156574
-5377.533333	-608.485046	56.389240
-5377.466667	-609.037048	56.538101
-5377.400000	-608.667786	56.650379
-5377.333333	-609.424133	55.916946
-5377.266667	-609.349304	56.589146
-5377.200000	-608.664856	55.987431
-5377.133333	-608.863770	55.780365
-5377.066667	-608.452759	56.562481
-5377.000000	-609.018799	56.563015
-5376.933333	-609.247864	55.631420
-5376.866667	-608.457092	56.339905
-5376.800000	-609.201538	56.617027
-5376.733333	-608.154053	56.341896
-5376.666667	-609.112366	56.625744
-5376.600000	-609.660950	56.564091
-5376.533333	-609.482727	56.108536
-5376.466667	-609.085693	56.576427
-5376.400000	-609.739502	56.747894
-5376.333333	-609.545532	56.042534
-5376.266667	-609.610779	56.242519
-5376.200000	-610.342529	56.398819
-5376.133333	-609.966980	56.764889
-5376.066667	-608.756470	55.777958
-5376.000000	-610.004333	55.924885
-5375.933333	-610.065125	55.794300
-5375.866667	-609.701904	55.975452
-5375.800000	-609.717224	56.388096
-5375.733333	-609.220825	56.347363
-5375.666667	-609.909363	57.086800
-5375.600000	-609.261780	56.740540
-5375.533333	-608.706909	56.287975
-5375.466667	-609.343567	55.895615
-5375.400000	-609.808777	56.597244
-5375.333333	-610.470093	56.560791
-5375.266667	-609.871704	56.761467
-5375.200000	-609.509399	56.857819
-5375.133333	-610.501282	56.426636
-5375.066667	-610.071289	56.746162
-5375.000000	-609.547607	56.005394
-5374.933333	-609.974548	56.909302
-5374.866667	-610.257996	56.830120
-5374.800000	-610.257019	56.528305
-5374.733333	-609.173584	57.032631
-5374.666667	-610.415222	56.365940
-5374.600000	-610.220703	57.259296
-5374.533333	-610.321899	56.765091
-5374.466667	-609.723999	57.488346
-5374.400000	-610.849060	56.056751
-5374.333333	-610.444763	56.575047
-5374.266667	-610.211670	55.728828
-5374.200000	-609.523071	57.017841
-5374.133333	-610.962646	56.769794
-5374.066667	-610.242188	56.590698
-5374.000000	-610.463684	57.126110
-5373.933333	-610.194946	56.433624
-5373.866667	-610.356018	55.852444
-5373.800000	-610.582703	56.341343
-5373.733333	-610.697998	56.711605
-5373.666667	-610.219788	56.466347
-5373.600000	-610.453003	56.341217
-5373.533333	-611.289978	56.881145
-5373.466667	-618.720642	7.629946
-5373.400000	-618.768677	7.903987
-5373.333333	-618.985474	7.732058
-5373.266667	-618.460205	7.988518
-5373.200000	-618.967773	7.333964
-5373.133333	-618.307556	8.778161
-5373.066667	-618.870178	8.091843
-5373.000000	-619.311768	7.151849
-5372.933333	-618.917114	7.871537
-5372.866667	-619.297058	7.920295
-5372.800000	-619.499817	7.456856
-5372.733333	-619.021362	7.269845
-5372.666667	-618.827759	7.816253
-5372.600000	-619.686707	7.332056
-5372.533333	-619.224304	7.511320
-5372.466667	-619.689392	7.753355
-5372.400000	-619.484497	7.707454
-5372.333333	-619.624878	7.477286
-5372.266667	-620.603943	7.393292
-5372.200000	-620.668518	7.560238
-5372.133333	-620.296875	7.705077
-5372.066667	-619.829590	7.244426
-5372.000000	-620.326294	7.162548
-5371.933333	-620.324097	6.591489
-5371.866667	-620.291443	7.805317
-5371.800000	-620.986572	7.660800
-5371.733333	-620.571777	7.245993
-5371.666667	-620.391479	6.645216
-5371.600000	-620.425232	6.992388
-5371.533333	-620.899475	6.829956
-5371.466667	-620.877930	7.268888
-5371.400000	-620.654419	7.555074
-5371.333333	-620.812561	7.560786
-5371.266667	-621.246582	6.803417
-5371.200000	-621.354065	7.140498
-5371.133333	-621.141724	7.981677
-5371.066667	-621.295471	7.025689
-5371.000000	-621.670898	6.903785
-5370.933333	-621.295959	7.225313
-5370.866667	-621.677429	6.206454
-5370.800000	-621.810791	6.200415
-5370.733333	-622.219971	7.062395
-5370.666667	-621.426086	7.433225
-5370.600000	-621.154663	7.082207
-5370.533333	-620.806885	6.267286
-5370.466667	-620.806885	6.267286
-5370.400000	-621.208984	7.254937
-5370.333333	-620.822693	7.023016
-5370.266667	-621.798828	6.847963
-5370.200000	-622.534241	7.045343
-5370.133333	-622.685486	7.392287
-5370.066667	-622.685486	7.392287
-5370.000000	-623.724670	7.119822
-5369.933333	-625.165833	6.589075
-5369.866667	-626.129333	5.947789
-5369.800000	-629.239258	5.131614
-5369.733333	-629.823242	3.696148
-5369.666667	-629.823242	3.696148
-5369.600000	-630.776917	2.827152
-5369.533333	-631.256775	1.712544
-5369.466667	-631.406372	0.313284
-5369.400000	-630.568420	-1.167817
-5369.333333	-630.403198	-1.344035
-5369.266667	-629.186890	-1.235596
-5369.200000	-629.186890	-1.235596
-5369.133333	-628.533569	-1.353912
-5369.066667	-628.891113	-1.093797
-5369.000000	-628.835693	-0.315523
-5368.933333	-628.849365	0.615972
-5368.866667	-629.461365	0.622948
-5368.800000	-629.461365	0.622948
-5368.733333	-629.113892	1.016412
-5368.666667	-629.112305	1.078313
-5368.600000	-628.916992	0.115370
-5368.533333	-628.689148	-0.426266
-5368.466667	-628.337219	-0.358842
-5368.400000	-628.337219	-0.358842
-5368.333333	-627.882690	-1.095550
-5368.266667	-628.511902	-1.737421
-5368.200000	-628.698059	-2.465551
-5368.133333	-628.752808	-3.327819
-5368.066667	-628.460876	-3.425125
-5368.000000	-628.460876	-3.425125
-5367.933333	-628.481445	-3.636929
-5367.866667	-628.234436	-4.329849
-5367.800000	-628.981323	-4.802426
-5367.733333	-629.142700	-5.336093
-5367.666667	-629.368164	-4.931151
-5367.600000	-629.117615	-5.229306
-5367.533333	-629.117615	-5.229306
-5367.466667	-628.987000	-5.675803
-5367.400000	-628.983765	-7.278440
-5367.333333	-629.015625	-7.315210
-5367.266667	-629.135742	-7.830176
-5367.200000	-628.980103	-7.049117
-5367.133333	-628.980103	-7.049117
-5367.066667	-628.536011	-7.131459
-5367.000000	-627.674072	-7.750698
-5366.933333	-626.487610	-7.797914
-5366.866667	-626.065430	-8.475002
-5366.800000	-625.017700	-7.669761
-5366.733333	-625.017700	-7.669761
-5366.666667	-624.371094	-8.339116
-5366.600000	-623.286865	-8.731150
-5366.533333	-622.224426	-8.699103
-5366.466667	-622.467041	-8.860005
-5366.400000	-621.635254	-7.745754
-5366.333333	-620.846191	-6.889854
-5366.266667	-620.846191	-6.889854
-5366.200000	-619.711853	-5.011172
-5366.133333	-619.687744	-4.006817
-5366.066667	-618.872803	-3.519235
-5366.000000	-617.905029	-3.144970
-5365.933333	-617.393616	-1.211575
-5365.866667	-617.393616	-1.211575
-5365.800000	-616.095215	0.265409
-5365.733333	-615.520264	1.012441
-5365.666667	-614.627319	2.191986
-5365.600000	-614.057983	3.224774
-5365.533333	-612.357422	4.015473
-5365.466667	-612.357422	4.015473
-5365.400000	-610.593933	5.164531
-5365.333333	-609.331543	6.240981
-5365.266667	-608.142578	6.991843
-5365.200000	-607.573181	7.704393
-5365.133333	-607.031921	7.784535
-5365.066667	-607.031921	7.784535
-5365.000000	-606.056335	8.943974
-5364.933333	-605.097046	9.958966
-5364.866667	-605.194214	10.051751
-5364.800000	-603.876282	10.106546
-5364.733333	-603.386597	10.855006
-5364.666667	-602.811523	10.735735
-5364.600000	-602.790955	11.085002
-5364.533333	-602.013306	11.092173
-5364.466667	-602.146545	10.946178
-5364.400000	-602.304260	10.842607
-5364.333333	-601.851685	10.794039
-5364.266667	-601.086609	10.504015
-5364.200000	-601.830994	10.326244
-5364.133333	-600.761658	10.676649
-5364.066667	-600.479736	10.242311
-5364.000000	-599.941589	10.623788
-5363.933333	-599.281006	10.973302
-5363.866667	-599.840271	10.507843
-5363.800000	-599.698486	11.533354
-5363.733333	-599.687195	11.550218
-5363.666667	-599.530945	11.536177
-5363.600000	-599.688477	11.829166
-5363.533333	-599.999390	12.265551
-5363.466667	-600.260864	12.221842
-5363.400000	-601.177734	12.094035
-5363.333333	-602.247070	12.082928
-5363.266667	-602.412109	11.986964
-5363.200000	-603.486267	11.872204
-5363.133333	-604.289429	12.147462
-5363.066667	-604.710815	12.515330
-5363.000000	-605.277161	12.477742
-5362.933333	-606.245300	11.611110
-5362.866667	-607.139038	11.869732
-5362.800000	-607.861938	12.847029
-5362.733333	-608.437378	12.718912
-5362.666667	-608.939087	12.818039
-5362.600000	-609.494446	12.832679
-5362.533333	-609.813538	14.249887
-5362.466667	-610.320862	14.781963
-5362.400000	-611.643860	14.310993
-5362.333333	-612.480774	14.939966
-5362.266667	-613.849365	14.782758
-5362.200000	-613.551636	15.914216
-5362.133333	-614.533752	16.111765
-5362.066667	-615.067932	17.567528
-5362.000000	-615.570801	15.856441
-5361.933333	-615.701050	16.516285
-5361.866667	-615.993958	17.141615
-5361.800000	-616.302368	16.905716
-5361.733333	-616.307861	17.803497
-5361.666667	-615.945251	16.273205
-5361.600000	-616.237854	17.599211
-5361.533333	-617.018616	17.062748
-5361.466667	-617.034973	16.434416
-5361.400000	-616.467773	17.553940
-5361.333333	-617.244629	18.031498
-5361.266667	-616.663696	18.195353
-5361.200000	-617.631470	18.223829
-5361.133333	-617.927124	18.895172
-5361.066667	-618.816406	18.719088
-5361.000000	-619.626343	19.818024
-5360.933333	-619.824036	20.220596
-5360.866667	-620.905396	20.831234
-5360.800000	-621.720764	21.958248
-5360.733333	-621.697510	21.601561
-5360.666667	-621.448547	23.451977
-5360.600000	-621.703430	22.627493
-5360.533333	-621.625854	22.393801
-5360.466667	-621.517090	22.481409
-5360.400000	-622.133667	22.275883
-5360.333333	-622.188477	22.951700
-5360.266667	-622.221863	22.713705
-5360.200000	-622.459290	22.682417
-5360.133333	-621.524048	22.739132
-5360.066667	-622.136719	22.250254
-5360.000000	-621.864746	21.702621
-5359.933333	-621.847717	21.351328
-5359.866667	-622.277039	21.813274
-5359.800000	-622.302185	22.346199
-5359.733333	-622.388611	22.069120
-5359.666667	-623.005615	22.312838
-5359.600000	-622.755615	23.253256
-5359.533333	-623.150391	22.605095
-5359.466667	-623.319092	21.825623
-5359.400000	-622.970642	22.143389
-5359.333333	-624.044006	21.046190
-5359.266667	-623.375977	20.927017
-5359.200000	-623.778137	20.972691
-5359.133333	-623.519531	21.172312
-5359.066667	-623.427063	22.052105
-5359.000000	-622.779297	19.737963
-5358.933333	-622.062317	20.143017
-5358.866667	-620.785828	20.141060
-5358.800000	-619.315063	19.331371
-5358.733333	-616.377869	20.193468
-5358.666667	-612.729675	20.837988
-5358.600000	-610.332031	21.162313
-5358.533333	-607.758362	22.797401
-5358.466667	-604.397339	24.334229
-5358.400000	-602.523560	26.578947
-5358.333333	-600.973572	26.783054
-5358.266667	-599.489014	29.343582
-5358.200000	-598.616028	30.188454
-5358.133333	-597.663757	31.062218
-5358.066667	-597.930359	30.348680
-5358.000000	-596.134949	30.892607
-5357.933333	-596.025024	31.310242
-5357.866667	-595.837097	32.300209
-5357.800000	-595.973511	32.609158
-5357.733333	-595.874268	33.627724
-5357.666667	-596.187012	34.513077
-5357.600000	-597.127808	34.349957
-5357.533333	-597.598022	35.840195
-5357.466667	-598.535828	36.252998
-5357.400000	-599.424988	36.849609
-5357.333333	-600.034485	37.741825
-5357.266667	-599.637146	39.405674
-5357.200000	-600.136292	40.015820
-5357.133333	-600.344177	41.302078
-5357.066667	-600.828430	42.246933
-5357.000000	-601.128601	43.275600
-5356.933333	-602.422058	43.522797
-5356.866667	-603.588623	45.819778
-5356.800000	-604.296448	46.625881
-5356.733333	-605.537720	46.916138
-5356.666667	-605.862671	49.421032
-5356.600000	-606.989014	50.394535
-5356.533333	-607.380981	51.919186
-5356.466667	-608.282837	53.467529
-5356.400000	-608.243591	55.456615
-5356.333333	-608.519714	55.641594
-5356.266667	-609.147949	56.939808
-5356.200000	-609.247070	59.199062
-5356.133333	-610.685242	59.419060
-5356.066667	-610.558777	61.261662
-5356.000000	-610.885193	62.345440
-5355.933333	-611.207520	64.206383
-5355.866667	-611.416321	65.494011
-5355.800000	-611.681091	66.477867
-5355.733333	-611.973511	67.286491
-5355.666667	-612.372437	68.782494
-5355.600000	-612.549744	69.942329
-5355.333333	-611.778198	71.914139
-5355.266667	-612.563232	72.235855
-5355.200000	-612.120911	73.276833
-5355.133333	-611.139771	72.346909
-5355.066667	-610.957947	71.445549
-5355.000000	-609.670593	70.517059
-5354.933333	-609.312744	70.545807
-5354.866667	-609.122742	70.415588
-5354.800000	-608.368530	71.328072
-5354.733333	-608.764343	72.010040
-5354.666667	-609.674316	73.510178
-5354.600000	-609.320679	73.967850
-5354.533333	-608.921082	76.248047
-5354.466667	-609.250366	76.003700
-5354.400000	-608.845947	76.616661
-5354.333333	-608.849243	76.771454
-5354.266667	-608.073181	77.741051
-5354.200000	-607.691772	78.488480
-5354.133333	-606.954163	78.246346
-5354.066667	-607.171631	80.057144
-5354.000000	-607.162720	80.089836
-5353.933333	-606.074219	79.471825
-5353.866667	-606.502380	79.793808
-5353.800000	-605.724854	80.293625
-5353.733333	-605.382080	81.599411
-5353.666667	-604.721130	82.638252
-5353.600000	-603.901306	81.372017
-5353.533333	-604.105652	81.592285
-5353.466667	-603.940369	83.203201
-5353.400000	-603.061890	83.421761
-5353.333333	-603.005493	82.643677
-5353.266667	-603.419128	83.101135
-5353.200000	-603.898254	83.911476
-5353.133333	-603.744690	84.667435
-5353.066667	-604.240234	85.437302
-5353.000000	-603.539856	86.097023
-5352.933333	-604.363464	86.482445
-5352.866667	-604.459961	86.317528
-5352.800000	-603.395569	88.818687
-5352.733333	-604.622192	87.519028
-5352.666667	-605.074951	89.229256
-5352.600000	-605.338989	90.736084
-5352.533333	-605.628845	91.287575
-5352.466667	-606.720215	91.837280
-5352.400000	-606.350342	92.429398
-5352.333333	-607.122620	92.886528
-5352.266667	-606.693970	93.457420
-5352.200000	-607.030884	95.126175
-5352.133333	-605.683594	97.586411
-5352.066667	-605.471558	98.498199
-5352.000000	-606.320984	99.045868
-5351.933333	-604.947571	98.902885
-5351.866667	-604.275574	99.324371
-5351.800000	-605.308228	98.419067
-5351.733333	-604.852722	99.563583
-5351.666667	-604.483337	101.685493
-5351.600000	-603.226257	102.469986
-5351.533333	-603.277649	103.060867
-5351.466667	-603.663696	103.664284
-5351.400000	-602.512878	105.766556
-5351.333333	-601.887878	105.683632
-5351.266667	-601.650269	106.268433
-5351.200000	-601.437866	105.820015
-5351.133333	-600.281189	106.223206
-5351.066667	-599.908447	106.595581
-5351.000000	-598.579529	107.161148
-5350.933333	-600.119568	105.412903
-5350.866667	-599.114502	105.405083
-5350.800000	-599.135498	105.684563
-5350.733333	-599.179932	105.582108
-5350.666667	-598.592896	106.473022
-5350.600000	-598.404358	105.183342
-5350.533333	-597.130859	105.299118
-5350.466667	-597.345459	103.921913
-5350.400000	-596.096863	102.922256
-5350.333333	-595.299377	102.099945
-5350.266667	-595.421387	100.314781
-5350.200000	-594.701721	100.789391
-5350.133333	-596.528992	101.622360
-5350.066667	-597.760986	104.323242
-5350.000000	-599.381775	106.315872
-5349.933333	-600.178955	110.074181
-5349.866667	-601.086914	112.989761
-5349.800000	-601.426331	113.339294
-5349.733333	-602.250671	115.035347
-5349.666667	-602.309204	115.607643
-5349.600000	-601.716431	116.944481
-5349.533333	-603.186157	118.417511
-5349.466667	-603.185120	119.028442
-5349.400000	-602.857727	119.331566
-5349.333333	-602.791870	119.221085
-5349.266667	-602.497253	120.072449
-5349.200000	-602.884399	120.752510
-5349.133333	-602.621887	122.784172
-5349.066667	-602.141602	123.330475
-5349.000000	-602.425903	122.676575
-5348.933333	-602.483459	123.619286
-5348.866667	-601.941833	123.509399
-5348.800000	-601.353333	122.862244
-5348.733333	-601.194885	122.889099
-5348.666667	-600.930969	123.319153
-5348.600000	-601.382874	123.666206
-5348.533333	-601.452881	122.305138
-5348.466667	-601.116333	124.746498
-5348.400000	-601.443115	122.793915
-5348.333333	-601.644897	124.346870
-5348.266667	-601.996277	124.840569
-5348.200000	-602.457581	124.408478
-5348.133333	-602.795227	125.222656
-5348.066667	-603.206360	125.467117
-5348.000000	-602.424561	126.079056
-5347.933333	-602.185913	126.163086
-5347.866667	-602.185913	126.163086
-5347.800000	-600.746887	124.768761
-5347.733333	-601.453247	124.458679
-5347.666667	-600.016357	124.705437
-5347.600000	-599.470398	124.953743
-5347.533333	-597.994812	124.314514
-5347.466667	-597.994812	124.314514
-5347.400000	-596.340149	124.115974
-5347.333333	-595.918152	124.030350
-5347.266667	-595.622314	123.894997
-5347.200000	-593.281799	122.398178
-5347.133333	-592.884705	122.697876
-5347.066667	-591.877319	120.406174
-5347.000000	-591.877319	120.406174
-5346.933333	-590.944580	121.025177
-5346.866667	-589.653320	120.487953
-5346.800000	-586.762390	117.816849
-5346.733333	-584.773010	115.089775
-5346.666667	-583.067139	114.350655
-5346.600000	-583.067139	114.350655
-5346.533333	-581.474426	112.819328
-5346.466667	-580.560669	110.651825
-5346.400000	-576.893311	107.213791
-5346.333333	-577.171753	103.854988
-5346.266667	-574.113953	101.162590
-5346.200000	-573.670288	101.084412
-5346.133333	-572.336121	98.554352
-5346.066667	-571.583862	96.626907
-5346.000000	-569.205322	94.377853
-5345.933333	-568.165588	92.714813
-5345.866667	-567.412292	91.192932
-5345.800000	-567.412292	91.192932
-5345.733333	-566.888550	91.076721
-5345.666667	-566.130493	90.784927
-5345.600000	-565.223206	89.344788
-5345.533333	-566.271057	88.804260
-5345.466667	-566.138611	89.155319
-5345.400000	-565.919128	89.268791
-5345.333333	-565.919128	89.268791
-5345.266667	-566.417908	89.996819
-5345.200000	-565.148010	89.837730
-5345.133333	-564.990173	89.472816
-5345.066667	-564.185852	89.278465
-5345.000000	-563.513672	89.119209
-5344.933333	-563.513672	89.119209
-5344.866667	-563.703064	89.184532
-5344.800000	-561.214050	87.325455
-5344.733333	-560.805054	87.391579
-5344.666667	-559.511108	86.022926
-5344.600000	-558.714966	86.500137
-5344.533333	-558.714966	86.500137
-5344.466667	-558.817261	85.283836
-5344.400000	-557.863098	83.842331
-5344.333333	-556.797607	83.995651
-5344.266667	-556.596069	83.633179
-5344.200000	-555.781921	83.530182
-5344.133333	-556.083862	83.411064
-5344.066667	-556.083862	83.411064
-5344.000000	-555.738098	83.187965
-5343.933333	-555.685791	83.138924
-5343.866667	-555.663147	83.393829
-5343.800000	-555.415405	82.978409
-5343.733333	-554.985107	83.630753
-5343.666667	-554.985107	83.630753
-5343.600000	-554.609497	83.129097
-5343.533333	-553.581787	83.522331
-5343.466667	-554.701721	83.795135
-5343.400000	-554.418945	83.838547
-5343.333333	-553.777405	84.286461
-5343.266667	-553.777405	84.286461
-5343.200000	-552.325134	83.606720
-5343.133333	-552.959167	84.453278
-5343.066667	-552.711731	84.649590
-5343.000000	-551.912720	84.138336
-5342.933333	-552.512451	84.463272
-5342.866667	-551.711426	84.850647
-5342.800000	-552.219727	85.350563
-5342.733333	-551.261292	84.768005
-5342.666667	-551.014038	84.546692
-5342.600000	-550.158936	84.914581
-5342.533333	-550.515625	84.920525
-5342.466667	-549.848694	85.554031
-5342.400000	-548.956787	85.438011
-5342.333333	-548.984680	84.756386
-5342.266667	-548.459351	84.903358
-5342.200000	-548.206604	85.427299
-5342.133333	-548.005615	85.121277
-5342.066667	-548.008423	84.541992
-5342.000000	-547.893616	85.800865
-5341.933333	-547.221069	84.971970
-5341.866667	-546.851501	85.112793
-5341.800000	-547.247559	84.661453
-5341.733333	-546.137146	85.100868
-5341.666667	-546.168030	85.269676
-5341.600000	-546.178711	84.780182
-5341.533333	-545.584778	85.891701
-5341.466667	-545.342407	85.289925
-5341.400000	-545.134521	86.498962
-5341.333333	-544.397644	86.134064
-5341.266667	-544.080994	85.410126
-5341.200000	-543.731201	85.870369
-5341.133333	-543.632568	86.124626
-5341.066667	-543.565430	85.934464
-5341.000000	-543.318909	85.637505
-5340.933333	-543.137268	86.651810
-5340.866667	-543.423096	86.608688
-5340.800000	-542.901001	86.567772
-5340.733333	-542.141418	87.307854
-5340.666667	-542.605896	86.911919
-5340.600000	-541.877014	87.297058
-5340.533333	-541.603394	87.212021
-5340.466667	-540.775696	87.386810
-5340.400000	-540.839661	87.467598
-5340.333333	-540.567200	86.759674
-5340.266667	-540.529175	86.746231
-5340.200000	-539.590515	87.403809
-5340.133333	-539.965515	87.473526
-5340.066667	-539.909668	87.397530
-5340.000000	-540.759216	87.810249
-5339.933333	-540.232605	88.070091
-5339.866667	-540.801086	88.945953
-5339.800000	-540.989929	89.982262
-5339.733333	-541.507690	90.131287
-5339.666667	-542.003113	90.566681
-5339.600000	-541.764954	90.979561
-5339.533333	-542.916565	91.459229
-5339.466667	-542.543762	91.716682
-5339.400000	-542.110657	93.000771
-5339.333333	-542.362732	93.212601
-5339.266667	-542.343994	94.014236
-5339.200000	-542.146912	94.281609
-5339.133333	-542.455200	94.570442
-5339.066667	-542.483032	93.946281
-5339.000000	-541.574463	95.343964
-5338.933333	-542.253357	94.698433
-5338.866667	-541.664734	94.744934
-5338.800000	-542.347595	94.946976
-5338.733333	-541.635010	95.295456
-5338.666667	-540.760864	95.516594
-5338.600000	-540.624084	95.450546
-5338.533333	-540.493530	95.244644
-5338.466667	-539.939148	95.542877
-5338.400000	-539.794373	95.331436
-5338.333333	-539.226196	95.523712
-5338.266667	-539.121887	95.543213
-5338.200000	-537.484985	95.588074
-5338.133333	-538.166809	94.996002
-5338.066667	-537.771057	95.486824
-5338.000000	-537.690369	96.253044
-5337.933333	-536.530945	95.554634
-5337.866667	-537.028564	95.179970
-5337.800000	-535.458374	94.354210
-5337.733333	-534.775330	93.446602
-5337.666667	-533.922363	93.813408
-5337.600000	-533.281982	93.339417
-5337.533333	-532.769836	92.778748
-5337.466667	-532.649780	92.736046
-5337.400000	-533.443481	91.256317
-5337.333333	-532.404297	92.123787
-5337.266667	-532.228577	92.571121
-5337.200000	-531.674133	93.059151
-5337.133333	-531.817566	92.683128
-5337.066667	-532.367126	92.512497
-5337.000000	-531.497131	92.800934
-5336.933333	-531.087524	93.069542
-5336.866667	-531.056152	92.684044
-5336.800000	-531.857788	93.099976
-5336.733333	-531.415771	93.050240
-5336.666667	-531.447083	93.149742
-5336.600000	-530.836914	93.764839
-5336.533333	-531.334656	93.069740
-5336.466667	-531.262329	93.996925
-5336.400000	-530.954163	93.860413
-5336.333333	-530.882446	94.208199
-5336.266667	-529.994141	93.868629
-5336.200000	-530.795959	94.594360
-5336.133333	-530.564514	94.621620
-5336.066667	-531.182190	95.273232
-5336.000000	-531.118713	94.889732
-5335.933333	-531.264160	94.198723
-5335.866667	-531.720764	94.372704
-5335.800000	-532.520203	93.771240
-5335.733333	-532.937500	94.846886
-5335.666667	-534.156799	94.720261
-5335.600000	-534.787903	95.162903
-5335.533333	-535.276917	95.702728
-5335.466667	-536.346619	95.608810
-5335.400000	-536.509338	96.218781
-5335.333333	-536.551758	95.304901
-5335.266667	-535.756104	96.114159
-5335.200000	-535.254700	95.766945
-5335.133333	-535.846924	95.165970
-5335.066667	-535.422668	94.463448
-5335.000000	-534.993652	92.995056
-5334.933333	-535.819214	93.316925
-5334.866667	-535.451294	91.901962
-5334.800000	-535.801697	91.443726
-5334.733333	-536.289246	91.364120
-5334.600000	-539.204834	89.340576
-5334.533333	-540.648499	88.347069
-5334.466667	-542.949829	87.201942
-5334.400000	-545.170898	85.042961
-5334.333333	-548.301758	83.560867
-5334.266667	-551.669250	82.081467
-5334.200000	-558.259216	79.619217
-5334.066667	-572.757019	76.803680
-5334.000000	-587.665100	78.150223
-5333.933333	-601.100525	75.732201
-5333.800000	-622.905273	76.513435
-5333.733333	-629.841553	57.467289
-5333.666667	-621.193970	14.891653
-5333.600000	-655.500000	-20.203201
-5333.533333	-645.770996	-104.134804
-5333.466667	-325.155609	-136.399200
-5333.400000	-493.626007	-136.399200
-5333.333333	-493.626007	-136.399200
-5333.200000	18.160801	-136.399200
-5333.133333	18.160801	-136.399200
-5333.066667	-653.788818	-136.399200
-5333.000000	-654.368408	-136.399200
-5332.933333	-496.910400	-117.755402
-5332.866667	-599.113220	280.526398
-5332.800000	-128.091599	-136.399200
-5332.733333	-347.450897	-136.399200
-5332.666667	-515.908386	-116.821602
-5332.600000	-566.269226	-136.399200
-5332.533333	-490.058258	-35.935200
-5332.466667	-434.965668	-54.120152
-5332.400000	-338.631317	-18.933599
-5332.333333	-470.780121	-136.399200
-5332.266667	-539.138428	-129.002396
-5332.200000	-281.492401	-136.399200
-5332.133333	-625.300598	-60.594547
-5332.066667	-530.773132	-100.499130
-5332.000000	-594.338440	-136.288803
-5331.933333	-407.362213	-136.399200
-5331.866667	-517.776001	-63.240803
-5331.800000	-437.820923	-42.652615
-5331.733333	-433.189545	73.275490
-5331.666667	-168.470398	18.083521
-5331.600000	-240.195908	-7.824600
-5331.533333	-508.537537	-38.604874
-5331.466667	-423.311371	94.729012
-5331.400000	-426.499756	-43.663200
-5331.333333	-401.434479	-136.399200
-5331.266667	-573.589355	211.360809
-5331.200000	-412.984314	-75.270721
-5331.133333	-216.417603	79.329605
-5331.066667	-590.274292	10.287900
-5331.000000	-319.166412	-45.691799
-5330.933333	-399.221466	-99.410187
-5330.866667	-357.291199	2.576000
-5330.800000	-191.130005	59.422802
-5330.733333	-549.177429	71.226402
-5330.666667	-484.048798	-17.498400
-5330.600000	-633.144043	-136.399200
-5330.533333	-342.350403	72.063599
-5330.466667	-383.219635	58.049171
-5330.400000	-413.447998	-32.167801
-5330.333333	-212.244003	-136.399200
-5330.266667	-586.963074	101.558800
-5330.200000	-259.763855	-4.353440
-5330.133333	-336.961151	35.203075
-5330.066667	-308.572601	-103.394203
-5330.000000	-331.273621	-43.749069
-5329.933333	44.919003	57.525303
-5329.866667	-29.907360	113.485680
-5329.800000	-563.912170	-55.255199
-5329.733333	-211.446671	-90.074135
-5329.666667	-362.388000	-76.838402
-5329.600000	-310.021606	33.649002
-5329.533333	-350.207214	280.526398
-5329.466667	-163.557602	-17.277601
-5329.400000	-602.590820	72.063599
-5329.333333	-202.009918	-62.519520
-5329.266667	-523.919800	72.063599
-5329.200000	-455.510406	42.283199
-5329.133333	-284.738159	-53.864162
-5329.066667	-500.967621	-41.393101
-5329.000000	-363.892212	2.576000
-5328.933333	-203.478241	89.567520
-5328.866667	-258.777618	94.944000
-5328.800000	-216.190811	-84.476700
-5328.733333	-99.613922	-136.399200
-5328.666667	-375.426239	17.310720
-5328.600000	-110.046722	11.823840
-5328.533333	-292.856079	37.832073
-5328.466667	-631.957214	61.051201
-5328.400000	-569.811218	-43.749069
-5328.333333	-458.888641	-136.399200
-5328.266667	-199.884720	-12.132960
-5328.200000	-580.372803	-136.399200
-5328.133333	-467.833801	-136.399200
-5328.066667	-238.563370	-136.399200
-5328.000000	-264.056091	164.075104
-5327.933333	-358.816986	118.446465
-5327.866667	-62.055840	191.036163
-5327.800000	-479.174652	-136.399200
-5327.733333	-400.104340	-6.362720
-5327.666667	-299.228180	-104.637123
-5327.600000	-438.048798	-90.074135
-5327.533333	-347.057465	-63.720875
-5327.466667	-17.452400	-136.399200
-5327.400000	17.967600	-136.399200
-5327.333333	-328.268280	92.392532
-5327.266667	-61.051201	13.172728
-5327.200000	-517.196411	-32.167801
-5327.133333	-76.120804	113.505005
-5327.066667	-272.122192	-136.399200
-5327.000000	30.622200	72.063599
-5326.933333	-113.099281	138.215286
-5326.866667	-494.978424	-62.905922
-5326.800000	-414.134949	-98.274399
-5326.733333	-340.032013	-26.481281
-5326.666667	-581.403198	-90.031204
-5326.600000	-270.581696	82.953979
-5326.533333	-565.754028	-136.399200
-5326.466667	-409.804810	42.283199
-5326.400000	-447.789307	-84.283501
-5326.333333	-225.238998	64.303398
-5326.266667	-551.779236	72.063599
-5326.200000	-139.775116	130.603210
-5326.133333	-182.205170	-64.458549
-5326.066667	-423.880798	45.208801
-5326.000000	-240.534012	62.355301
-5325.933333	-593.510437	-136.399200
-5325.866667	-317.427612	-34.486202
-5325.800000	-96.599998	-22.153601
-5325.733333	-547.271240	-136.399200
-5325.666667	-293.857208	-136.399200
-5325.600000	-475.400818	-136.399200
-5325.533333	-475.400818	-136.399200
-5325.466667	-124.575363	68.624641
-5325.400000	-519.321594	39.799202
-5325.333333	-543.036926	18.788700
-5325.266667	-525.380310	125.281776
-5325.200000	-509.350922	104.068001
-5325.133333	-522.348145	93.912529
-5325.066667	-539.129395	93.251236
-5325.000000	-569.935608	111.370605
-5324.933333	-585.265381	113.153770
-5324.866667	-593.245544	88.554886
-5324.800000	-587.937256	57.042465
-5324.733333	-600.582031	24.471376
-5324.666667	-610.223511	20.174383
-5324.600000	-600.408447	8.403081
-5324.533333	-623.459167	-3.538119
-5324.466667	-618.281616	11.664266
-5324.400000	-612.151550	15.321780
-5324.333333	-611.100342	10.035641
-5324.266667	-608.404297	5.610668
-5324.200000	-602.641602	0.122584
-5324.133333	-593.729858	2.126167
-5324.066667	-581.801636	0.090720
-5324.000000	-568.075317	-0.409673
-5323.933333	-553.828674	-0.175543
-5323.866667	-542.976868	8.128518
-5323.800000	-524.381592	6.957399
-5323.733333	-507.900635	3.298350
-5323.666667	-494.151825	10.980116
-5323.600000	-479.423523	14.364511
-5323.533333	-467.916351	20.005070
-5323.466667	-458.818268	17.773737
-5323.400000	-454.243378	14.948009
-5323.333333	-447.911224	11.108219
-5323.266667	-436.860718	12.037269
-5323.200000	-431.996643	9.592638
-5323.133333	-423.789276	10.316517
-5323.066667	-421.686371	10.288407
-5323.000000	-418.173676	14.928299
-5322.933333	-416.403473	16.275869
-5322.866667	-412.521210	15.167419
-5322.800000	-409.965515	17.401335
-5322.733333	-403.088623	20.971453
-5322.666667	-397.143433	23.131884
-5322.600000	-385.573029	28.780645
-5322.533333	-377.356110	32.298332
-5322.466667	-365.113190	37.422771
-5322.400000	-353.846466	42.514191
-5322.333333	-344.012268	51.237206
-5322.266667	-335.066284	53.708908
-5322.200000	-325.636963	61.682892
-5322.133333	-310.893433	71.321869
-5322.066667	-304.031311	78.245193
-5322.000000	-300.133087	76.114143
-5321.933333	-296.305939	83.857407
-5321.866667	-293.311768	81.703804
-5321.800000	-292.428925	83.124329
-5321.733333	-296.832550	75.291466
-5321.666667	-300.788025	71.153061
-5321.600000	-304.860229	67.117447
-5321.533333	-308.059845	60.705296
-5321.466667	-311.514221	55.840561
-5321.400000	-310.624817	51.948425
-5321.333333	-310.680298	53.496563
-5321.266667	-310.788879	50.398090
-5321.200000	-309.393799	51.015587
-5321.133333	-308.149780	51.457691
-5321.066667	-308.275452	51.458801
-5321.000000	-307.430634	51.488846
-5320.933333	-306.946289	52.255016
-5320.866667	-305.644257	54.506363
-5320.800000	-306.302765	53.140278
-5320.733333	-306.062683	53.742374
-5320.666667	-306.045410	51.793419
-5320.600000	-306.186737	51.557365
-5320.533333	-306.903503	46.977432
-5320.466667	-308.714569	44.026852
-5320.400000	-308.088226	42.550018
-5320.333333	-307.764343	42.294750
-5320.266667	-305.150818	42.168690
-5320.200000	-304.136414	40.617420
-5320.133333	-302.792023	39.221645
-5320.066667	-301.237671	39.677578
-5320.000000	-300.764313	40.478153
-5319.933333	-300.770782	38.680035
-5319.866667	-301.943848	39.678898
-5319.800000	-302.017334	37.874359
-5319.733333	-301.788544	38.914333
-5319.666667	-302.297638	38.189022
-5319.600000	-302.572418	38.684048
-5319.533333	-303.425842	38.984859
-5319.466667	-303.371643	39.344143
-5319.400000	-303.765991	39.008900
-5319.333333	-304.050323	38.669937
-5319.266667	-303.573669	39.100739
-5319.200000	-303.832611	38.666000
-5319.133333	-304.055481	39.328354
-5319.066667	-303.803467	39.758110
-5319.000000	-303.463531	40.965710
-5318.933333	-303.997040	39.469624
-5318.866667	-302.699524	41.619049
-5318.800000	-301.194427	41.150074
-5318.733333	-298.471466	41.409424
-5318.666667	-295.222290	43.560562
-5318.600000	-292.674988	44.231777
-5318.533333	-290.407532	43.623775
-5318.466667	-289.157410	43.692707
-5318.400000	-287.159851	46.112228
-5318.333333	-286.049408	46.350887
-5318.266667	-285.781647	46.538452
-5318.200000	-285.639893	45.571453
-5318.133333	-288.000641	46.501675
-5318.066667	-288.007751	44.343395
-5318.000000	-288.463257	43.843376
-5317.933333	-288.104370	43.297455
-5317.866667	-287.367096	43.514217
-5317.800000	-286.458160	42.943920
-5317.733333	-286.183624	41.858440
-5317.666667	-285.852173	41.749889
-5317.600000	-284.949554	39.785549
-5317.533333	-284.069031	42.308102
-5317.466667	-283.447357	40.452766
-5317.400000	-281.954956	41.817776
-5317.333333	-280.520874	40.305656
-5317.266667	-279.114227	40.281742
-5317.200000	-278.013580	40.445358
-5317.133333	-277.379639	42.349083
-5317.066667	-275.606659	44.488407
-5317.000000	-274.341125	45.186298
-5316.933333	-273.545227	44.806721
-5316.866667	-273.911072	42.663486
-5316.800000	-273.032562	41.528286
-5316.733333	-271.735840	41.503662
-5316.666667	-271.011932	44.022247
-5316.600000	-270.018829	45.195866
-5316.533333	-269.111237	47.385326
-5316.466667	-268.034698	47.101509
-5316.400000	-265.532074	46.551899
-5316.333333	-263.291229	43.904484
-5316.266667	-261.548889	45.622307
-5316.200000	-259.717896	46.625748
-5316.133333	-257.958649	44.103508
-5316.066667	-256.026886	44.573795
-5316.000000	-255.803192	44.027157
-5315.933333	-256.657227	44.147015
-5315.866667	-257.046143	42.960682
-5315.800000	-258.741577	43.275208
-5315.733333	-259.757690	43.165554
-5315.666667	-258.862793	43.469738
-5315.600000	-258.888214	43.423416
-5315.533333	-258.249512	42.417915
-5315.466667	-256.796265	42.949493
-5315.400000	-256.088257	42.405586
-5315.333333	-256.137238	42.203667
-5315.266667	-254.420288	42.651043
-5315.200000	-253.072449	42.608467
-5315.133333	-250.297195	42.641434
-5315.066667	-249.028687	43.167202
-5315.000000	-247.485031	42.199757
-5314.933333	-247.078491	41.876419
-5314.866667	-247.222321	41.513027
-5314.800000	-247.329956	41.846951
-5314.733333	-247.857437	41.655193
-5314.666667	-248.518082	40.552807
-5314.600000	-248.640137	42.325405
-5314.533333	-249.605927	41.486824
-5314.466667	-250.880478	41.693733
-5314.400000	-252.159454	42.382351
-5314.333333	-252.159454	42.382351
-5314.266667	-252.414154	41.113956
-5314.200000	-254.152756	42.093437
-5314.133333	-253.902069	41.799740
-5314.066667	-255.266434	41.849358
-5314.000000	-256.263214	41.083088
-5313.933333	-256.263214	41.083088
-5313.866667	-256.040192	42.098240
-5313.800000	-256.359161	42.024975
-5313.733333	-256.555450	41.767925
-5313.666667	-255.486435	40.444744
-5313.600000	-254.896103	39.639771
-5313.533333	-254.896103	39.639771
-5313.466667	-254.989883	41.247089
-5313.400000	-255.021515	40.167690
-5313.333333	-255.249710	41.526470
-5313.266667	-255.426224	40.143368
-5313.200000	-256.081177	40.396660
-5313.133333	-256.081177	40.396660
-5313.066667	-257.073822	41.673248
-5313.000000	-258.053925	42.675400
-5312.933333	-258.467346	42.196228
-5312.866667	-258.826813	41.932182
-5312.800000	-258.578796	42.211132
-5312.733333	-258.963959	41.272823
-5312.666667	-258.963959	41.272823
-5312.600000	-259.388062	42.047878
-5312.533333	-259.987854	40.887493
-5312.466667	-259.917633	41.759445
-5312.400000	-259.747681	41.380913
-5312.333333	-259.689392	42.896923
-5312.266667	-259.689392	42.896923
-5312.200000	-260.006195	41.337482
-5312.133333	-260.790222	42.496773
-5312.066667	-261.087280	43.104492
-5312.000000	-261.837280	43.677258
-5311.933333	-262.151764	44.163090
-5311.866667	-262.151764	44.163090
-5311.800000	-262.822815	43.108784
-5311.733333	-262.484772	42.978657
-5311.666667	-262.831116	42.690815
-5311.600000	-263.040771	42.449894
-5311.533333	-262.959167	43.068218
-5311.466667	-262.934631	43.379070
-5311.400000	-262.934631	43.379070
-5311.333333	-262.349823	43.695358
-5311.266667	-261.981293	43.420258
-5311.200000	-262.358917	42.684853
-5311.133333	-261.705780	43.151924
-5311.066667	-261.339569	42.629017
-5311.000000	-261.339569	42.629017
-5310.933333	-261.340851	42.632664
-5310.866667	-260.939209	43.523170
-5310.800000	-259.857483	43.338631
-5310.733333	-259.314728	42.779736
-5310.666667	-259.647797	42.702969
-5310.600000	-259.647797	42.702969
-5310.533333	-259.584412	43.149315
-5310.466667	-259.503143	41.604343
-5310.400000	-258.801910	41.527191
-5310.333333	-257.840668	43.210983
-5310.266667	-256.333221	40.919270
-5310.200000	-257.268921	41.489105
-5310.133333	-257.268921	41.489105
-5310.066667	-255.997879	41.666893
-5310.000000	-256.110565	42.188938
-5309.933333	-255.896667	41.557827
-5309.866667	-256.122650	41.982285
-5309.800000	-255.872711	41.175678
-5309.733333	-255.872711	41.175678
-5309.666667	-255.764557	41.881508
-5309.600000	-255.873413	40.838215
-5309.533333	-256.066986	41.318344
-5309.466667	-255.846115	43.734978
-5309.400000	-256.415741	42.847279
-5309.333333	-256.415741	42.847279
-5309.266667	-256.054108	42.337414
-5309.200000	-256.970734	42.981926
-5309.133333	-256.592133	42.410709
-5309.066667	-256.392700	43.507713
-5309.000000	-256.834198	42.041645
-5308.933333	-256.834198	42.041645
-5308.866667	-256.235870	41.386517
-5308.800000	-256.711945	40.320194
-5308.733333	-255.937744	42.067688
-5308.666667	-255.352539	39.944489
-5308.600000	-256.199738	41.425789
-5308.533333	-255.569855	41.511417
-5308.466667	-256.299866	42.169193
-5308.400000	-255.220215	43.549671
-5308.333333	-255.746780	43.836266
-5308.266667	-255.584839	44.305500
-5308.200000	-255.321152	44.284752
-5308.133333	-254.928207	42.993881
-5308.066667	-255.348236	44.009712
-5308.000000	-255.326859	43.432327
-5307.933333	-255.112244	42.952259
-5307.866667	-255.686829	43.396328
-5307.800000	-255.234833	42.991283
-5307.733333	-255.720856	44.012947
-5307.666667	-255.819000	42.699127
-5307.600000	-255.315826	43.146378
-5307.533333	-254.542709	42.424431
-5307.466667	-254.850723	43.315144
-5307.400000	-254.673019	42.069344
-5307.333333	-254.807739	42.628941
-5307.266667	-254.394012	42.941048
-5307.200000	-254.220718	41.930408
-5307.133333	-255.018661	44.357517
-5307.066667	-254.769623	41.611534
-5307.000000	-254.341583	44.644848
-5306.933333	-254.820648	42.376293
-5306.866667	-254.984085	44.211075
-5306.800000	-254.844177	43.727943
-5306.733333	-254.747192	43.714142
-5306.666667	-254.811096	43.659058
-5306.600000	-255.591324	43.023449
-5306.533333	-254.715195	44.130730
-5306.466667	-255.226410	44.530380
-5306.400000	-255.337982	44.390152
-5306.333333	-255.888992	44.303185
-5306.266667	-255.361649	45.032944
-5306.200000	-255.221619	44.319481
-5306.133333	-255.556122	44.085110
-5306.066667	-254.573257	43.726185
-5306.000000	-255.096283	43.270645
-5305.933333	-254.622559	42.342670
-5305.866667	-254.080627	41.951763
-5305.800000	-252.920837	42.578152
-5305.733333	-254.214966	42.569813
-5305.666667	-253.695999	42.400097
-5305.600000	-253.552963	41.597706
-5305.533333	-253.520508	41.776695
-5305.466667	-253.198776	41.191315
-5305.400000	-253.618240	42.008690
-5305.333333	-253.033264	40.478489
-5305.266667	-253.485901	41.745140
-5305.200000	-253.128342	40.312836
-5305.133333	-253.845688	40.281727
-5305.066667	-252.831985	41.365551
-5305.000000	-254.415909	41.708019
-5304.933333	-253.653717	42.532360
-5304.866667	-254.335068	41.658924
-5304.800000	-253.676849	41.633507
-5304.733333	-254.089874	41.783146
-5304.666667	-254.762970	41.813053
-5304.600000	-254.785492	41.977249
-5304.533333	-254.256790	41.886185
-5304.466667	-254.587906	42.184700
-5304.400000	-253.724976	43.899891
-5304.333333	-253.545853	44.288025
-5304.266667	-253.947601	44.663567
-5304.200000	-253.657578	43.599758
-5304.133333	-253.558624	44.912029
-5304.066667	-253.229218	44.512840
-5304.000000	-253.554443	43.790127
-5303.933333	-252.625351	43.909931
-5303.866667	-252.954285	43.420498
-5303.800000	-253.123672	43.258686
-5303.733333	-252.336334	42.420849
-5303.666667	-252.494995	42.626247
-5303.600000	-252.873764	42.258434
-5303.533333	-253.078842	44.318100
-5303.466667	-252.008728	42.276550
-5303.400000	-251.591278	42.467159
-5303.333333	-251.812943	42.439251
-5303.266667	-252.361694	43.243473
-5303.200000	-251.836868	42.242718
-5303.133333	-252.332443	42.503334
-5303.066667	-251.252930	42.931087
-5303.000000	-251.974396	40.028877
-5302.933333	-251.224503	42.002750
-5302.866667	-251.498062	40.039169
-5302.800000	-251.205933	41.633083
-5302.733333	-251.159012	42.503174
-5302.666667	-251.834534	41.959560
-5302.600000	-251.602219	42.778206
-5302.533333	-252.081924	42.997532
-5302.466667	-251.790070	42.853867
-5302.400000	-252.881577	44.328327
-5302.333333	-251.610367	43.732464
-5302.266667	-251.864426	43.822544
-5302.200000	-251.901154	44.565025
-5302.133333	-252.305206	43.604397
-5302.066667	-253.084473	44.032532
-5302.000000	-253.016541	43.344551
-5301.933333	-253.494110	44.079060
-5301.866667	-252.772293	43.167820
-5301.800000	-253.092804	43.083580
-5301.733333	-252.469574	42.675304
-5301.666667	-252.880859	42.716801
-5301.600000	-251.651230	42.435513
-5301.533333	-252.729050	42.041531
-5301.466667	-252.149323	41.324860
-5301.400000	-251.943115	40.796051
-5301.333333	-251.010513	41.471100
-5301.266667	-251.166565	40.485371
-5301.200000	-251.463028	40.913429
-5301.133333	-250.521149	40.032501
-5301.066667	-251.245529	39.438301
-5301.000000	-250.502701	40.074833
-5300.933333	-251.432129	40.200565
-5300.866667	-250.579407	40.229286
-5300.800000	-250.619034	41.223000
-5300.733333	-250.787949	40.834705
-5300.666667	-251.113998	40.233994
-5300.600000	-251.603073	40.120705
-5300.533333	-251.688400	41.240051
-5300.466667	-251.445541	41.249874
-5300.400000	-251.787003	40.702415
-5300.333333	-251.562164	42.878147
-5300.266667	-251.513641	41.487034
-5300.200000	-251.835510	44.390163
-5300.133333	-251.516418	42.629913
-5300.066667	-251.765366	44.833847
-5300.000000	-251.919525	44.661980
-5299.933333	-251.538513	45.728531
-5299.866667	-251.170181	44.614136
-5299.800000	-251.223083	45.994717
-5299.733333	-251.202652	45.674782
-5299.666667	-251.563568	45.141232
-5299.600000	-250.906311	43.680958
-5299.533333	-250.810989	43.694729
-5299.466667	-250.573212	43.948608
-5299.400000	-250.538498	44.045616
-5299.333333	-251.474503	43.242271
-5299.266667	-250.681747	43.236553
-5299.200000	-250.936066	44.138187
-5299.133333	-250.133499	43.035862
-5299.066667	-250.539551	44.534351
-5299.000000	-250.037781	43.188377
-5298.933333	-251.155350	42.888710
-5298.866667	-250.636154	43.071411
-5298.800000	-250.501587	41.249489
-5298.733333	-249.923706	42.022366
-5298.666667	-250.257584	42.386631
-5298.600000	-250.070877	43.145683
-5298.533333	-249.884521	42.591244
-5298.466667	-249.818588	43.252377
-5298.400000	-249.848343	43.845001
-5298.333333	-249.864639	42.695553
-5298.266667	-249.461914	44.731464
-5298.200000	-249.532516	44.643326
-5298.133333	-249.366440	44.022758
-5298.066667	-249.551132	43.963593
-5298.000000	-249.406860	44.634163
-5297.933333	-249.445129	43.990322
-5297.866667	-248.913864	44.215263
-5297.800000	-249.426117	45.769794
-5297.733333	-249.180542	45.197041
-5297.666667	-248.819427	45.735645
-5297.600000	-249.286133	44.067245
-5297.533333	-249.431076	42.798061
-5297.466667	-249.831070	43.187035
-5297.400000	-249.785492	42.900723
-5297.333333	-250.264359	43.145565
-5297.266667	-249.784042	43.408981
-5297.200000	-249.900253	42.890640
-5297.133333	-248.953232	42.455460
-5297.066667	-249.657654	42.209400
-5297.000000	-249.546249	42.066536
-5296.933333	-248.875626	40.191792
-5296.866667	-248.629868	41.561260
-5296.800000	-248.491562	40.540943
-5296.733333	-248.377884	41.011429
-5296.666667	-248.523300	39.935192
-5296.600000	-248.162415	41.631611
-5296.533333	-248.166443	40.846325
-5296.466667	-248.162567	41.014946
-5296.400000	-247.394516	41.953110
-5296.333333	-247.680359	42.817364
-5296.266667	-247.971420	42.751068
-5296.200000	-248.037979	43.043606
-5296.133333	-247.535294	45.113724
-5296.066667	-247.934616	44.982376
-5296.000000	-247.857620	45.352135
-5295.933333	-247.944748	44.750999
-5295.866667	-247.483719	46.003014
-5295.800000	-247.926224	46.265518
-5295.733333	-247.890091	47.695698
-5295.666667	-247.665695	46.448627
-5295.600000	-247.563019	47.300907
-5295.533333	-247.299973	47.638332
-5295.466667	-247.705582	46.764683
-5295.400000	-247.485535	46.131081
-5295.333333	-247.166885	45.452030
-5295.266667	-247.414154	45.369869
-5295.200000	-247.210114	44.326275
-5295.133333	-247.425049	45.441513
-5295.066667	-246.889130	44.262737
-5295.000000	-247.249695	45.188358
-5294.933333	-247.412659	44.576717
-5294.866667	-247.147446	44.988232
-5294.800000	-247.040802	44.166191
-5294.733333	-247.900040	44.710072
-5294.666667	-247.499512	43.470772
-5294.600000	-247.667953	42.168667
-5294.533333	-246.807358	43.703060
-5294.466667	-247.808029	42.876408
-5294.400000	-247.670929	42.918598
-5294.333333	-247.522934	41.340645
-5294.266667	-246.480667	42.266953
-5294.200000	-246.446396	42.537071
-5294.133333	-246.839737	43.573559
-5294.066667	-246.814606	44.761620
-5294.000000	-246.427002	45.604954
-5293.933333	-246.051910	44.664867
-5293.866667	-246.425232	43.353935
-5293.800000	-245.970062	43.832085
-5293.733333	-246.731354	43.007946
-5293.666667	-246.253540	42.154549
-5293.600000	-246.139236	41.702168
-5293.533333	-246.521057	42.726509
-5293.466667	-246.483109	42.886387
-5293.400000	-246.057343	43.353397
-5293.333333	-246.182144	43.062660
-5293.266667	-246.584290	44.995422
-5293.200000	-245.866089	44.515141
-5293.133333	-246.271866	44.296368
-5293.066667	-246.282501	43.418110
-5293.000000	-245.833862	42.957626
-5292.933333	-246.681458	42.250175
-5292.866667	-246.897705	40.921494
-5292.800000	-246.698563	42.461193
-5292.733333	-246.870087	41.492107
-5292.666667	-246.207947	42.478016
-5292.600000	-245.625763	39.790733
-5292.533333	-246.180145	41.244839
-5292.466667	-245.542419	39.541245
-5292.400000	-246.138138	41.127701
-5292.333333	-245.278168	39.501938
-5292.266667	-245.181046	41.619656
-5292.200000	-244.638443	41.004787
-5292.133333	-245.289444	42.641830
-5292.066667	-245.236526	42.479252
-5292.000000	-245.062790	43.424774
-5291.933333	-244.909714	43.713436
-5291.866667	-244.646332	44.033962
-5291.800000	-245.135147	45.723545
-5291.733333	-244.456451	46.500900
-5291.666667	-245.169907	48.043423
-5291.600000	-244.919830	48.247551
-5291.533333	-245.883682	47.826126
-5291.466667	-244.549271	47.276535
-5291.400000	-245.078491	49.190910
-5291.333333	-244.683014	48.694416
-5291.266667	-244.937027	48.496532
-5291.200000	-244.332260	48.005592
-5291.133333	-244.975616	47.114017
-5291.066667	-244.188049	46.851372
-5291.000000	-244.607132	45.631397
-5290.933333	-244.312424	45.429207
-5290.866667	-244.770538	44.256119
-5290.800000	-244.263428	42.691837
-5290.733333	-243.909622	42.652912
-5290.666667	-243.976044	42.857986
-5290.600000	-242.924149	44.109253
-5290.533333	-243.675461	43.958248
-5290.466667	-243.168060	43.535751
-5290.400000	-243.979004	40.989716
-5290.333333	-243.653610	40.034962
-5290.266667	-244.505402	42.322113
-5290.200000	-243.869232	40.296429
-5290.133333	-244.143387	42.003120
-5290.066667	-244.585190	40.921608
-5290.000000	-244.212250	42.464920
-5289.933333	-244.640274	41.474285
-5289.866667	-243.794968	41.361031
-5289.800000	-244.530670	43.941978
-5289.733333	-243.484161	43.272415
-5289.666667	-243.785812	45.840549
-5289.600000	-243.222458	47.420872
-5289.533333	-243.650177	45.548306
-5289.466667	-242.122147	46.417461
-5289.400000	-242.969788	44.511883
-5289.333333	-242.849335	42.805805
-5289.266667	-242.516174	41.452469
-5289.200000	-243.375427	42.084198
-5289.133333	-242.774414	40.460529
-5289.066667	-243.305298	41.183685
-5289.000000	-242.436325	41.345268
-5288.933333	-243.067047	42.165916
-5288.866667	-242.360092	40.864914
-5288.800000	-242.756012	44.974636
-5288.733333	-242.497574	44.059879
-5288.666667	-242.558884	43.824875
-5288.600000	-242.807968	44.746075
-5288.533333	-243.061630	43.965523
-5288.466667	-243.489944	44.368198
-5288.400000	-243.530914	43.129662
-5288.333333	-243.503983	44.799320
-5288.266667	-243.386353	43.581486
-5288.200000	-243.324081	43.074818
-5288.133333	-243.343201	42.166725
-5288.066667	-243.676117	44.202816
-5288.000000	-242.186386	41.977528
-5287.933333	-243.144638	43.912956
-5287.866667	-241.911224	44.849197
-5287.800000	-242.468994	45.309536
-5287.733333	-242.257736	46.111446
-5287.666667	-241.910400	45.929707
-5287.600000	-241.566193	47.615925
-5287.533333	-242.269333	46.547142
-5287.466667	-241.686539	47.135590
-5287.400000	-241.969711	48.245461
-5287.333333	-241.536423	47.687122
-5287.266667	-242.041794	48.200882
-5287.200000	-241.636032	49.054485
-5287.133333	-241.601883	48.547729
-5287.066667	-242.307465	48.631508
-5287.000000	-241.318863	49.458584
-5286.933333	-241.529144	48.892460
-5286.866667	-241.759445	47.934864
-5286.800000	-242.070175	47.393353
-5286.733333	-241.332809	46.340050
-5286.666667	-241.936386	45.288540
-5286.600000	-241.959610	44.916332
-5286.533333	-241.464523	43.863754
-5286.466667	-241.862701	42.608013
-5286.400000	-241.036545	43.336922
-5286.333333	-240.858200	43.549648
-5286.266667	-240.417709	42.497162
-5286.200000	-241.087723	41.795963
-5286.133333	-239.883026	42.884579
-5286.066667	-240.458954	42.819279
-5286.000000	-240.298477	44.560165
-5285.933333	-241.018250	44.730835
-5285.866667	-240.911789	45.481350
-5285.800000	-241.055054	46.085129
-5285.733333	-241.555344	46.704185
-5285.666667	-242.627930	47.320202
-5285.600000	-242.971375	48.722748
-5285.533333	-242.108246	49.507008
-5285.466667	-242.357513	49.574635
-5285.400000	-242.383286	51.536304
-5285.333333	-242.233139	51.625881
-5285.266667	-241.307892	52.022747
-5285.200000	-241.358444	52.630547
-5285.133333	-240.459991	53.137547
-5285.066667	-240.966660	52.699432
-5285.000000	-241.180359	50.953598
-5284.933333	-239.976440	50.381420
-5284.866667	-239.680511	49.852894
-5284.800000	-239.971039	47.768555
-5284.733333	-240.602188	47.459129
-5284.666667	-240.510391	45.668369
-5284.600000	-239.791641	46.937798
-5284.533333	-239.338577	45.244949
-5284.466667	-239.427155	45.841145
-5284.400000	-239.028748	45.643791
-5284.333333	-238.904221	44.971760
-5284.266667	-239.208649	45.191044
-5284.200000	-239.475098	46.246902
-5284.133333	-239.877090	46.017097
-5284.066667	-239.071533	44.734829
-5284.000000	-239.435532	46.869789
-5283.933333	-239.325821	45.200024
-5283.866667	-239.060455	45.469204
-5283.800000	-239.891724	46.778549
-5283.733333	-239.098404	46.623421
-5283.666667	-240.035400	48.110443
-5283.600000	-238.895920	49.142521
-5283.533333	-238.630127	49.663841
-5283.466667	-238.455460	49.740131
-5283.400000	-237.688889	49.446331
-5283.333333	-238.259827	49.750774
-5283.266667	-238.220535	49.101185
-5283.200000	-237.921265	48.179344
-5283.133333	-238.572327	50.107880
-5283.066667	-238.321686	48.239136
-5283.000000	-238.176010	48.791302
-5282.933333	-237.906799	50.306664
-5282.866667	-238.026627	51.456528
-5282.800000	-238.384277	51.447937
-5282.733333	-238.291718	50.869980
-5282.666667	-237.797852	50.668644
-5282.600000	-238.054138	49.766033
-5282.533333	-238.079514	49.170460
-5282.466667	-237.775665	48.613049
-5282.400000	-238.322876	47.416309
-5282.333333	-237.663910	48.149590
-5282.266667	-237.388565	46.252357
-5282.200000	-237.768158	46.535580
-5282.133333	-236.849869	45.406128
-5282.066667	-237.449005	44.358040
-5282.000000	-237.509308	44.394154
-5281.933333	-237.086227	43.834560
-5281.866667	-236.784714	43.772541
-5281.800000	-237.165802	42.046925
-5281.733333	-236.590668	41.141674
-5281.666667	-236.867279	42.001213
-5281.600000	-236.767944	43.123074
-5281.533333	-237.279312	42.441288
-5281.466667	-236.774399	44.590954
-5281.400000	-237.402756	46.559734
-5281.333333	-237.229416	47.962513
-5281.266667	-237.656357	49.438919
-5281.200000	-237.465591	49.324306
-5281.133333	-237.376205	50.761597
-5281.066667	-237.616455	51.606483
-5281.000000	-237.675034	51.254086
-5280.933333	-237.292633	52.450974
-5280.866667	-237.692139	52.498913
-5280.800000	-236.737320	52.291740
-5280.733333	-237.234879	52.058624
-5280.666667	-236.611481	51.781799
-5280.600000	-237.141953	52.240128
-5280.533333	-236.925781	51.527035
-5280.466667	-236.790085	50.180141
-5280.400000	-236.790085	50.180141
-5280.333333	-236.922958	48.824249
-5280.266667	-236.580704	47.273167
-5280.200000	-236.582520	47.801483
-5280.133333	-236.297699	46.166397
-5280.066667	-236.035416	46.877949
-5280.000000	-236.035416	46.877949
-5279.933333	-235.631531	46.396656
-5279.866667	-235.309265	45.916019
-5279.800000	-235.276886	44.893162
-5279.733333	-235.444000	45.121967
-5279.666667	-234.587067	46.501488
-5279.600000	-234.587067	46.501488
-5279.533333	-235.065186	45.487812
-5279.466667	-234.764053	46.230492
-5279.400000	-235.261795	45.100689
-5279.333333	-235.949249	43.350388
-5279.266667	-236.739609	43.752613
-5279.200000	-236.772095	43.419998
-5279.133333	-236.772095	43.419998
-5279.066667	-236.587387	43.574570
-5279.000000	-236.535797	41.905388
-5278.933333	-236.412399	42.948593
-5278.866667	-236.915726	45.551178
-5278.800000	-237.570862	45.151779
-5278.733333	-237.570862	45.151779
-5278.666667	-237.999985	47.257420
-5278.600000	-237.412582	46.457745
-5278.533333	-237.531036	47.085815
-5278.466667	-237.989059	49.514370
-5278.400000	-238.372162	48.595631
-5278.333333	-238.372162	48.595631
-5278.266667	-237.823990	49.857029
-5278.200000	-238.230499	49.612888
-5278.133333	-238.199402	49.924141
-5278.066667	-238.217178	49.164917
-5278.000000	-238.089890	50.254463
-5277.933333	-238.089890	50.254463
-5277.866667	-238.683060	49.259521
-5277.800000	-238.243195	48.522079
-5277.733333	-238.418884	47.171753
-5277.666667	-238.656128	47.356487
-5277.600000	-238.690979	46.749516
-5277.533333	-238.688522	46.270126
-5277.466667	-238.688522	46.270126
-5277.400000	-239.701248	47.593040
-5277.333333	-238.467819	47.041397
-5277.266667	-238.633484	49.273006
-5277.200000	-239.362091	48.838638
-5277.133333	-239.278885	49.251373
-5277.066667	-239.278885	49.251373
-5277.000000	-239.248993	48.684151
-5276.933333	-238.930862	49.073994
-5276.866667	-239.268936	49.633381
-5276.800000	-240.474716	49.490398
-5276.733333	-239.184830	50.690361
-5276.666667	-239.184830	50.690361
-5276.600000	-240.182632	51.168941
-5276.533333	-239.846634	51.654846
-5276.466667	-240.058350	51.372932
-5276.400000	-240.753799	51.284325
-5276.333333	-240.317169	51.890785
-5276.266667	-240.162567	51.291813
-5276.200000	-240.162567	51.291813
-5276.133333	-240.088226	50.694714
-5276.066667	-239.711105	50.485214
-5276.000000	-239.934357	50.029499
-5275.933333	-240.797348	49.818352
-5275.866667	-240.161163	49.872017
-5275.800000	-240.161163	49.872017
-5275.733333	-240.615356	50.666309
-5275.666667	-240.296890	49.698086
-5275.600000	-240.037247	48.165428
-5275.533333	-240.615936	49.117516
-5275.466667	-240.643585	48.714348
-5275.400000	-240.643585	48.714348
-5275.333333	-240.967926	49.480198
-5275.266667	-240.774796	48.877937
-5275.200000	-240.333481	49.085545
-5275.133333	-239.900146	48.529373
-5275.066667	-240.252899	48.998680
-5275.000000	-239.982513	49.153336
-5274.933333	-239.982513	49.153336
-5274.866667	-240.107101	49.572117
-5274.800000	-240.546234	50.464302
-5274.733333	-240.363281	50.366016
-5274.666667	-240.251755	51.370480
-5274.600000	-240.556763	51.306423
-5274.533333	-240.556763	51.306423
-5274.466667	-241.196487	52.421726
-5274.400000	-241.681763	51.504124
-5274.333333	-242.030304	51.988098
-5274.266667	-241.567047	52.205387
-5274.200000	-242.272125	52.125553
-5274.133333	-242.272125	52.125553
-5274.066667	-242.050812	51.775005
-5274.000000	-241.597778	52.591026
-5273.933333	-241.798660	51.847748
-5273.866667	-241.980789	52.430763
-5273.800000	-242.537460	51.576942
-5273.733333	-242.537460	51.576942
-5273.666667	-242.145950	51.137508
-5273.600000	-242.553238	50.613503
-5273.533333	-242.216019	50.253983
-5273.466667	-241.987198	50.552761
-5273.400000	-242.150299	49.898487
-5273.333333	-242.224869	49.511219
-5273.266667	-242.183899	48.755306
-5273.200000	-242.635574	49.048542
-5273.133333	-241.866364	49.627903
-5273.066667	-241.874695	48.361813
-5273.000000	-241.995743	48.624260
-5272.933333	-242.135040	49.651855
-5272.866667	-242.154633	50.312180
-5272.800000	-242.707291	50.850933
-5272.733333	-242.498947	50.500198
-5272.666667	-243.011993	51.145985
-5272.600000	-242.536133	51.625927
-5272.533333	-242.972229	51.402599
-5272.466667	-242.579758	51.580570
-5272.400000	-243.650238	50.805084
-5272.333333	-242.761200	51.639225
-5272.266667	-242.578659	51.637890
-5272.200000	-242.940399	51.495899
-5272.133333	-242.868088	52.436558
-5272.066667	-242.690140	51.749897
-5272.000000	-243.407455	53.075073
-5271.933333	-243.226151	52.157879
-5271.866667	-243.698654	52.533424
-5271.800000	-243.676422	52.617107
-5271.733333	-243.269608	52.162582
-5271.666667	-243.264542	51.586536
-5271.600000	-243.436722	52.741730
-5271.533333	-243.952866	53.401005
-5271.466667	-244.671295	53.480938
-5271.400000	-244.322113	53.012417
-5271.333333	-244.430405	53.903957
-5271.266667	-243.292648	52.343067
-5271.200000	-244.032349	52.289356
-5271.133333	-244.185272	51.635090
-5271.066667	-244.130722	51.146812
-5271.000000	-243.821243	49.844379
-5270.933333	-243.941833	51.172028
-5270.866667	-244.670059	50.342262
-5270.800000	-244.403412	49.290020
-5270.733333	-244.241409	51.066498
-5270.666667	-243.876678	49.934666
-5270.600000	-244.188324	49.683346
-5270.533333	-244.445236	49.809460
-5270.466667	-245.102097	50.312363
-5270.400000	-244.771103	49.922173
-5270.333333	-244.887390	51.013405
-5270.266667	-245.306519	51.252434
-5270.200000	-244.701111	50.948040
-5270.133333	-245.057526	52.035530
-5270.066667	-245.089020	52.647537
-5270.000000	-245.096542	52.028542
-5269.933333	-245.005371	52.566986
-5269.866667	-245.152588	52.351547
-5269.800000	-245.542328	52.111778
-5269.733333	-245.882706	52.302792
-5269.666667	-245.496490	51.302383
-5269.600000	-245.231964	51.668465
-5269.533333	-245.754425	51.226444
-5269.466667	-246.200424	50.675331
-5269.400000	-245.757065	51.789780
-5269.333333	-246.205048	51.144276
-5269.266667	-246.169037	49.910545
-5269.200000	-245.678879	50.982029
-5269.133333	-245.672348	50.003262
-5269.066667	-245.537125	50.396347
-5269.000000	-245.532928	50.055397
-5268.933333	-245.638199	50.020065
-5268.866667	-245.977936	49.877895
-5268.800000	-245.835831	48.926758
-5268.733333	-246.366318	49.505337
-5268.666667	-246.138916	48.469337
-5268.600000	-246.406113	49.300758
-5268.533333	-246.062805	50.274586
-5268.466667	-246.430496	50.684299
-5268.400000	-246.955597	50.302601
-5268.333333	-246.548553	50.125095
-5268.266667	-246.672165	50.221447
-5268.200000	-246.502625	49.781895
-5268.133333	-246.903061	50.181358
-5268.066667	-246.737900	50.111858
-5268.000000	-246.483627	50.264763
-5267.933333	-247.161331	49.909641
-5267.866667	-247.070450	48.751686
-5267.800000	-246.382294	49.966244
-5267.733333	-246.558624	49.768703
-5267.666667	-247.176361	50.007084
-5267.600000	-246.968231	50.397945
-5267.533333	-247.539597	49.694893
-5267.466667	-247.112839	50.337982
-5267.400000	-246.984406	50.426514
-5267.333333	-247.353790	50.644321
-5267.266667	-247.879410	51.659073
-5267.200000	-247.279968	51.432236
-5267.133333	-247.391266	51.463207
-5267.066667	-247.938049	50.589962
-5267.000000	-247.795822	51.174198
-5266.933333	-247.794327	50.958855
-5266.866667	-247.343994	51.595715
-5266.800000	-247.867401	51.443539
-5266.733333	-247.683823	51.105774
-5266.666667	-247.954712	51.495068
-5266.600000	-248.191177	51.960464
-5266.533333	-248.094452	51.083290
-5266.466667	-247.714005	52.098251
-5266.400000	-248.198822	51.957092
-5266.333333	-248.626770	51.754848
-5266.266667	-247.927414	52.095108
-5266.200000	-248.140549	50.417473
-5266.133333	-248.148087	51.563057
-5266.066667	-248.636429	51.832294
-5266.000000	-248.622101	52.613411
-5265.933333	-248.699646	52.335033
-5265.866667	-248.679321	52.399364
-5265.800000	-249.190216	52.040237
-5265.733333	-249.117661	52.324852
-5265.666667	-248.377121	53.469433
-5265.600000	-249.105484	53.259640
-5265.533333	-249.205078	53.124878
-5265.466667	-248.705902	54.076839
-5265.400000	-249.731262	54.951572
-5265.333333	-248.677429	54.419838
-5265.266667	-249.702179	54.582932
-5265.200000	-249.083801	54.549755
-5265.133333	-249.662567	54.315697
-5265.066667	-249.222549	53.906601
-5265.000000	-249.649612	53.689240
-5264.933333	-249.282761	53.596268
-5264.866667	-249.209824	52.493191
-5264.800000	-249.005280	52.884541
-5264.733333	-249.175247	52.795097
-5264.666667	-249.618500	53.474800
-5264.600000	-249.082062	53.678772
-5264.533333	-249.065201	53.028069
-5264.466667	-248.954285	54.603416
-5264.400000	-248.754333	54.355000
-5264.333333	-249.833649	53.184864
-5264.266667	-249.467102	53.840824
-5264.200000	-249.938095	53.574631
-5264.133333	-249.854294	52.780869
-5264.066667	-249.754257	52.477093
-5264.000000	-250.138580	51.574188
-5263.933333	-250.594299	51.660057
-5263.866667	-250.015503	52.247181
-5263.800000	-250.396500	51.270649
-5263.733333	-250.320496	51.198330
-5263.666667	-250.754761	50.442051
-5263.600000	-250.273239	50.021194
-5263.533333	-250.391998	50.411007
-5263.466667	-250.732193	51.079311
-5263.400000	-250.791306	50.684372
-5263.333333	-250.520065	50.987755
-5263.266667	-250.370316	50.849037
-5263.200000	-250.535095	50.606060
-5263.133333	-251.237534	50.161579
-5263.066667	-251.237259	51.329678
-5263.000000	-251.646072	51.663353
-5262.933333	-250.702682	51.670162
-5262.866667	-251.225906	52.364174
-5262.800000	-250.535187	52.086082
-5262.733333	-250.923233	52.310669
-5262.666667	-250.954086	52.761784
-5262.600000	-250.995010	52.326305
-5262.533333	-251.368179	51.866837
-5262.466667	-251.299164	52.698605
-5262.400000	-251.570328	53.137699
-5262.333333	-251.122162	54.439049
-5262.266667	-250.884552	52.590347
-5262.200000	-250.769577	53.254623
-5262.133333	-251.213181	53.149288
-5262.066667	-251.037186	53.455292
-5262.000000	-251.442535	53.163406
-5261.933333	-251.478592	53.034161
-5261.866667	-251.261902	52.627518
-5261.800000	-252.098434	53.275455
-5261.733333	-251.418823	53.736732
-5261.666667	-251.601288	52.518364
-5261.600000	-251.529144	52.262814
-5261.533333	-251.992523	52.194569
-5261.466667	-251.847382	52.107689
-5261.400000	-251.643219	51.711300
-5261.333333	-251.948288	51.548775
-5261.266667	-252.270981	51.702961
-5261.200000	-251.648483	51.216339
-5261.133333	-252.700317	51.863441
-5261.066667	-252.560242	52.598495
-5261.000000	-252.059891	53.728943
-5260.933333	-251.565857	53.789330
-5260.866667	-252.090973	53.012463
-5260.800000	-251.988724	52.948986
-5260.733333	-251.740646	53.129368
-5260.666667	-251.765259	51.772739
-5260.600000	-251.613647	52.692600
-5260.533333	-251.608063	52.386547
-5260.466667	-251.411591	52.081539
-5260.400000	-251.589142	52.668766
-5260.333333	-251.892303	53.134235
-5260.266667	-251.637772	52.722656
-5260.200000	-251.443619	52.751160
-5260.133333	-251.400513	53.484661
-5260.066667	-251.404114	53.962856
-5260.000000	-251.632492	54.701332
-5259.933333	-251.653931	55.628967
-5259.866667	-251.145752	54.544796
-5259.800000	-250.564575	54.649300
-5259.733333	-250.583511	53.875732
-5259.666667	-251.049591	52.150688
-5259.600000	-251.136490	52.516972
-5259.533333	-251.648819	52.600353
-5259.466667	-251.311417	52.375977
-5259.400000	-251.606689	52.799561
-5259.333333	-251.859100	52.839176
-5259.266667	-251.920288	52.579285
-5259.200000	-251.881256	51.412441
-5259.133333	-252.053040	51.123928
-5259.066667	-252.276337	51.651001
-5259.000000	-251.743256	50.416779
-5258.933333	-252.068909	49.262951
-5258.866667	-251.957535	49.411404
-5258.800000	-251.909592	48.442226
-5258.733333	-251.098816	48.006790
-5258.666667	-251.662277	47.086891
-5258.600000	-251.499863	47.263702
-5258.533333	-251.915833	46.742172
-5258.466667	-251.752304	47.494663
-5258.400000	-251.943405	47.082172
-5258.333333	-251.937210	46.498047
-5258.266667	-251.106400	47.183464
-5258.200000	-252.147171	47.380672
-5258.133333	-251.581421	47.205166
-5258.066667	-251.902100	46.361038
-5258.000000	-251.582260	44.897877
-5257.933333	-252.195847	43.227993
-5257.866667	-252.060196	43.529625
-5257.800000	-251.783463	43.707180
-5257.733333	-252.040558	42.426544
-5257.666667	-252.883377	41.114838
-5257.600000	-252.561172	39.166744
-5257.533333	-253.315292	36.574078
-5257.466667	-253.506165	36.692177
-5257.400000	-254.019867	34.799065
-5257.333333	-253.832825	31.477232
-5257.266667	-253.626694	34.186592
-5257.200000	-254.312759	33.478729
-5257.133333	-254.316010	32.911182
-5257.066667	-254.535873	34.781269
-5257.000000	-254.004105	35.582455
-5256.933333	-254.435287	37.675926
-5256.866667	-254.757553	39.712360
-5256.800000	-254.273712	42.470318
-5256.733333	-254.679504	44.385044
-5256.666667	-254.349518	45.956287
-5256.600000	-254.126938	47.182953
-5256.533333	-254.327347	48.898403
-5256.466667	-253.908005	48.240086
-5256.400000	-254.237503	48.727146
-5256.333333	-253.412979	49.409958
-5256.266667	-253.753555	48.590813
-5256.200000	-253.984421	49.910870
-5256.133333	-253.832184	49.477840
-5256.066667	-253.592850	49.374866
-5256.000000	-253.410751	48.579811
-5255.933333	-254.225098	47.874996
-5255.866667	-254.307587	47.174438
-5255.800000	-255.128769	45.536026
-5255.733333	-255.193970	45.248756
-5255.666667	-255.025253	44.985020
-5255.600000	-255.532623	45.425972
-5255.533333	-254.741562	44.983753
-5255.466667	-253.740494	45.481377
-5255.400000	-253.549881	46.672173
-5255.333333	-252.480347	49.107365
-5255.266667	-252.973541	51.400070
-5255.200000	-253.427292	54.289253
-5255.133333	-253.750412	56.273376
-5255.066667	-253.635345	56.491119
-5255.000000	-253.928558	57.662285
-5254.933333	-254.719864	57.364353
-5254.866667	-254.034653	57.538521
-5254.800000	-254.794388	58.016739
-5254.733333	-254.658844	57.607319
-5254.666667	-255.041901	57.210606
-5254.600000	-254.323715	57.477974
-5254.533333	-254.778015	57.538494
-5254.466667	-254.080872	56.315456
-5254.400000	-254.563324	57.640858
-5254.333333	-255.012421	56.721821
-5254.266667	-254.989853	56.295956
-5254.200000	-254.817947	55.323982
-5254.133333	-254.285507	56.524433
-5254.066667	-254.870682	55.723160
-5254.000000	-254.799301	55.209618
-5253.933333	-255.863602	-6.579958
-5253.866667	-258.084503	-17.178463
-5253.800000	-257.857910	-17.110903
-5253.733333	-258.129974	-17.147850
-5253.666667	-258.125732	-16.813713
-5253.600000	-258.119720	-16.871939
-5253.533333	-258.207123	-16.673435
-5253.466667	-257.400787	-16.840363
-5253.400000	-258.197144	-16.923950
-5253.333333	-257.976135	-16.460585
-5253.266667	-256.999847	-16.651682
-5253.200000	-257.181641	-16.410112
-5253.133333	-256.847107	-16.720612
-5253.066667	-257.050537	-16.221113
-5253.000000	-256.808929	-15.475020
-5252.933333	-256.891785	-15.956695
-5252.866667	-257.575104	-16.073566
-5252.800000	-257.473053	-15.825000
-5252.733333	-257.377441	-15.950393
-5252.666667	-257.407104	-15.500542
-5252.600000	-257.442474	-15.352776
-5252.533333	-257.619995	-15.253320
-5252.466667	-257.570038	-15.003077
-5252.400000	-257.182983	-15.484326
-5252.333333	-257.624786	-16.026783
-5252.266667	-257.407898	-15.530828
-5252.200000	-258.043976	-15.582402
-5252.133333	-258.418640	-15.888517
-5252.066667	-258.495056	-15.752918
-5252.000000	-258.970276	-16.188864
-5251.933333	-259.070862	-15.889794
-5251.866667	-259.072845	-15.640573
-5251.800000	-259.509247	-16.293703
-5251.733333	-259.559296	-15.897620
-5251.666667	-259.683472	-15.205491
-5251.600000	-259.890503	-15.014830
-5251.533333	-260.148376	-14.696636
-5251.466667	-260.282349	-14.833050
-5251.400000	-260.277283	-14.353785
-5251.333333	-260.584045	-14.370025
-5251.266667	-259.902740	-13.832194
-5251.200000	-259.966064	-13.618342
-5251.133333	-259.664856	-13.064575
-5251.066667	-260.030426	-13.370226
-5251.000000	-259.556610	-12.878277
-5250.933333	-259.443085	-12.944645
-5250.866667	-259.563843	-13.048826
-5250.800000	-259.563843	-13.048826
-5250.733333	-259.503967	-13.260405
-5250.666667	-259.564819	-13.799541
-5250.600000	-259.471893	-13.675879
-5250.533333	-259.457367	-13.747572
-5250.466667	-259.330750	-14.266038
-5250.400000	-259.330750	-14.266038
-5250.333333	-259.476074	-14.116783
-5250.266667	-259.520660	-14.438600
-5250.200000	-259.786774	-14.753762
-5250.133333	-259.775787	-14.848791
-5250.066667	-260.039490	-15.319892
-5250.000000	-260.039490	-15.319892
-5249.933333	-260.002411	-15.338474
-5249.866667	-260.154694	-15.582780
-5249.800000	-259.959076	-15.249352
-5249.733333	-260.074371	-15.206275
-5249.666667	-260.048950	-15.163353
-5249.600000	-260.048950	-15.163353
-5249.533333	-260.382721	-14.746846
-5249.466667	-260.219818	-15.076052
-5249.400000	-260.322906	-14.743690
-5249.333333	-260.299438	-14.966688
-5249.266667	-260.700409	-14.718879
-5249.200000	-260.562286	-14.263090
-5249.133333	-260.562286	-14.263090
-5249.066667	-260.654175	-14.495657
-5249.000000	-260.540253	-13.931981
-5248.933333	-260.973816	-14.215260
-5248.866667	-261.547119	-14.671634
-5248.800000	-261.739624	-14.267469
-5248.733333	-261.739624	-14.267469
-5248.666667	-261.756012	-14.875336
-5248.600000	-261.811554	-15.423385
-5248.533333	-261.847107	-15.194254
-5248.466667	-262.172638	-15.626004
-5248.400000	-262.144897	-16.411766
-5248.333333	-262.144897	-16.411766
-5248.266667	-262.275818	-16.221998
-5248.200000	-262.473297	-16.551552
-5248.133333	-262.283264	-16.480127
-5248.066667	-262.007751	-15.993671
-5248.000000	-262.050781	-16.206905
-5247.933333	-262.347260	-16.255892
-5247.866667	-262.347260	-16.255892
-5247.800000	-262.499847	-16.404472
-5247.733333	-262.562469	-16.348747
-5247.666667	-262.542847	-16.188192
-5247.600000	-262.398224	-15.984067
-5247.533333	-262.532684	-15.931824
-5247.466667	-262.532684	-15.931824
-5247.400000	-262.638702	-15.576760
-5247.333333	-262.411682	-15.734596
-5247.266667	-262.744934	-15.784433
-5247.200000	-262.580292	-15.254637
-5247.133333	-262.789429	-15.261898
-5247.066667	-262.789429	-15.261898
-5247.000000	-262.614166	-15.672772
-5246.933333	-262.549103	-15.835098
-5246.866667	-262.610352	-15.440360
-5246.800000	-262.761932	-15.454873
-5246.733333	-262.684692	-15.946682
-5246.666667	-262.851074	-16.295450
-5246.600000	-262.851074	-16.295450
-5246.533333	-263.362000	-16.641655
-5246.466667	-263.400482	-16.070351
-5246.400000	-263.608093	-15.964124
-5246.333333	-263.635345	-15.994893
-5246.266667	-263.473175	-16.035650
-5246.200000	-263.473175	-16.035650
-5246.133333	-263.366608	-15.581976
-5246.066667	-263.447998	-15.846045
-5246.000000	-263.282532	-15.679373
-5245.933333	-263.248566	-15.927619
-5245.866667	-263.153809	-15.862802
-5245.800000	-263.153809	-15.862802
-5245.733333	-263.593994	-15.541562
-5245.666667	-263.713715	-16.323586
-5245.600000	-263.793243	-16.651323
-5245.533333	-263.676514	-16.589554
-5245.466667	-263.582153	-16.511972
-5245.400000	-263.582153	-16.511972
-5245.333333	-263.922577	-16.894329
-5245.266667	-264.121094	-17.341434
-5245.200000	-264.237549	-17.108879
-5245.133333	-264.029877	-17.469610
-5245.066667	-263.667786	-17.270144
-5245.000000	-264.136200	-17.396944
-5244.933333	-264.294250	-17.369417
-5244.866667	-264.579803	-17.609024
-5244.800000	-264.362244	-16.835913
-5244.733333	-264.605011	-17.093088
-5244.666667	-264.864838	-16.797264
-5244.600000	-264.869781	-16.622080
-5244.533333	-264.886993	-16.488871
-5244.466667	-265.322632	-16.479412
-5244.400000	-265.048676	-15.845211
-5244.333333	-265.051056	-15.720798
-5244.266667	-265.274902	-15.402652
-5244.200000	-265.326630	-15.565956
-5244.133333	-265.289703	-15.642128
-5244.066667	-265.448273	-15.513859
-5244.000000	-265.247894	-15.458626
-5243.933333	-265.232422	-15.166803
-5243.866667	-265.041412	-15.177678
-5243.800000	-265.357361	-15.057887
-5243.733333	-264.910583	-15.023060
-5243.666667	-265.294739	-15.158762
-5243.600000	-265.497894	-15.225159
-5243.533333	-265.449921	-15.530906
-5243.466667	-265.620087	-15.662814
-5243.400000	-265.497467	-15.530110
-5243.333333	-265.891602	-15.859356
-5243.266667	-265.810150	-15.663110
-5243.200000	-266.225281	-15.763480
-5243.133333	-265.886108	-15.715899
-5243.066667	-266.128326	-15.736737
-5243.000000	-266.030273	-15.940328
-5242.933333	-266.428955	-15.984101
-5242.866667	-266.466187	-16.511543
-5242.800000	-266.448822	-16.530891
-5242.733333	-266.676788	-17.085880
-5242.666667	-246.906982	97.783318
-5242.600000	-246.928986	97.852280
-5242.533333	-247.415817	97.934319
-5242.466667	-247.851471	98.031944
-5242.400000	-248.126923	97.890320
-5242.333333	-248.424835	97.954750
-5242.266667	-248.252045	97.955368
-5242.200000	-248.547333	98.052254
-5242.133333	-248.626038	98.139442
-5242.066667	-248.552200	98.054832
-5242.000000	-249.056839	98.001770
-5241.933333	-248.604019	97.710739
-5241.866667	-248.511963	97.707642
-5241.800000	-248.880554	97.480957
-5241.733333	-248.936920	97.427589
-5241.666667	-248.682693	97.453148
-5241.600000	-248.952881	97.230545
-5241.533333	-249.070206	97.319099
-5241.466667	-249.448502	97.392151
-5241.400000	-249.866272	97.435852
-5241.333333	-250.193771	97.745308
-5241.266667	-250.143570	97.368156
-5241.200000	-250.482040	97.351456
-5241.133333	-250.424805	97.492287
-5241.066667	-250.774231	97.397903
-5241.000000	-250.530289	97.662750
-5240.933333	-250.461777	97.475166
-5240.866667	-250.220856	97.357658
-5240.800000	-249.911423	97.465378
-5240.733333	-250.089355	97.492958
-5240.666667	-249.794373	97.620346
-5240.600000	-249.961090	97.984360
-5240.533333	-249.632431	97.936989
-5240.466667	-249.872574	98.053818
-5240.400000	-250.178726	98.100922
-5240.333333	-250.045502	98.456711
-5240.266667	-249.636978	98.224823
-5240.200000	-249.883743	98.580437
-5240.133333	-249.849121	98.509254
-5240.066667	-250.257187	98.495827
-5240.000000	-249.660156	98.097229
-5239.933333	-249.710892	98.175575
-5239.866667	-249.958527	98.381042
-5239.800000	-249.962555	98.042427
-5239.733333	-249.769318	98.104568
-5239.666667	-249.925171	98.103462
-5239.600000	-249.879562	97.762802
-5239.533333	-249.653687	97.790787
-5239.466667	-249.692535	97.546944
-5239.400000	-249.711853	97.596352
-5239.333333	-249.657166	97.333374
-5239.266667	-249.942780	97.405540
-5239.200000	-249.982620	97.334892
-5239.133333	-249.797394	97.338478
-5239.066667	-249.904007	97.320366
-5239.000000	-249.687393	97.277809
-5238.933333	-250.008453	97.231316
-5238.866667	-250.285263	97.346489
-5238.800000	-250.827972	97.404976
-5238.733333	-250.713547	97.598946
-5238.666667	-250.749435	97.522202
-5238.600000	-250.933609	97.450226
-5238.533333	-251.436203	97.517792
-5238.466667	-251.901123	97.719635
-5238.400000	-251.785385	97.606361
-5238.333333	-252.153000	97.694588
-5238.266667	-252.430801	97.744659
-5238.200000	-252.190750	97.911545
-5238.133333	-252.552292	97.930840
-5238.066667	-252.913849	98.180565
-5238.000000	-253.019287	97.955734
-5237.933333	-252.730255	97.926872
-5237.866667	-253.226425	98.244232
-5237.800000	-252.744431	97.827164
-5237.733333	-252.823181	97.681099
-5237.666667	-252.797928	97.552444
-5237.600000	-252.763397	97.359436
-5237.533333	-252.580261	97.547134
-5237.466667	-252.195679	97.022514
-5237.400000	-252.044189	96.963593
-5237.333333	-252.192337	96.928505
-5237.266667	-251.645660	96.470657
-5237.200000	-252.090988	96.612297
-5237.133333	-252.131134	96.317894
-5237.066667	-251.712799	96.250938
-5237.000000	-252.235107	96.317520
-5236.933333	-251.941116	96.210342
-5236.866667	-252.192322	96.419548
-5236.800000	-251.874695	96.088066
-5236.733333	-251.636063	96.101273
-5236.666667	-251.970657	96.076920
-5236.600000	-251.791504	96.058281
-5236.533333	-251.992950	96.163719
-5236.466667	-252.321899	96.309555
-5236.400000	-252.314178	96.240662
-5236.333333	-252.609131	96.145393
-5236.266667	-252.695251	96.170151
-5236.200000	-253.263519	96.217300
-5236.133333	-253.353561	96.385170
-5236.066667	-253.799713	96.840302
-5236.000000	-253.824081	96.806679
-5235.933333	-253.385056	96.932907
-5235.866667	-253.516800	96.796112
-5235.800000	-253.619492	97.065025
-5235.733333	-253.700470	96.830208
-5235.666667	-253.972107	96.843994
-5235.600000	-253.999619	96.836441
-5235.533333	-254.079330	96.651413
-5235.466667	-254.332703	96.597725
-5235.400000	-254.665756	96.250908
-5235.333333	-254.268982	96.290329
-5235.266667	-254.598892	96.078735
-5235.200000	-255.064087	96.317459
-5235.133333	-254.955795	96.177711
-5235.066667	-254.795654	96.028542
-5235.000000	-254.904556	96.050522
-5234.933333	-255.338654	96.178169
-5234.866667	-255.093155	96.120262
-5234.800000	-254.803711	95.788986
-5234.733333	-254.830811	96.024658
-5234.666667	-254.687729	96.081650
-5234.600000	-255.151169	96.337387
-5234.533333	-255.122543	96.338974
-5234.466667	-255.671906	96.535744
-5234.400000	-255.465363	96.447456
-5234.333333	-255.561539	96.527885
-5234.266667	-255.570038	96.520638
-5234.200000	-255.813889	96.718994
-5234.133333	-255.484528	96.661278
-5234.066667	-255.701981	96.689232
-5234.000000	-255.700165	96.816788
-5233.933333	-255.473694	96.602661
-5233.866667	-256.282227	97.122818
-5233.800000	-255.414810	97.102829
-5233.733333	-255.658737	96.734383
-5233.666667	-256.150574	97.177902
-5233.600000	-256.015442	96.997589
-5233.533333	-256.279388	97.088333
-5233.466667	-256.533478	96.974403
-5233.400000	-256.372192	96.705765
-5233.333333	-256.219238	96.871216
-5233.266667	-256.069672	96.775078
-5233.200000	-256.080597	96.549263
-5233.133333	-255.982300	96.730949
-5233.066667	-255.376572	96.641914
-5233.000000	-255.696182	96.392563
-5232.933333	-255.637894	96.292969
-5232.866667	-255.796295	96.247772
-5232.800000	-255.507812	96.080841
-5232.733333	-255.755081	96.278137
-5232.666667	-254.917313	95.972450
-5232.600000	-255.570557	96.212372
-5232.533333	-255.295334	95.819733
-5232.466667	-255.706818	95.982994
-5232.400000	-256.144287	96.218925
-5232.333333	-256.124573	95.940681
-5232.266667	-256.642395	96.250999
-5232.200000	-256.838379	95.780418
-5232.133333	-257.103394	96.213928
-5232.066667	-257.857483	96.475266
-5232.000000	-257.119324	96.338577
-5231.933333	-257.880341	96.306763
-5231.866667	-257.824097	96.573776
-5231.800000	-258.428162	96.622749
-5231.733333	-258.521912	96.751427
-5231.666667	-258.965851	96.550606
-5231.600000	-258.753876	96.812233
-5231.533333	-258.751404	96.663567
-5231.466667	-258.818848	96.742096
-5231.400000	-259.090027	96.829079
-5231.333333	-259.059082	96.748459
-5231.266667	-259.422943	96.678421
-5231.200000	-259.051758	96.709389
-5231.133333	-259.605225	96.879555
-5231.066667	-259.329712	96.485550
-5231.000000	-259.847412	96.762825
-5230.933333	-259.538177	96.744308
-5230.866667	-259.720856	96.729340
-5230.800000	-259.821686	96.803253
-5230.733333	-259.581390	96.588585
-5230.666667	-259.709198	96.461739
-5230.600000	-259.861359	96.341827
-5230.533333	-259.856659	96.552361
-5230.466667	-259.695801	96.504814
-5230.400000	-260.261444	96.539940
-5230.333333	-260.030731	96.603966
-5230.266667	-260.001038	96.664604
-5230.200000	-259.878021	96.524345
-5230.133333	-260.443359	96.554665
-5230.066667	-260.100098	96.553085
-5230.000000	-260.440887	96.563820
-5229.933333	-259.872314	96.649910
-5229.866667	-260.072174	96.746307
-5229.800000	-260.031281	96.739693
-5229.733333	-259.835297	96.892258
-5229.666667	-260.092682	97.058014
-5229.600000	-260.105774	96.818123
-5229.533333	-260.433197	97.060448
-5229.466667	-260.641907	97.054115
-5229.400000	-260.330627	96.911301
-5229.333333	-260.694580	96.959755
-5229.266667	-261.145050	97.033020
-5229.200000	-261.121002	96.813004
-5229.133333	-261.572693	97.285728
-5229.066667	-261.676636	97.004311
-5229.000000	-261.433197	96.842262
-5228.933333	-261.623413	96.805077
-5228.866667	-261.505646	96.547523
-5228.800000	-261.960785	96.541550
-5228.733333	-261.602478	96.806808
-5228.666667	-261.489746	96.318214
-5228.600000	-261.063049	96.285530
-5228.533333	-261.351837	96.183838
-5228.466667	-261.226440	95.852127
-5228.400000	-261.284058	95.971024
-5228.333333	-261.124329	96.000336
-5228.266667	-261.243774	95.434158
-5228.200000	-261.415405	95.562180
-5228.133333	-262.024750	95.474365
-5228.066667	-261.992188	95.364815
-5228.000000	-261.775146	95.160774
-5227.933333	-262.077362	95.184174
-5227.866667	-261.940826	95.367928
-5227.800000	-262.165405	95.116547
-5227.733333	-262.126099	95.089729
-5227.666667	-261.824463	95.124222
-5227.600000	-261.654541	94.986465
-5227.533333	-261.654297	94.754951
-5227.466667	-261.399109	94.743355
-5227.400000	-261.839203	94.740540
-5227.333333	-261.818634	94.951607
-5227.266667	-262.008667	95.175804
-5227.200000	-262.321594	95.044701
-5227.133333	-261.910736	94.835159
-5227.066667	-262.480316	95.118095
-5227.000000	-262.086792	94.984612
-5226.933333	-262.609711	94.861458
-5226.866667	-262.666595	94.721390
-5226.800000	-262.854675	95.015633
-5226.733333	-262.627106	94.987114
-5226.666667	-262.564087	94.857491
-5226.600000	-263.014465	95.196953
-5226.533333	-262.331238	95.037842
-5226.466667	-262.935333	95.200356
-5226.400000	-262.674103	95.046463
-5226.333333	-262.880768	95.220367
-5226.266667	-262.661896	95.219276
-5226.200000	-262.603119	95.264145
-5226.133333	-262.281799	95.194489
-5226.066667	-262.630341	94.885674
-5226.000000	-261.986023	95.046349
-5225.933333	-262.166901	94.988243
-5225.866667	-262.625793	95.294960
-5225.800000	-262.827332	95.170998
-5225.733333	-262.658386	95.433968
-5225.666667	-263.153809	95.363998
-5225.600000	-263.108795	95.745689
-5225.533333	-263.516083	95.983673
-5225.466667	-264.169861	96.289062
-5225.400000	-264.578583	96.466698
-5225.333333	-264.569183	96.368896
-5225.266667	-264.788300	96.382530
-5225.200000	-265.232300	96.409767
-5225.133333	-265.715302	96.787216
-5225.066667	-266.181641	96.727844
-5225.000000	-266.357574	96.905823
-5224.933333	-266.259613	96.766388
-5224.866667	-266.471619	96.633408
-5224.800000	-266.501801	96.516785
-5224.733333	-266.243774	96.505699
-5224.666667	-266.311310	96.429451
-5224.600000	-266.564117	96.728004
-5224.533333	-266.132507	96.235863
-5224.466667	-266.293610	96.080589
-5224.400000	-266.557251	96.327507
-5224.333333	-266.810577	96.384354
-5224.266667	-266.889038	96.351387
-5224.200000	-267.055939	96.488861
-5224.133333	-267.304718	96.299774
-5224.066667	-267.274109	96.313332
-5224.000000	-267.442535	96.105949
-5223.933333	-267.459595	95.901237
-5223.866667	-267.362549	96.207390
-5223.800000	-267.181305	95.954826
-5223.733333	-267.179077	96.169731
-5223.666667	-267.001526	96.096596
-5223.600000	-267.609589	96.402039
-5223.533333	-267.448059	95.832687
-5223.466667	-267.518311	96.418297
-5223.400000	-267.266693	96.188118
-5223.333333	-267.571075	96.951996
-5223.266667	-267.148163	97.005714
-5223.200000	-267.026978	96.979546
-5223.133333	-267.653931	97.409645
-5223.066667	-267.359344	97.211624
-5223.000000	-267.359894	96.924881
-5222.933333	-267.451447	97.137230
-5222.866667	-267.503784	96.944695
-5222.800000	-267.480591	96.811424
-5222.733333	-267.327759	96.469124
-5222.666667	-267.646576	96.218544
-5222.600000	-267.565430	96.416504
-5222.533333	-267.956390	96.198654
-5222.466667	-267.721649	95.755524
-5222.400000	-267.327057	95.651009
-5222.333333	-267.841644	95.890411
-5222.266667	-267.810669	95.717117
-5222.200000	-267.864563	95.380775
-5222.133333	-267.976685	95.626488
-5222.066667	-268.050018	95.381638
-5222.000000	-268.465851	95.435822
-5221.933333	-268.330933	95.565102
-5221.866667	-268.408386	95.596535
-5221.800000	-268.883148	95.417763
-5221.733333	-269.028961	95.475807
-5221.666667	-269.217590	95.379166
-5221.600000	-269.791229	95.666916
-5221.533333	-270.074646	95.798164
-5221.466667	-269.964447	95.699768
-5221.400000	-270.119843	95.788651
-5221.333333	-270.117401	95.925819
-5221.266667	-269.805878	96.060112
-5221.200000	-269.092560	95.598953
-5221.133333	-269.139557	95.599663
-5221.066667	-268.871368	95.590897
-5221.000000	-269.009399	95.496613
-5220.933333	-269.088806	95.510818
-5220.866667	-269.302582	95.047928
-5220.800000	-269.776978	95.284241
-5220.733333	-269.292084	94.966606
-5220.666667	-269.569183	94.835190
-5220.600000	-269.810181	94.664291
-5220.533333	-269.711761	94.649307
-5220.466667	-269.793518	94.651482
-5220.400000	-269.799164	94.873871
-5220.333333	-269.727783	94.605743
-5220.266667	-270.232941	94.610489
-5220.200000	-270.072906	94.216888
-5220.133333	-270.325714	94.526176
-5220.066667	-270.403625	94.422089
-5220.000000	-270.818176	94.651299
-5219.933333	-270.813049	94.879242
-5219.866667	-271.275757	95.160194
-5219.800000	-271.220795	94.800034
-5219.733333	-271.202454	94.844208
-5219.666667	-271.430420	94.926849
-5219.600000	-271.654602	94.996552
-5219.533333	-272.184296	95.051971
-5219.466667	-272.161346	95.333664
-5219.400000	-272.210449	95.576416
-5219.333333	-282.927032	104.624565
-5219.266667	-283.197327	104.723419
-5219.200000	-283.267487	104.810349
-5219.133333	-283.382721	104.983589
-5219.066667	-283.547485	105.008400
-5219.000000	-283.524689	105.088577
-5218.933333	-283.591522	105.093407
-5218.866667	-283.741180	105.161629
-5218.800000	-283.841492	105.048996
-5218.733333	-283.891571	105.227905
-5218.666667	-284.005188	105.010651
-5218.600000	-284.049561	104.986214
-5218.533333	-283.966431	104.985901
-5218.466667	-284.051331	104.982094
-5218.400000	-284.074158	104.790749
-5218.333333	-284.206146	104.657738
-5218.266667	-284.218445	104.523552
-5218.200000	-284.416412	104.494331
-5218.133333	-284.288086	104.557167
-5218.066667	-284.291382	104.465302
-5218.000000	-284.416931	104.329140
-5217.933333	-284.446594	104.384293
-5217.866667	-284.565491	104.279907
-5217.800000	-284.450165	104.229088
-5217.733333	-284.700592	104.168106
-5217.666667	-284.820831	104.086441
-5215.266667	-285.187653	103.483932
-5210.333333	-285.044098	103.084648
-5207.800000	-297.422974	101.594826
-5207.733333	-297.765991	101.632896
-5207.666667	-297.765991	101.632896
-5207.600000	-297.900940	101.435150
-5207.533333	-298.096893	101.426231
-5207.466667	-297.963989	101.502831
-5207.400000	-298.372986	101.089493
-5207.333333	-298.595856	101.181160
-5207.266667	-298.595856	101.181160
-5207.200000	-298.538269	101.003578
-5207.133333	-298.516602	101.332268
-5207.066667	-298.734406	101.300034
-5207.000000	-298.906799	101.245705
-5206.933333	-299.111542	101.150726
-5206.866667	-299.337036	101.147659
-5206.800000	-299.337036	101.147659
-5206.733333	-299.452026	101.089027
-5206.666667	-299.530792	101.229073
-5206.600000	-299.724762	101.252792
-5206.533333	-300.026428	101.377075
-5206.466667	-300.344910	101.202126
-5206.400000	-300.344910	101.202126
-5206.333333	-300.328125	101.384682
-5206.266667	-300.857513	101.575996
-5206.200000	-303.156433	101.566422
-5206.133333	-303.690796	101.260818
-5206.066667	-304.050323	100.887215
-5206.000000	-304.050323	100.887215
-5205.933333	-304.227844	100.790482
-5205.866667	-304.281006	100.653381
-5205.800000	-304.821747	100.248055
-5205.733333	-304.939972	100.008301
-5205.666667	-305.061829	99.883835
-5205.600000	-305.061829	99.883835
-5205.533333	-305.109131	99.758202
-5205.466667	-305.175629	99.452843
-5205.400000	-305.626373	99.358009
-5205.333333	-306.060486	98.969299
-5205.266667	-305.957977	99.139465
-5205.200000	-306.047058	99.230408
-5205.133333	-306.047058	99.230408
-5205.066667	-306.064728	99.084709
-5205.000000	-306.308411	99.067352
-5204.933333	-306.455139	99.155060
-5204.866667	-306.522614	98.748581
-5204.800000	-306.829010	99.016792
-5204.733333	-306.829010	99.016792
-5204.666667	-306.707336	98.813461
-5204.600000	-306.869446	99.251656
-5204.533333	-306.723633	99.230499
-5204.466667	-307.110901	99.100410
-5204.400000	-307.369598	98.965256
-5204.333333	-307.369598	98.965256
-5204.266667	-307.082275	98.923714
-5204.200000	-307.836212	99.092224
-5204.133333	-307.808441	99.158340
-5204.066667	-307.752808	99.214966
-5204.000000	-308.099823	99.037895
-5203.933333	-308.117523	99.028870
-5203.866667	-308.117523	99.028870
-5203.800000	-308.478485	98.664978
-5203.733333	-308.670898	98.640038
-5203.666667	-308.574402	98.536781
-5203.600000	-308.724884	98.413498
-5203.533333	-308.892426	98.340240
-5203.466667	-308.892426	98.340240
-5203.400000	-309.364288	98.159767
-5203.333333	-309.272980	98.080772
-5203.266667	-309.239716	98.009117
-5203.200000	-309.145996	98.002602
-5203.133333	-309.323608	97.973839
-5203.066667	-309.323608	97.973839
-5203.000000	-309.456604	97.548294
-5202.933333	-309.468933	97.639633
-5202.866667	-309.621582	97.843552
-5202.800000	-309.940918	98.064270
-5202.733333	-309.903046	98.077034
-5202.666667	-309.903046	98.077034
-5202.600000	-310.503448	97.619217
-5202.533333	-310.527283	97.996254
-5202.466667	-310.493073	98.291389
-5202.400000	-310.610352	97.943344
-5202.333333	-310.709045	98.420998
-5202.266667	-310.827606	98.310715
-5202.200000	-310.914551	98.381798
-5202.133333	-311.220184	98.431778
-5202.066667	-311.198181	98.335953
-5202.000000	-311.532196	98.174522
-5201.933333	-311.493134	98.314926
-5201.866667	-311.482178	98.001678
-5201.800000	-311.527344	98.093254
-5201.733333	-311.724304	97.921623
-5201.666667	-311.777954	98.053452
-5201.600000	-312.326813	97.901276
-5201.533333	-312.206085	97.900757
-5201.466667	-312.159760	97.850815
-5201.400000	-312.573853	97.440506
-5201.333333	-312.549500	97.459076
-5201.266667	-312.784821	97.392586
-5201.200000	-312.652618	97.074837
-5201.133333	-312.604218	97.106255
-5201.066667	-312.660400	96.775513
-5201.000000	-312.910339	96.898964
-5200.933333	-312.786255	96.856895
-5200.866667	-313.134766	96.778770
-5200.800000	-313.170441	96.897194
-5200.733333	-313.093781	96.838951
-5200.666667	-313.214294	96.730492
-5200.600000	-313.226440	96.960716
-5200.533333	-313.539246	97.014160
-5200.466667	-313.903961	97.192825
-5200.400000	-314.053833	97.047554
-5200.333333	-314.111237	97.069420
-5200.266667	-314.279358	96.954094
-5200.200000	-314.430511	96.958679
-5200.133333	-314.667877	96.837555
-5200.066667	-314.740692	96.724403
-5200.000000	-314.740967	97.092278
-5199.933333	-314.720062	96.668915
-5199.866667	-314.961029	96.900208
-5199.800000	-314.984589	96.666397
-5199.733333	-315.015991	97.123863
-5199.666667	-314.952332	96.871613
-5199.600000	-315.172638	96.457451
-5199.533333	-315.216278	96.561852
-5199.466667	-315.331268	96.356270
-5199.400000	-315.273987	96.522217
-5199.333333	-315.011169	96.432861
-5199.266667	-315.238861	96.499374
-5199.200000	-315.189789	96.162422
-5199.133333	-315.302887	96.188858
-5199.066667	-315.263184	96.219353
-5199.000000	-315.354492	96.312500
-5198.933333	-315.652588	96.046249
-5198.866667	-315.859406	96.081970
-5198.800000	-315.652344	96.155182
-5198.733333	-315.654388	96.105942
-5198.666667	-315.668457	96.269318
-5198.600000	-316.004974	96.292183
-5198.533333	-315.801453	96.343246
-5198.466667	-316.067932	96.161957
-5198.400000	-315.901031	96.335991
-5198.333333	-316.203796	96.297607
-5198.266667	-316.271912	96.249008
-5198.200000	-316.677002	96.276367
-5198.133333	-316.665558	96.299797
-5198.066667	-316.563385	96.317490
-5198.000000	-316.827667	96.256119
-5197.933333	-316.909058	96.422554
-5197.866667	-316.888580	96.497025
-5197.800000	-317.141266	96.451340
-5197.733333	-317.152466	96.550484
-5197.666667	-317.221466	96.515610
-5197.600000	-317.321198	96.268021
-5197.533333	-317.455414	96.346695
-5197.466667	-317.694000	95.971870
-5197.400000	-317.681000	95.943581
-5197.333333	-317.885071	95.773041
-5197.266667	-318.025726	95.914047
-5197.200000	-317.907623	96.060646
-5197.133333	-318.164429	96.072021
-5197.066667	-318.076172	95.800056
-5197.000000	-318.195465	95.971809
-5196.933333	-318.280029	95.717361
-5196.866667	-318.359894	95.631989
-5196.800000	-318.622620	95.761765
-5196.733333	-318.483521	95.647911
-5196.666667	-318.568939	95.656830
-5196.600000	-318.623505	95.600021
-5196.533333	-318.685974	95.868599
-5196.466667	-319.106476	95.434532
-5196.400000	-318.762451	95.692230
-5196.333333	-319.055054	95.334404
-5196.266667	-319.010406	95.580414
-5196.200000	-319.086121	95.679085
-5196.133333	-319.210693	95.481613
-5196.066667	-319.444336	95.606506
-5196.000000	-319.444305	95.867844
-5195.933333	-319.517456	95.807930
-5195.866667	-319.571167	95.902687
-5195.800000	-319.573761	95.730408
-5195.733333	-319.580688	95.939316
-5195.666667	-319.806610	95.930931
-5195.600000	-320.025024	96.126190
-5195.533333	-320.185944	96.218452
-5195.466667	-320.341339	96.219200
-5195.400000	-320.312347	96.262398
-5195.333333	-320.558655	96.081589
-5195.266667	-320.596954	95.887848
-5195.200000	-320.578766	95.952332
-5195.133333	-320.840576	96.179977
-5195.066667	-321.061005	95.955788
-5195.000000	-321.074860	95.602272
-5194.933333	-321.297729	95.442802
-5194.866667	-321.243073	95.537338
-5194.800000	-321.204468	95.587273
-5194.733333	-321.179047	95.308105
-5194.666667	-321.248444	95.103043
-5194.600000	-321.297272	95.427444
-5194.533333	-321.475403	95.380806
-5194.466667	-321.553741	95.489830
-5194.400000	-321.491028	95.355713
-5194.333333	-321.543396	95.269440
-5194.266667	-321.485504	95.491425
-5194.200000	-321.530762	95.177605
-5194.133333	-321.412262	95.522659
-5194.066667	-321.577850	95.443771
-5194.000000	-321.626434	95.440422
-5193.933333	-321.666565	95.379311
-5193.866667	-321.827728	95.491264
-5193.800000	-322.039734	95.652298
-5193.733333	-322.266022	95.564934
-5193.666667	-322.389862	95.407303
-5193.600000	-322.375488	95.580139
-5193.533333	-322.383667	95.576660
-5193.466667	-322.208649	95.902687
-5193.400000	-322.615082	95.815628
-5193.333333	-322.636597	95.708633
-5193.266667	-322.673615	95.894279
-5193.200000	-322.829895	95.795868
-5193.133333	-323.018280	95.684242
-5193.066667	-323.031464	95.669792
-5193.000000	-323.347656	95.512039
-5192.933333	-323.776947	95.301125
-5192.866667	-323.623901	94.916000
-5192.800000	-323.730957	94.890923
-5192.733333	-323.814209	94.664528
-5192.666667	-324.083618	94.627632
-5192.600000	-323.900757	94.556519
-5192.533333	-323.927887	94.511726
-5192.466667	-324.024353	94.311142
-5192.400000	-324.034363	94.169098
-5192.333333	-324.034698	94.360435
-5192.266667	-323.852631	94.508537
-5192.200000	-323.999695	94.361473
-5192.133333	-324.220764	94.236198
-5192.066667	-324.451019	94.391014
-5192.000000	-324.347260	94.477844
-5191.933333	-324.689911	94.812668
-5191.866667	-324.680145	94.739616
-5191.800000	-325.031403	94.626709
-5191.733333	-325.141327	94.896400
-5191.666667	-325.457031	95.019844
-5191.600000	-325.510986	95.320328
-5191.533333	-325.425049	95.569328
-5191.466667	-325.466705	95.712509
-5191.400000	-325.558044	95.765991
-5191.333333	-325.735413	95.860245
-5191.266667	-326.053558	95.718826
-5191.200000	-325.928284	95.905022
-5191.133333	-326.106476	95.927826
-5191.066667	-326.111847	95.539932
-5191.000000	-326.155487	95.875366
-5190.933333	-326.180908	96.075920
-5190.866667	-326.103760	95.736397
-5190.800000	-326.228485	95.770210
-5190.733333	-326.434875	95.323807
-5190.666667	-326.625366	95.300102
-5190.600000	-326.388977	95.215645
-5190.533333	-326.706635	95.073677
-5190.466667	-326.841400	94.880577
-5190.400000	-326.758942	94.904510
-5190.333333	-326.851257	94.671021
-5190.266667	-326.916748	94.516708
-5190.200000	-326.862976	94.602089
-5190.133333	-327.098114	94.287170
-5190.066667	-327.304260	94.631485
-5190.000000	-327.317749	94.432503
-5189.933333	-327.388855	94.695328
-5189.866667	-327.631805	94.346489
-5189.800000	-324.607483	109.698067
-5189.733333	-331.376648	106.182724
-5189.666667	-332.947998	107.676804
-5189.600000	-326.900757	104.621025
-5189.533333	-326.900757	104.621025
-5189.466667	-332.110809	106.260002
-5189.400000	-332.110809	106.260002
-5189.333333	-336.940796	100.464005
-5189.266667	-329.084015	108.449600
-5189.200000	-329.212799	97.952400
-5189.133333	-334.694489	104.601021
-5189.066667	-328.440002	98.145599
-5189.000000	-332.690399	99.845764
-5188.933333	-327.280792	102.975601
-5188.866667	-327.280792	112.442406
-5188.800000	-336.361206	104.134804
-5188.733333	-333.463196	106.388802
-5188.666667	-329.406006	105.873604
-5188.600000	-333.463196	99.884399
-5188.533333	-332.690399	105.100800
-5188.466667	-335.201996	97.179604
-5188.400000	-331.724396	101.913002
-5188.333333	-327.926392	104.264267
-5188.266667	-334.366791	100.887825
-5188.200000	-337.352081	101.542183
-5188.133333	-327.763794	103.941605
-5188.066667	-331.448608	105.770584
-5188.000000	-331.434601	103.458603
-5187.933333	-331.048218	105.873604
-5187.866667	-328.343414	108.385201
-5187.800000	-333.076813	100.850403
-5187.733333	-330.500793	104.585602
-5187.666667	-336.747620	99.498001
-5187.600000	-334.841919	96.850349
-5187.533333	-331.304932	103.791832
-5187.466667	-331.304932	103.791832
-5187.400000	-332.014221	98.821800
-5187.333333	-330.603851	103.323364
-5187.266667	-340.032013	100.464005
-5187.200000	-335.266418	101.880806
-5187.133333	-335.266418	101.880806
-5187.066667	-331.072052	103.873360
-5187.000000	-329.599213	98.532005
-5186.933333	-335.781616	111.669601
-5186.866667	-332.883606	95.827202
-5186.800000	-338.293213	106.839600
-5186.733333	-333.270020	101.430000
-5186.666667	-334.819641	108.310150
-5186.600000	-332.304016	99.562401
-5186.533333	-334.196472	96.410828
-5186.466667	-337.894379	98.189384
-5186.400000	-340.225220	97.566002
-5186.333333	-339.645599	102.396004
-5186.266667	-336.940796	94.281601
-5186.200000	-340.032013	97.759201
-5186.133333	-340.032013	97.759201
-5186.066667	-330.602722	102.620361
-5186.000000	-334.346405	100.408806
-5185.933333	-337.581909	97.706596
-5185.866667	-331.724396	104.907600
-5185.800000	-335.781616	96.599998
-5185.733333	-336.477142	105.487206
-5185.666667	-333.559814	104.617805
-5185.600000	-333.849609	97.759201
-5185.533333	-333.427155	106.290787
-5185.466667	-332.432800	112.056000
-5185.400000	-329.599213	102.009605
-5185.333333	-329.212799	102.009605
-5185.266667	-336.554413	110.124001
-5185.200000	-335.395203	111.090004
-5185.133333	-335.395203	111.025604
-5185.066667	-335.395203	111.025604
-5185.000000	-335.395203	111.025604
-5184.933333	-337.584808	108.578400
-5184.866667	-337.584808	108.578400
-5184.800000	-339.259216	99.433601
-5184.733333	-343.123199	97.372803
-5184.666667	-343.123199	97.372803
-5184.600000	-331.917603	100.850403
-5184.533333	-339.838806	104.521202
-5184.466667	-343.123199	96.986404
-5184.400000	-332.690399	105.680405
-5184.333333	-337.327209	110.896805
-5184.266667	-343.123199	97.372803
-5184.200000	-337.836609	102.044540
-5184.133333	-340.032013	94.667999
-5184.066667	-331.917603	100.850403
-5184.000000	-343.509613	102.396004
-5183.933333	-343.509613	102.396004
-5183.866667	-332.304016	104.328003
-5183.800000	-332.304016	104.328003
-5183.733333	-332.658905	103.026978
-5183.666667	-333.270020	105.004204
-5183.600000	-334.186218	100.769379
-5183.533333	-336.167999	94.667999
-5183.466667	-340.150146	104.051933
-5183.400000	-337.906799	103.651802
-5183.333333	-340.032013	98.532005
-5183.266667	-338.100006	106.066803
-5183.200000	-334.622406	99.884399
-5183.133333	-336.651001	106.646400
-5183.066667	-337.584808	109.995201
-5183.000000	-335.266418	108.707199
-5182.933333	-335.008820	108.192001
-5182.866667	-336.631683	104.946243
-5182.800000	-337.198395	106.903999
-5182.733333	-335.956177	99.859421
-5182.666667	-334.133484	101.236801
-5182.600000	-339.452393	103.555199
-5182.533333	-336.971741	105.234909
-5182.466667	-335.137604	103.168800
-5182.400000	-334.235992	99.304802
-5182.333333	-337.713593	96.213600
-5182.266667	-337.713593	96.213600
-5182.200000	-337.713593	96.213600
-5182.133333	-337.713593	96.213600
-5182.066667	-340.032013	104.972000
-5182.000000	-336.747620	108.771599
-5181.933333	-334.413300	101.855095
-5181.866667	-342.608002	99.820000
-5181.800000	-335.781616	107.805603
-5181.733333	-335.008820	102.782402
-5181.666667	-342.543610	105.293999
-5181.600000	-335.201996	104.907600
-5181.533333	-341.384399	98.145599
-5181.466667	-340.901398	105.873604
-5181.400000	-342.854950	96.410828
-5181.333333	-339.858704	99.281128
-5181.266667	-338.100006	110.510399
-5181.200000	-341.960083	102.259773
-5181.133333	-342.134491	102.304108
-5181.066667	-342.287903	102.359352
-5181.000000	-342.413300	102.477554
-5180.933333	-342.543335	102.434799
-5180.866667	-342.693359	102.494049
-5180.800000	-342.721558	102.644196
-5180.733333	-342.861633	102.594604
-5180.666667	-342.971069	102.527687
-5180.600000	-343.114410	102.519119
-5180.533333	-343.203979	102.549286
-5180.466667	-343.370972	102.380241
-5180.400000	-343.492340	102.285881
-5180.333333	-343.509308	102.261757
-5180.266667	-343.643677	102.148361
-5180.200000	-343.726196	101.999626
-5180.133333	-343.853577	101.852112
-5180.066667	-343.979645	101.763794
-5180.000000	-343.932770	101.768585
-5179.933333	-344.058319	101.652077
-5179.866667	-344.124603	101.644875
-5179.800000	-344.201569	101.552155
-5179.733333	-344.226349	101.474388
-5179.666667	-344.363617	101.459808
-5179.600000	-344.489838	101.401443
-5179.533333	-344.582275	101.477852
-5179.466667	-344.617157	101.639717
-5179.400000	-344.716431	101.676880
-5179.333333	-344.854980	101.612762
-5179.266667	-344.939026	101.752403
-5179.200000	-345.154327	101.715591
-5179.133333	-345.324219	101.722832
-5179.066667	-345.447571	101.823059
-5179.000000	-345.650024	101.851891
-5178.933333	-345.828491	101.940727
-5178.866667	-345.926392	101.985825
-5178.800000	-346.062714	101.981125
-5178.733333	-346.092224	102.106407
-5178.666667	-346.232544	102.033974
-5178.600000	-346.397675	101.992653
-5178.533333	-346.497559	102.007912
-5178.466667	-346.545715	101.976990
-5178.400000	-346.735229	101.991043
-5178.333333	-346.783508	101.950577
-5178.266667	-346.821960	101.726555
-5178.200000	-346.825836	101.679268
-5178.133333	-346.938690	101.625626
-5178.066667	-346.964050	101.583473
-5178.000000	-347.142242	101.396866
-5177.933333	-347.125122	101.385582
-5177.866667	-347.266602	101.349892
-5177.800000	-347.319336	101.372726
-5177.733333	-347.436829	101.159691
-5177.666667	-347.560028	101.063751
-5177.600000	-347.642487	101.008400
-5177.533333	-347.692230	101.028976
-5177.466667	-347.784058	101.030945
-5177.400000	-347.918854	101.029900
-5177.333333	-347.931976	100.910011
-5177.266667	-348.143829	100.943489
-5177.200000	-348.350922	100.892593
-5177.133333	-348.513336	100.928856
-5177.066667	-348.610016	101.099785
-5177.000000	-348.760925	101.196159
-5176.933333	-348.848785	101.267212
-5176.866667	-349.001312	101.412170
-5176.800000	-349.151855	101.566292
-5176.733333	-349.322021	101.499298
-5176.666667	-349.390869	101.597031
-5176.600000	-349.560028	101.684814
-5176.533333	-349.703278	101.706551
-5176.466667	-349.871124	101.604454
-5176.400000	-349.943146	101.658417
-5176.333333	-350.049530	101.547798
-5176.266667	-350.095459	101.596130
-5176.200000	-350.151611	101.539101
-5176.133333	-350.320801	101.381500
-5176.066667	-350.404236	101.330612
-5176.000000	-350.500580	101.353508
-5175.933333	-350.597260	101.109016
-5175.866667	-350.748505	101.016716
-5175.800000	-350.770447	101.025177
-5175.733333	-350.888519	100.971710
-5175.666667	-351.028595	100.974815
-5175.600000	-351.105957	100.868782
-5175.533333	-351.166748	100.840240
-5175.466667	-351.164948	100.822266
-5175.400000	-351.414062	100.805000
-5175.333333	-351.489471	100.656258
-5175.266667	-351.540466	100.694489
-5175.200000	-351.697144	100.635529
-5175.133333	-351.767303	100.735924
-5175.066667	-352.000427	100.841118
-5175.000000	-352.185120	100.775940
-5174.933333	-352.311646	100.861549
-5174.866667	-352.394775	100.928963
-5174.800000	-352.526947	101.078117
-5174.733333	-352.605469	101.174271
-5174.666667	-352.801849	101.157410
-5174.600000	-352.864227	101.069633
-5174.533333	-353.027557	101.171150
-5174.466667	-353.172516	101.330116
-5174.400000	-353.341766	101.242523
-5174.333333	-353.464600	101.296921
-5174.266667	-353.490173	101.396957
-5174.200000	-353.680847	101.233994
-5174.133333	-353.680847	101.233994
-5174.066667	-353.764984	101.165657
-5174.000000	-353.873383	101.127937
-5173.933333	-353.974152	100.949158
-5173.866667	-354.089111	100.922935
-5173.800000	-354.344299	100.646973
-5173.733333	-354.344299	100.646973
-5173.666667	-354.307220	100.633301
-5173.600000	-354.395111	100.547295
-5173.533333	-354.574066	100.600105
-5173.466667	-354.617310	100.509918
-5173.400000	-354.710205	100.359718
-5173.333333	-354.710205	100.359718
-5173.266667	-354.828247	100.359978
-5173.200000	-354.988281	100.365875
-5173.133333	-355.060028	100.414322
-5173.066667	-355.220703	100.404457
-5173.000000	-355.475861	100.454956
-5172.933333	-355.576080	100.549057
-5172.866667	-355.576080	100.549057
-5172.800000	-355.767059	100.563133
-5172.733333	-352.668518	81.721954
-5172.666667	-352.844330	81.742310
-5172.600000	-353.032898	82.049500
-5172.533333	-353.211639	82.104523
-5172.466667	-353.211639	82.104523
-5172.400000	-353.343353	82.186707
-5172.333333	-353.507812	82.320679
-5172.266667	-353.634277	82.359505
-5172.200000	-353.945862	82.387817
-5172.133333	-354.065552	82.268417
-5172.066667	-354.065552	82.268417
-5172.000000	-354.134186	82.093185
-5171.933333	-354.227509	82.106758
-5171.866667	-354.368164	81.930405
-5171.800000	-354.521332	81.755440
-5171.733333	-354.525604	81.683197
-5171.666667	-354.525604	81.683197
-5171.600000	-354.641388	81.557335
-5171.533333	-354.546936	81.489815
-5171.466667	-354.543304	81.522476
-5171.400000	-354.624146	81.577545
-5171.333333	-354.884155	81.629448
-5171.266667	-355.010162	81.639549
-5171.200000	-355.010162	81.639549
-5171.133333	-355.244110	81.687637
-5171.066667	-355.482727	81.713234
-5171.000000	-355.715881	81.526138
-5170.933333	-355.884796	81.641685
-5170.866667	-355.887299	81.538826
-5170.800000	-355.887299	81.538826
-5170.733333	-356.209198	81.597443
-5170.666667	-356.391388	81.734657
-5170.600000	-356.790436	81.869194
-5170.533333	-356.985016	82.024101
-5170.466667	-357.285400	82.111168
-5170.400000	-357.285400	82.111168
-5170.333333	-357.423859	82.065208
-5170.266667	-359.697327	100.865662
-5170.200000	-360.894379	101.344177
-5170.133333	-359.524811	102.487732
-5170.066667	-359.914124	101.408371
-5170.000000	-360.779449	100.980400
-5169.933333	-360.779449	100.980400
-5169.866667	-361.707520	98.518982
-5169.800000	-361.596527	101.237495
-5169.733333	-362.204163	101.645485
-5169.666667	-361.665985	99.231094
-5169.600000	-362.102966	99.004280
-5169.533333	-362.102966	99.004280
-5169.466667	-361.946930	99.092072
-5169.400000	-362.758209	98.844582
-5169.333333	-362.831268	98.279312
-5169.266667	-363.307587	98.999779
-5169.200000	-362.410461	97.866478
-5169.133333	-362.410461	97.866478
-5169.066667	-362.377228	99.896645
-5169.000000	-362.852478	98.646568
-5168.933333	-362.623627	99.771690
-5168.866667	-362.013428	100.453598
-5168.800000	-361.195740	99.409912
-5168.733333	-362.207397	100.162170
-5168.666667	-361.810120	101.136017
-5168.600000	-362.690125	98.578728
-5168.533333	-362.979309	99.321495
-5168.466667	-363.407837	99.749435
-5168.400000	-363.703491	100.826691
-5168.333333	-363.607269	100.689888
-5168.266667	-363.355286	100.281334
-5168.200000	-363.673309	102.073380
-5168.133333	-364.242065	100.568672
-5168.066667	-365.605927	100.198639
-5168.000000	-363.652527	100.710022
-5167.933333	-364.650665	99.902756
-5167.866667	-364.823395	99.893936
-5167.800000	-364.917664	99.895500
-5167.733333	-364.975952	99.907097
-5167.666667	-365.107361	99.864609
-5167.600000	-365.196777	99.702881
-5167.533333	-365.283691	99.586769
-5167.466667	-365.389923	99.566795
-5167.400000	-365.456604	99.345718
-5167.333333	-365.509552	99.231842
-5167.266667	-365.609283	99.210701
-5167.200000	-365.685852	99.151924
-5167.133333	-365.799500	99.099709
-5167.066667	-365.918030	99.074158
-5167.000000	-365.987274	99.043602
-5166.933333	-366.201752	99.078659
-5166.866667	-366.240295	99.126328
-5166.800000	-366.370300	99.076340
-5166.733333	-366.541687	99.138588
-5166.666667	-366.629608	99.080368
-5166.600000	-366.841095	99.197769
-5166.533333	-366.877808	99.342056
-5166.466667	-367.049774	99.384201
-5166.400000	-367.321106	99.408096
-5166.333333	-367.482574	99.336258
-5166.266667	-367.586487	99.373802
-5166.200000	-367.745392	99.487099
-5166.133333	-367.847137	99.423447
-5166.066667	-367.991852	99.540649
-5166.000000	-368.088379	99.600471
-5165.933333	-368.194611	99.636414
-5165.866667	-368.341705	99.683449
-5165.800000	-368.465485	99.772087
-5165.733333	-368.513458	99.669044
-5165.666667	-368.706451	99.485741
-5165.600000	-368.696503	99.613068
-5165.533333	-368.893982	99.386932
-5165.466667	-369.006409	99.397652
-5165.400000	-369.104706	99.216309
-5165.333333	-369.165863	99.158188
-5165.266667	-369.260101	99.070282
-5165.200000	-369.354401	99.036484
-5165.133333	-369.485779	98.910370
-5165.066667	-369.507202	98.830597
-5165.000000	-369.656769	98.757790
-5164.933333	-369.610779	98.803764
-5164.866667	-369.767029	98.678604
-5164.800000	-369.878174	98.767433
-5164.733333	-370.061920	98.742508
-5164.666667	-370.106689	98.825638
-5164.600000	-370.284790	98.750092
-5164.533333	-370.405762	98.792114
-5164.466667	-370.507324	98.868065
-5164.400000	-370.719666	98.909386
-5164.333333	-370.841553	98.973152
-5164.266667	-371.007538	99.087875
-5164.200000	-371.149139	99.057892
-5164.133333	-371.384125	99.110771
-5164.066667	-371.432220	99.222916
-5164.000000	-371.623047	99.180267
-5163.933333	-371.780792	99.251762
-5163.866667	-371.900848	99.268761
-5163.800000	-371.985016	99.349762
-5163.733333	-372.165222	99.307686
-5163.666667	-372.209900	99.299538
-5163.600000	-372.266602	99.295242
-5163.533333	-372.373413	99.198792
-5163.466667	-372.464539	99.196251
-5163.400000	-372.574677	99.103149
-5163.333333	-372.666595	98.949463
-5163.266667	-372.704895	98.917625
-5163.200000	-372.823242	98.818245
-5163.133333	-372.904785	98.690735
-5163.066667	-373.044220	98.570923
-5163.000000	-373.209778	98.452049
-5162.933333	-373.350403	98.348343
-5162.866667	-373.379974	98.231842
-5162.800000	-373.466675	98.261108
-5162.733333	-373.569824	98.194672
-5162.666667	-373.601807	98.159714
-5162.600000	-373.772644	98.144775
-5162.533333	-373.821716	98.217178
-5162.466667	-374.007751	98.302223
-5162.400000	-374.209015	98.309563
-5162.333333	-374.310364	98.348442
-5162.266667	-374.447693	98.532402
-5162.200000	-374.678558	98.466812
-5162.133333	-374.795166	98.564491
-5162.066667	-374.962341	98.636208
-5162.000000	-375.167114	98.626671
-5161.933333	-375.286713	98.694649
-5161.866667	-375.455750	98.825775
-5161.800000	-375.480194	98.895302
-5161.733333	-375.637329	98.874428
-5161.666667	-375.758087	98.864838
-5161.600000	-375.841187	98.809486
-5161.533333	-375.893372	98.814476
-5161.466667	-376.056671	98.791855
-5161.400000	-376.129700	98.653000
-5161.333333	-376.235840	98.555443
-5161.266667	-376.399872	98.516914
-5161.200000	-376.415802	98.492676
-5161.133333	-376.529297	98.424553
-5161.066667	-376.602020	98.296288
-5161.000000	-376.740448	98.221939
-5160.933333	-376.885925	98.107994
-5160.866667	-376.961456	97.969620
-5160.800000	-377.069061	97.931793
-5160.733333	-377.103668	97.842766
-5160.666667	-377.355225	97.730927
-5160.600000	-377.460022	97.815987
-5160.533333	-377.506683	97.896988
-5160.466667	-377.699188	97.884819
-5160.400000	-377.809662	97.892853
-5160.333333	-377.866119	98.045540
-5160.266667	-377.950378	97.839531
-5160.200000	-378.005737	97.923752
-5160.133333	-378.211609	97.868187
-5160.066667	-378.334686	97.938835
-5160.000000	-378.516815	98.004951
-5159.933333	-378.762848	98.102455
-5159.866667	-378.902679	98.181480
-5159.800000	-379.031036	98.252831
-5159.733333	-379.137939	98.304321
-5159.666667	-379.340668	98.243515
-5159.600000	-379.651642	98.273392
-5159.533333	-379.871216	98.394371
-5159.466667	-380.132080	98.444504
-5159.400000	-380.470612	98.495193
-5159.333333	-380.619263	98.503372
-5159.266667	-380.569580	98.288818
-5159.200000	-380.493073	98.178230
-5159.133333	-380.386627	98.010605
-5159.066667	-380.315216	97.931725
-5159.000000	-380.246765	97.847778
-5158.933333	-380.202454	97.691872
-5158.866667	-380.149078	97.678322
-5158.800000	-380.118256	97.500488
-5158.733333	-380.032776	97.342827
-5158.666667	-380.001648	97.120384
-5158.600000	-379.967987	97.002777
-5158.533333	-380.074249	96.512207
-5158.466667	-380.276001	96.552002
-5158.400000	-380.519165	96.519165
-5158.333333	-380.727051	96.573074
-5158.266667	-380.916901	96.577141
-5158.200000	-381.080322	96.646080
-5158.133333	-381.308655	96.726669
-5158.066667	-381.550201	96.781868
-5158.000000	-381.799408	96.844627
-5157.933333	-382.023010	96.936203
-5157.866667	-382.263428	96.991867
-5157.800000	-382.450775	97.159622
-5157.733333	-382.571533	97.258850
-5157.666667	-382.711914	97.272682
-5157.600000	-382.882080	97.246475
-5157.533333	-383.102386	97.289062
-5157.466667	-383.231720	97.406929
-5157.400000	-383.375397	97.385170
-5157.333333	-383.497864	97.339493
-5157.266667	-383.614105	97.329659
-5157.200000	-383.736267	97.244034
-5157.133333	-383.797455	97.186508
-5157.066667	-383.886444	97.189056
-5157.000000	-383.979706	97.055115
-5156.933333	-384.003876	96.950684
-5156.866667	-384.103088	96.890526
-5156.800000	-384.220825	96.773048
-5156.733333	-384.323303	96.683434
-5156.666667	-384.399384	96.606194
-5156.600000	-384.495728	96.542450
-5156.533333	-384.613831	96.510147
-5156.466667	-384.751556	96.433212
-5156.400000	-384.761658	96.468803
-5156.333333	-384.902191	96.361542
-5156.266667	-384.938782	96.420418
-5156.200000	-385.115753	96.462975
-5156.133333	-385.269775	96.446877
-5156.066667	-385.378601	96.446365
-5156.000000	-385.513885	96.438248
-5155.933333	-385.624603	96.554985
-5155.866667	-385.735138	96.554230
-5155.800000	-385.873901	96.662048
-5155.733333	-386.064209	96.716545
-5155.666667	-385.896973	96.217873
-5155.600000	-386.185089	96.326523
-5155.533333	-386.335114	96.380089
-5155.466667	-386.444275	96.337593
-5155.400000	-386.564362	96.352684
-5155.333333	-386.702332	96.322212
-5155.266667	-386.792053	96.326218
-5155.200000	-386.988159	96.229889
-5155.133333	-387.063934	96.241837
-5155.066667	-387.197662	96.279640
-5155.000000	-387.533478	96.666687
-5154.933333	-387.643951	96.571312
-5154.866667	-387.749359	96.550873
-5154.800000	-387.810089	96.471321
-5154.733333	-387.887573	96.430717
-5154.666667	-387.942932	96.347450
-5154.600000	-388.104248	96.324135
-5154.533333	-388.196014	96.179001
-5154.466667	-388.245148	96.159317
-5154.400000	-388.374695	96.083977
-5154.333333	-388.481445	96.038574
-5154.266667	-388.613556	95.939461
-5154.200000	-388.755920	95.980232
-5154.133333	-388.899353	95.889328
-5154.066667	-389.095459	95.854851
-5154.000000	-389.130219	95.920937
-5153.933333	-389.250122	95.864235
-5153.866667	-389.393982	95.971375
-5153.800000	-389.552063	96.045685
-5153.733333	-389.694519	96.068733
-5153.666667	-389.808594	96.155884
-5153.600000	-389.983765	96.130676
-5153.533333	-390.034363	96.284813
-5153.466667	-390.252136	96.295624
-5153.400000	-390.309814	96.371033
-5153.333333	-390.421356	96.361870
-5153.266667	-390.559814	96.376381
-5153.133333	-390.832214	96.386055
-5153.066667	-391.000458	96.360802
-5153.000000	-391.143738	96.368782
-5152.933333	-391.283447	96.307091
-5152.866667	-391.416443	96.253021
-5152.800000	-391.458801	96.129723
-5152.733333	-391.555939	96.008400
-5152.666667	-391.664337	95.965912
-5152.600000	-391.806885	95.823349
-5152.533333	-391.865295	95.678482
-5152.466667	-391.918060	95.643486
-5152.400000	-392.106171	95.554138
-5152.333333	-392.136566	95.517731
-5152.266667	-392.226044	95.394073
-5152.200000	-392.295227	95.413025
-5152.133333	-392.450378	95.367073
-5152.066667	-392.637817	95.294235
-5152.000000	-392.711517	95.311073
-5151.933333	-392.859039	95.366531
-5151.866667	-392.980225	95.341537
-5151.800000	-393.087769	95.449638
-5151.733333	-393.201752	95.485710
-5151.666667	-393.370697	95.568436
-5151.600000	-393.434601	95.604042
-5151.533333	-393.590820	95.613976
-5151.466667	-393.695465	95.701019
-5151.400000	-393.895325	95.716812
-5151.333333	-394.014008	95.773941
-5151.266667	-394.164246	95.862030
-5151.200000	-394.291351	95.878067
-5151.133333	-394.472626	95.860344
-5151.066667	-394.614044	95.903160
-5151.000000	-394.687286	95.870377
-5150.933333	-394.803131	95.821930
-5150.866667	-394.966736	95.744446
-5150.800000	-395.028259	95.673447
-5150.733333	-395.146942	95.587860
-5150.666667	-395.233246	95.544357
-5150.600000	-395.270325	95.550262
-5150.533333	-395.397736	95.448502
-5150.466667	-395.515625	95.390091
-5150.400000	-395.640625	95.315254
-5150.333333	-395.737823	95.220085
-5150.266667	-395.845398	95.165199
-5150.200000	-395.933136	95.047241
-5150.133333	-396.013123	95.094589
-5150.066667	-396.136780	95.037994
-5150.000000	-396.257202	94.971306
-5149.933333	-396.386383	94.969131
-5149.866667	-396.478394	94.910439
-5149.800000	-396.624390	94.908249
-5149.733333	-396.729523	94.979057
-5149.666667	-396.871552	94.988762
-5149.600000	-397.029938	94.996132
-5149.533333	-397.097137	95.060379
-5149.466667	-397.223755	95.110687
-5149.400000	-397.381378	95.147408
-5149.333333	-397.546143	95.228325
-5149.266667	-397.703583	95.290428
-5149.200000	-397.806946	95.311371
-5149.133333	-397.979797	95.309319
-5149.066667	-398.086792	95.370399
-5149.000000	-398.196136	95.444756
-5148.933333	-398.324890	95.411423
-5148.866667	-398.464325	95.406807
-5148.800000	-398.528046	95.345207
-5148.733333	-398.693695	95.263176
-5148.666667	-398.816528	95.155182
-5148.600000	-398.887360	95.092995
-5148.533333	-398.705353	94.562157
-5148.466667	-398.744446	94.463562
-5148.400000	-398.928955	94.694489
-5148.333333	-399.076172	94.460236
-5148.266667	-399.194824	94.139267
-5148.200000	-399.278503	94.354752
-5148.133333	-399.395966	94.188858
-5148.066667	-399.503357	94.070496
-5148.000000	-399.599396	94.286232
-5147.933333	-399.836243	94.110886
-5147.866667	-399.865112	94.199524
-5147.800000	-399.978485	94.170914
-5147.733333	-400.109985	94.187332
-5147.666667	-400.222931	94.272575
-5147.600000	-400.336334	94.339859
-5147.533333	-400.426666	94.379097
-5147.466667	-400.716370	94.132561
-5147.400000	-400.695404	94.264320
-5147.333333	-400.854889	94.370239
-5147.266667	-401.026367	94.231194
-5147.200000	-401.173645	94.269882
-5147.133333	-401.225708	94.329430
-5147.066667	-401.482941	94.269859
-5147.000000	-401.524689	94.225182
-5146.933333	-401.539886	94.374130
-5146.866667	-401.659241	94.372459
-5146.800000	-401.632446	94.420395
-5146.733333	-401.810425	94.315956
-5146.666667	-402.173553	94.295486
-5146.600000	-402.120819	94.159561
-5146.533333	-402.193085	94.183052
-5146.466667	-402.364532	94.254845
-5146.333333	-402.482452	94.197197
-5146.266667	-402.619324	94.097488
-5146.200000	-402.774750	94.013252
-5146.133333	-402.910797	93.884308
-5146.066667	-403.065369	94.006454
-5146.000000	-403.074768	93.892029
-5145.933333	-403.198151	93.735619
-5145.866667	-403.345642	93.917969
-5145.800000	-403.526062	93.791924
-5145.733333	-403.554535	93.872612
-5145.666667	-403.760468	93.767242
-5145.600000	-403.782318	93.811996
-5145.533333	-403.926086	93.803818
-5145.466667	-404.384583	94.524803
-5145.400000	-404.485504	94.557602
-5145.333333	-404.436066	94.640953
-5145.266667	-404.725006	94.623741
-5145.200000	-404.926544	94.662262
-5145.133333	-405.109467	94.699989
-5145.066667	-405.249359	94.702919
-5145.000000	-405.335724	94.894005
-5144.933333	-405.469513	94.959030
-5144.866667	-405.634247	94.987488
-5144.800000	-405.703186	94.969597
-5144.733333	-405.881897	94.812752
-5144.666667	-405.984894	94.865952
-5144.600000	-406.136902	94.801178
-5144.533333	-406.073578	95.087700
-5144.466667	-406.208099	95.010414
-5144.400000	-406.445282	94.854851
-5144.333333	-406.497620	94.787819
-5144.266667	-406.588623	94.637184
-5144.200000	-406.775208	94.455849
-5144.133333	-406.910706	94.523933
-5144.066667	-406.987610	94.280640
-5144.000000	-407.040863	94.203590
-5143.933333	-407.140259	94.255569
-5143.866667	-407.227722	94.208649
-5143.800000	-407.357422	94.103546
-5143.733333	-407.438507	94.031952
-5143.666667	-407.664246	93.930931
-5143.600000	-407.793213	93.904274
-5143.533333	-407.879517	93.916008
-5143.466667	-407.874237	93.824715
-5143.400000	-408.095825	93.897491
-5143.333333	-408.145538	93.872299
-5143.266667	-408.290741	94.129601
-5143.200000	-408.391937	94.168922
-5143.133333	-408.553436	94.128128
-5143.066667	-408.762726	94.045654
-5143.000000	-408.946533	94.061241
-5142.933333	-409.033386	94.176956
-5142.866667	-409.153778	94.245514
-5142.800000	-409.311249	94.388687
-5142.733333	-409.395325	94.477470
-5142.666667	-409.576141	94.439346
-5142.600000	-409.801361	94.414566
-5142.533333	-409.893555	94.391701
-5142.400000	-409.994629	94.451416
-5142.333333	-410.117706	94.480782
-5142.200000	-410.390015	94.376411
-5142.133333	-410.430450	94.267204
-5142.000000	-410.687256	93.927101
-5141.933333	-410.813232	93.782127
-5141.866667	-410.874847	93.699409
-5141.800000	-410.960876	93.544807
-5141.733333	-411.064972	93.637604
-5141.666667	-411.107635	93.562859
-5141.600000	-411.323608	93.538086
-5141.466667	-411.583069	93.267303
-5141.400000	-411.772217	93.247253
-5141.266667	-411.928589	93.242867
-5141.200000	-411.971069	93.321632
-5141.133333	-412.294922	93.215187
-5141.000000	-412.294922	93.215187
-5140.933333	-412.560699	93.464951
-5140.866667	-412.663116	93.599068
-5140.800000	-412.847595	93.639603
-5140.666667	-413.311035	93.894012
-5140.600000	-413.311035	93.894012
-5140.533333	-413.540039	93.752708
-5140.400000	-413.540039	93.752708
-5140.333333	-413.892853	93.604263
-5140.200000	-413.990387	93.700119
-5140.133333	-413.988312	93.729736
-5140.066667	-414.144531	93.595688
-5140.000000	-414.244995	93.550354
-5139.933333	-414.238342	93.640030
-5139.866667	-414.374054	93.379379
-5139.800000	-414.374054	93.379379
-5139.733333	-414.430817	93.384628
-5139.666667	-414.623260	93.263229
-5139.600000	-414.644104	93.274216
-5139.533333	-414.965088	93.077400
-5139.466667	-415.095001	93.020538
-5139.400000	-415.244873	93.020767
-5139.333333	-415.244873	93.020767
-5139.266667	-415.312592	93.059395
-5139.200000	-415.350433	92.963554
-5139.133333	-415.791443	93.198692
-5139.066667	-415.956207	93.003868
-5139.000000	-416.148560	93.013718
-5138.933333	-416.148560	93.013718
-5138.866667	-416.303406	93.036453
-5138.800000	-416.525085	93.152733
-5138.733333	-417.182831	93.510620
-5138.666667	-417.565826	93.629128
-5138.600000	-418.001465	93.540031
-5138.533333	-418.001465	93.540031
-5138.466667	-418.220001	93.680290
-5138.400000	-417.992523	93.736465
-5138.333333	-417.862854	93.554993
-5138.266667	-417.677032	93.558525
-5138.200000	-417.617096	93.389877
-5138.133333	-417.617096	93.389877
-5138.066667	-417.470886	93.290825
-5138.000000	-417.352753	93.193359
-5137.933333	-417.190033	92.971527
-5137.866667	-416.943481	92.894806
-5137.800000	-416.809662	92.641685
-5137.733333	-416.841400	92.529251
-5137.666667	-416.841400	92.529251
-5137.600000	-416.939270	92.630943
-5137.533333	-417.553345	92.383240
-5137.466667	-417.545715	92.466911
-5137.400000	-417.792542	92.448654
-5137.333333	-418.152496	92.388062
-5137.266667	-418.152496	92.388062
-5137.200000	-418.372345	92.417969
-5137.133333	-418.791962	92.264885
-5137.066667	-419.067871	92.445740
-5137.000000	-419.249176	92.458893
-5136.933333	-419.625702	92.411926
-5136.866667	-419.625702	92.411926
-5136.800000	-419.901794	92.379433
-5136.733333	-420.325989	92.405151
-5136.666667	-420.502289	92.570854
-5136.533333	-420.746765	92.570717
-5136.466667	-420.856934	92.672874
-5136.400000	-420.856934	92.672874
-5136.266667	-421.075134	92.681595
-5136.200000	-421.146576	92.720795
-5136.133333	-421.355072	92.734566
-5136.000000	-421.429718	92.778694
-5135.933333	-421.552795	92.575768
-5135.866667	-421.693512	92.595604
-5135.733333	-421.962646	92.501205
-5135.666667	-422.021942	92.463432
-5135.600000	-422.021942	92.463432
-5135.533333	-422.212402	92.238342
-5135.466667	-422.319397	92.136162
-5135.400000	-422.444366	92.069763
-5135.333333	-422.633881	91.946739
-5135.266667	-422.604797	92.026489
-5135.200000	-422.604797	92.026489
-5135.133333	-422.773407	92.156403
-5135.066667	-422.906158	92.069267
-5135.000000	-423.052032	91.986954
-5134.933333	-423.273834	92.019119
-5134.866667	-423.392914	92.024666
-5134.800000	-423.520935	92.044243
-5134.733333	-423.548096	92.010872
-5134.666667	-423.727356	91.943268
-5134.600000	-423.934021	92.150650
-5134.533333	-424.050232	92.208694
-5134.466667	-424.228699	92.124718
-5134.400000	-424.464935	92.238808
-5134.333333	-424.532196	92.218620
-5134.266667	-424.767822	92.217888
-5134.200000	-424.873444	92.203697
-5134.133333	-424.894989	92.203102
-5134.066667	-425.026489	92.191940
-5134.000000	-425.111572	92.081017
-5133.866667	-425.248993	92.066338
-5133.800000	-425.377106	91.970772
-5133.733333	-425.404938	92.089073
-5133.600000	-425.779449	91.854271
-5133.533333	-425.843231	91.777061
-5133.466667	-426.042755	91.679001
-5133.400000	-426.039978	91.773804
-5133.333333	-426.184357	91.644974
-5133.266667	-426.174622	91.515594
-5133.200000	-426.413177	91.372101
-5133.133333	-426.512756	91.473236
-5133.066667	-426.545929	91.349884
-5133.000000	-426.765747	91.281563
-5132.933333	-427.000397	91.239006
-5132.866667	-427.014252	91.179604
-5132.800000	-427.172272	91.249092
-5132.733333	-427.304352	91.245674
-5132.666667	-427.391418	91.282074
-5132.600000	-427.605194	91.276428
-5132.533333	-427.698975	91.331261
-5132.466667	-427.749481	91.474472
-5132.400000	-427.865540	91.516693
-5132.333333	-428.101257	91.619682
-5132.266667	-428.245483	91.623062
-5132.200000	-428.306671	91.682274
-5132.133333	-428.456940	91.820923
-5132.066667	-428.660126	91.737656
-5132.000000	-428.748169	91.786255
-5131.866667	-428.949799	91.903229
-5131.800000	-428.986664	91.845436
-5131.733333	-429.117432	91.786781
-5131.666667	-429.194550	91.648575
-5131.600000	-429.422668	91.507957
-5131.533333	-429.505524	91.430717
-5131.466667	-429.539398	91.330696
-5131.400000	-429.622894	91.279556
-5131.333333	-429.628418	91.345901
-5131.266667	-429.792328	91.168816
-5131.200000	-429.893829	91.056419
-5131.133333	-429.968811	91.026024
-5131.066667	-430.092468	90.986351
-5131.000000	-430.320190	90.900772
-5130.933333	-430.374695	91.043381
-5130.866667	-430.509979	90.994980
-5130.800000	-430.665985	90.896736
-5130.733333	-430.608246	77.557144
-5130.666667	-433.609436	68.368378
-5130.600000	-429.125580	89.812828
-5130.533333	-427.307190	91.343811
-5130.466667	-428.147278	91.477242
-5130.400000	-428.540985	91.942184
-5130.333333	-429.059509	92.182541
-5130.266667	-428.898651	92.092598
-5130.200000	-428.618805	91.728600
-5130.133333	-427.456360	88.524895
-5130.066667	-426.731873	79.642540
-5130.000000	-426.731873	79.642540
-5129.933333	-426.731873	79.642540
-5129.866667	-426.731873	79.642540
-5129.800000	-426.731873	79.642540
-5129.733333	-426.731873	79.642540
-5129.666667	-426.731873	79.642540
-5129.600000	-426.731873	79.642540
-5129.533333	-426.731873	79.642540
-5129.466667	-426.731873	79.642540
-5129.400000	-426.731873	79.642540
-5129.333333	-414.598328	37.558968
-5129.266667	-414.656586	39.508068
-5129.200000	-414.317871	59.962440
-5129.133333	-411.271423	55.829651
-5129.066667	-411.793701	49.105553
-5129.000000	-412.683197	43.705521
-5128.933333	-414.462433	52.421463
-5128.866667	-416.570038	57.276493
-5128.800000	-416.669739	58.804436
-5128.733333	-411.868774	52.141579
-5128.666667	-409.823792	49.009171
-5128.600000	-407.198700	41.912373
-5128.533333	-403.693207	41.821457
-5128.466667	-402.995819	44.529629
-5128.400000	-401.472137	45.516239
-5128.333333	-401.472137	45.516239
-5128.266667	-401.472137	45.516239
-5128.200000	-401.472137	45.516239
-5128.133333	-401.472137	45.516239
-5128.066667	-401.472137	45.516239
-5128.000000	-401.472137	45.516239
-5127.933333	-386.563873	63.986687
-5127.866667	-399.550385	79.226501
-5127.800000	-404.868805	72.636765
-5127.733333	-405.971863	72.574326
-5127.666667	-406.733246	72.968575
-5127.600000	-407.443115	73.162651
-5127.533333	-407.793549	73.405998
-5127.466667	-408.216003	73.527252
-5127.400000	-408.565308	73.603050
-5127.333333	-408.783936	73.851295
-5127.266667	-409.005035	73.834808
-5127.200000	-409.272400	73.995132
-5127.133333	-409.471466	74.038002
-5127.066667	-409.806580	74.047974
-5127.000000	-409.986298	74.188805
-5126.933333	-410.083496	74.175346
-5126.866667	-410.427704	74.235954
-5126.800000	-410.611053	74.338318
-5126.733333	-410.716461	74.478844
-5126.666667	-411.057281	74.353134
-5126.600000	-411.331421	74.418610
-5126.533333	-411.657196	74.647743
-5126.466667	-412.015167	74.801903
-5126.400000	-412.441650	74.921242
-5126.333333	-412.720154	75.025566
-5126.266667	-412.762146	75.193443
-5126.200000	-412.810120	75.180038
-5126.133333	-412.690582	75.391685
-5126.066667	-412.652679	75.388771
-5126.000000	-412.624695	75.542595
-5125.933333	-412.645111	75.762291
-5125.866667	-412.642456	75.816010
-5125.800000	-412.595306	75.845688
-5125.733333	-412.512817	75.903435
-5125.666667	-412.515350	76.127121
-5125.600000	-412.460449	75.996971
-5125.533333	-412.368408	76.207611
-5125.466667	-412.641724	76.252151
-5125.400000	-412.876587	76.257950
-5125.333333	-413.060974	76.380951
-5125.266667	-413.295563	76.403809
-5125.200000	-413.513611	76.389603
-5125.133333	-413.771698	76.349113
-5125.066667	-414.042633	76.266708
-5125.000000	-414.375885	76.147301
-5124.933333	-414.578186	76.031784
-5124.866667	-414.751862	76.009735
-5124.800000	-415.004822	75.949028
-5124.733333	-415.213470	75.951668
-5124.666667	-415.504242	75.874588
-5124.600000	-415.667786	75.986412
-5124.533333	-415.745178	76.024437
-5124.466667	-415.931976	76.014015
-5124.400000	-416.107910	76.020355
-5124.333333	-416.309448	76.165421
-5124.266667	-416.399536	76.264946
-5124.200000	-416.623657	76.412903
-5124.133333	-416.713959	76.511368
-5124.066667	-416.873413	76.606766
-5124.000000	-417.020111	76.783981
-5123.933333	-417.173828	76.753471
-5123.866667	-417.321411	76.754951
-5123.800000	-417.535614	76.642128
-5123.733333	-417.690338	76.930786
-5123.666667	-417.917267	76.900383
-5123.600000	-418.019226	76.953094
-5123.533333	-418.150360	76.981850
-5123.466667	-418.272949	77.095024
-5123.400000	-418.434204	77.051071
-5123.333333	-418.589905	76.989258
-5123.266667	-418.612152	77.058762
-5123.200000	-418.633118	77.136787
-5123.133333	-418.682190	77.220200
-5123.066667	-418.779602	77.071350
-5123.000000	-418.945465	77.033966
-5122.933333	-419.105255	77.009338
-5122.866667	-419.215424	76.914413
-5122.800000	-419.298126	76.892975
-5122.733333	-419.343628	76.759727
-5122.666667	-419.530090	76.744377
-5122.600000	-419.653046	76.758743
-5122.533333	-419.729675	76.746429
-5122.466667	-419.886078	76.748741
-5122.400000	-419.982513	76.778954
-5122.333333	-420.007721	76.843636
-5122.266667	-420.167267	76.853584
-5122.200000	-420.304291	76.948303
-5122.133333	-420.394653	77.044930
-5122.066667	-420.540192	76.990280
-5122.000000	-420.599823	77.078148
-5121.933333	-420.747772	77.113258
-5121.866667	-420.929626	77.166862
-5121.800000	-421.104828	77.255852
-5121.733333	-421.259186	77.253334
-5121.666667	-421.436066	77.447708
-5121.600000	-421.546387	77.499870
-5121.533333	-421.729004	77.533463
-5121.466667	-421.865631	77.547958
-5121.400000	-421.899750	77.618301
-5121.333333	-422.139771	77.615845
-5121.266667	-422.235077	77.514099
-5121.200000	-422.235565	77.636505
-5121.133333	-422.465912	77.596725
-5121.066667	-422.551361	77.487175
-5121.000000	-422.661713	77.471458
-5120.933333	-422.755371	77.489449
-5120.866667	-422.860962	77.376839
-5120.800000	-422.965210	77.328461
-5120.733333	-423.101227	77.205307
-5120.666667	-423.247894	77.103729
-5120.600000	-423.245300	77.130791
-5120.533333	-423.293640	77.063438
-5120.466667	-423.419830	77.002769
-5120.400000	-423.530121	77.013153
-5120.333333	-423.709076	76.897987
-5120.266667	-423.674530	76.998466
-5120.200000	-423.883362	76.881180
-5120.133333	-423.982025	76.894562
-5120.066667	-424.176727	76.973137
-5120.000000	-424.258820	77.113388
-5119.933333	-424.394714	77.199181
-5119.866667	-424.558868	77.324005
-5119.800000	-424.655518	77.367775
-5119.733333	-424.800751	77.414276
-5119.666667	-424.934784	77.473198
-5119.600000	-425.023132	77.386833
-5119.533333	-425.228088	77.521851
-5119.466667	-425.218811	77.574211
-5119.400000	-425.329102	77.690102
-5119.333333	-425.457581	77.855553
-5119.266667	-425.521790	77.847878
-5119.200000	-425.724579	77.825012
-5119.133333	-425.874023	77.795509
-5119.066667	-425.971008	77.721779
-5119.000000	-426.076813	77.696922
-5118.933333	-426.113800	77.661469
-5118.866667	-426.216309	77.527023
-5118.800000	-426.332886	77.460739
-5118.733333	-426.472534	77.312302
-5118.666667	-426.542358	77.161781
-5118.600000	-426.696899	77.014015
-5118.533333	-426.852875	76.917557
-5118.466667	-426.909119	76.917152
-5118.400000	-426.978241	76.868690
-5118.333333	-427.021271	76.980057
-5118.266667	-427.162720	76.982246
-5118.200000	-427.221497	76.836998
-5118.133333	-427.438507	76.750885
-5118.066667	-427.592987	76.790581
-5118.000000	-427.673920	76.704361
-5117.933333	-427.817322	76.823921
-5117.866667	-427.911407	76.950951
-5117.800000	-428.047180	77.067841
-5117.733333	-428.174164	77.228958
-5117.666667	-428.287201	77.355087
-5117.600000	-428.416687	77.319199
-5117.533333	-428.562012	77.443375
-5117.466667	-428.699585	77.518539
-5117.400000	-428.835602	77.492958
-5117.333333	-428.927887	77.621254
-5117.266667	-429.043121	77.685951
-5117.200000	-429.156921	77.637863
-5117.133333	-429.291077	77.701378
-5117.066667	-429.431641	77.585228
-5117.000000	-429.638580	77.417152
-5116.933333	-429.704712	77.388664
-5116.866667	-429.843292	77.382072
-5116.800000	-429.963013	77.434364
-5116.733333	-430.045074	77.312012
-5116.666667	-430.111267	77.222527
-5116.600000	-430.160461	77.288269
-5116.533333	-430.214447	77.183067
-5116.466667	-430.357697	77.224991
-5116.400000	-430.545044	77.103706
-5116.333333	-430.544525	77.167397
-5116.266667	-430.597260	77.011841
-5116.200000	-430.732605	76.864754
-5116.133333	-430.796783	76.914673
-5116.066667	-430.957306	76.930450
-5116.000000	-431.053223	76.826065
-5115.933333	-431.083679	76.868317
-5115.866667	-431.176208	77.003128
-5115.800000	-431.369110	76.982773
-5115.733333	-431.397064	76.931305
-5115.666667	-431.574219	77.037193
-5115.600000	-431.666687	77.057228
-5115.533333	-431.743988	77.104218
-5115.466667	-431.916473	77.236229
-5115.400000	-431.977264	77.265526
-5115.333333	-432.176758	77.358315
-5115.266667	-432.239288	77.463799
-5115.200000	-432.468079	77.432373
-5115.133333	-432.534637	77.560318
-5115.066667	-432.568085	77.657883
-5115.000000	-432.703827	77.544556
-5114.933333	-432.838989	77.558937
-5114.866667	-432.880981	77.506569
-5114.800000	-433.025055	77.531548
-5114.733333	-433.101868	77.447578
-5114.666667	-433.174347	77.551544
-5114.600000	-433.258240	77.407280
-5114.533333	-433.371429	77.360863
-5114.466667	-433.359680	77.382469
-5114.400000	-433.537140	77.123573
-5114.333333	-433.628479	77.082634
-5114.266667	-433.755737	76.964798
-5114.200000	-433.726501	77.109680
-5114.133333	-433.878143	76.965912
-5114.066667	-433.936737	76.891304
-5114.000000	-433.988861	76.920853
-5113.933333	-434.109406	76.807198
-5113.866667	-434.213654	76.829308
-5113.800000	-434.374695	76.853302
-5113.733333	-434.457153	76.883347
-5113.666667	-434.529236	76.912971
-5113.600000	-434.703796	76.884468
-5113.533333	-434.834656	76.991180
-5113.466667	-435.018707	76.968742
-5113.400000	-435.179016	76.971924
-5113.333333	-435.266022	77.159294
-5113.266667	-435.336456	77.167290
-5113.200000	-435.413879	77.309952
-5113.133333	-435.562347	77.313904
-5113.066667	-435.633698	77.359306
-5113.000000	-435.747925	77.362732
-5112.933333	-435.869446	77.358368
-5112.866667	-436.009338	77.375366
-5112.800000	-436.063080	77.329903
-5112.733333	-436.188934	77.352577
-5112.666667	-436.324554	77.275375
-5112.600000	-436.393097	77.233788
-5112.533333	-436.401855	77.334923
-5112.466667	-436.544312	77.203300
-5112.400000	-436.593323	77.187119
-5112.333333	-436.655212	77.105331
-5112.266667	-436.740540	76.933807
-5112.200000	-436.924591	76.730873
-5112.133333	-436.934082	76.793434
-5112.066667	-437.000061	76.684479
-5112.000000	-437.160309	76.595413
-5111.933333	-437.229919	76.502151
-5111.866667	-437.278534	76.533531
-5111.800000	-437.371399	76.568230
-5111.733333	-437.403534	76.688026
-5111.666667	-437.545166	76.524391
-5111.600000	-437.712769	76.360260
-5111.533333	-437.844971	76.396111
-5111.466667	-438.017181	76.521408
-5111.400000	-438.124817	76.560310
-5111.333333	-438.171661	76.616135
-5111.266667	-438.372955	76.675652
-5111.200000	-438.522308	76.770126
-5111.133333	-438.576782	76.909958
-5111.066667	-438.576050	76.940399
-5111.000000	-438.703094	77.035019
-5110.933333	-438.878784	77.131561
-5110.866667	-439.024170	77.060638
-5110.800000	-439.068237	77.055351
-5110.733333	-439.224060	77.088150
-5110.666667	-439.278015	77.040787
-5110.600000	-439.365570	77.151199
-5110.533333	-439.502350	77.131516
-5110.466667	-439.679901	76.936569
-5110.400000	-439.699768	76.815659
-5110.333333	-439.773499	76.834381
-5110.266667	-439.775116	76.772392
-5110.200000	-439.892181	76.649612
-5110.133333	-439.963409	76.570618
-5110.066667	-439.994995	76.619499
-5110.000000	-440.132507	76.521805
-5109.933333	-440.243530	76.416267
-5109.866667	-440.372040	76.283424
-5109.800000	-440.456604	76.355606
-5109.733333	-440.479034	76.420593
-5109.666667	-440.616119	76.387772
-5109.600000	-440.676178	76.368820
-5109.533333	-440.812286	76.298103
-5109.466667	-440.932678	76.250832
-5109.400000	-441.154083	76.159271
-5109.333333	-441.216187	76.221931
-5109.266667	-441.310913	76.440315
-5109.200000	-441.496216	76.352982
-5109.133333	-441.634247	76.453331
-5109.066667	-441.721924	76.604134
-5109.000000	-441.805328	76.587730
-5108.933333	-441.920410	76.481445
-5108.866667	-442.056702	76.506218
-5108.800000	-442.135437	76.628487
-5108.733333	-442.169983	76.638199
-5108.666667	-442.266571	76.767532
-5108.600000	-442.376129	76.832245
-5108.533333	-442.435089	76.815292
-5108.466667	-442.517273	76.892296
-5108.400000	-442.594788	76.856468
-5108.333333	-442.602051	76.769058
-5108.266667	-442.722870	76.659866
-5108.200000	-442.873352	76.584419
-5108.133333	-442.876129	76.650665
-5108.066667	-442.890717	76.543068
-5108.000000	-443.071136	76.321388
-5107.933333	-443.144196	75.987923
-5107.866667	-443.144196	75.987923
-5107.800000	-443.300262	75.966690
-5107.733333	-443.288544	76.017265
-5107.666667	-443.307648	76.040512
-5107.600000	-443.380890	76.002640
-5107.533333	-443.551605	75.907883
-5107.466667	-443.551605	75.907883
-5107.400000	-443.698669	75.830597
-5107.333333	-443.940826	75.712318
-5107.266667	-443.946991	75.909531
-5107.200000	-444.136383	75.892532
-5107.133333	-444.358337	76.087654
-5107.066667	-444.358337	76.087654
-5107.000000	-444.543365	76.207634
-5106.933333	-444.733978	76.259567
-5106.866667	-444.855255	76.330399
-5106.800000	-444.961670	76.370827
-5106.733333	-445.064484	76.602791
-5106.666667	-445.064484	76.602791
-5106.600000	-445.293610	76.576408
-5106.533333	-445.378540	76.517815
-5106.466667	-445.493347	76.476105
-5106.400000	-445.638123	76.435852
-5106.333333	-445.776337	76.398621
-5106.266667	-445.826965	76.356018
-5106.200000	-445.826965	76.356018
-5106.133333	-445.913177	76.359627
-5106.066667	-446.052704	76.169510
-5106.000000	-446.100311	76.075363
-5105.933333	-446.167114	75.919144
-5105.866667	-446.255035	75.914062
-5105.800000	-446.255035	75.914062
-5105.733333	-446.300598	75.923965
-5105.666667	-446.334167	75.800285
-5105.600000	-446.490143	75.649338
-5105.533333	-446.661011	75.617302
-5105.466667	-446.783386	75.611397
-5105.400000	-446.783386	75.611397
-5105.333333	-446.893372	75.613876
-5105.266667	-447.060974	75.549988
-5105.200000	-447.194031	75.463005
-5105.133333	-447.355652	75.668449
-5105.066667	-447.429291	75.721512
-5105.000000	-447.475372	75.849434
-5104.933333	-447.475372	75.849434
-5104.866667	-447.601257	75.973312
-5104.800000	-447.726227	76.002609
-5104.733333	-447.991058	75.962730
-5104.666667	-448.121490	75.991348
-5104.600000	-448.229370	76.021530
-5104.533333	-448.229370	76.021530
-5104.466667	-448.304199	76.034859
-5104.400000	-448.418060	76.099464
-5104.333333	-448.556091	76.077271
-5104.266667	-448.645813	76.173737
-5104.200000	-448.826141	76.033646
-5104.133333	-448.826141	76.033646
-5104.066667	-448.868683	75.969490
-5104.000000	-448.914185	75.864204
-5103.933333	-449.166626	75.690010
-5103.866667	-449.162750	75.585732
-5103.800000	-449.201324	75.624443
-5103.733333	-449.675568	75.383270
-5103.666667	-449.675568	75.383270
-5103.600000	-449.675568	75.383270
-5103.533333	-449.675568	75.383270
-5103.466667	-449.675568	75.383270
-5103.400000	-449.675568	75.383270
-5103.333333	-449.675568	75.383270
-5103.266667	-449.675568	75.383270
-5103.200000	-449.675568	75.383270
-5103.133333	-449.675568	75.383270
-5103.066667	-449.675568	75.383270
-5103.000000	-449.675568	75.383270
-5102.933333	-449.675568	75.383270
-5102.866667	-449.675568	75.383270
-5102.800000	-449.675568	75.383270
-5102.733333	-449.675568	75.383270
-5102.666667	-449.675568	75.383270
-5102.600000	-449.675568	75.383270
-5102.533333	-449.675568	75.383270
-5102.466667	-449.675568	75.383270
-5102.400000	-449.675568	75.383270
-5102.333333	-449.675568	75.383270
-5102.266667	-449.675568	75.383270
-5102.200000	-449.675568	75.383270
-5102.133333	-449.675568	75.383270
-5102.066667	-449.675568	75.383270
-5102.000000	-449.675568	75.383270
-5101.933333	-449.675568	75.383270
-5101.866667	-449.675568	75.383270
-5101.800000	-449.675568	75.383270
-5101.733333	-449.675568	75.383270
-5101.666667	-449.675568	75.383270
-5101.466667	-449.675568	75.383270
-5101.400000	-449.675568	75.383270
-5101.333333	-449.675568	75.383270
-5101.266667	-449.675568	75.383270
-5101.200000	-449.675568	75.383270
-5101.133333	-449.675568	75.383270
-5101.066667	-449.675568	75.383270
-5101.000000	-449.675568	75.383270
-5100.933333	-449.675568	75.383270
-5100.866667	-449.675568	75.383270
-5100.800000	-449.675568	75.383270
-5100.733333	-449.675568	75.383270
-5100.666667	-449.675568	75.383270
-5100.600000	-449.675568	75.383270
-5100.533333	-449.675568	75.383270
-5100.466667	-449.675568	75.383270
-5100.400000	-449.675568	75.383270
-5100.333333	-449.675568	75.383270
-5100.266667	-449.675568	75.383270
-5100.200000	-449.675568	75.383270
-5100.133333	-449.675568	75.383270
-5100.066667	-449.675568	75.383270
-5100.000000	-449.675568	75.383270
-5099.933333	-449.675568	75.383270
-5099.866667	-449.675568	75.383270
-5099.800000	-449.675568	75.383270
-5099.733333	-449.675568	75.383270
-5099.666667	-449.675568	75.383270
-5099.600000	-449.675568	75.383270
-5099.533333	-449.675568	75.383270
-5099.466667	-449.675568	75.383270
-5099.400000	-449.675568	75.383270
-5099.333333	-449.675568	75.383270
-5099.266667	-449.675568	75.383270
-5099.200000	-449.675568	75.383270
-5099.133333	-449.675568	75.383270
-5099.066667	-449.675568	75.383270
-5099.000000	-456.064758	74.478920
-5098.933333	-455.607452	74.553261
-5098.866667	-455.699371	74.644669
-5098.800000	-455.795868	74.658218
-5098.733333	-455.890869	74.672226
-5098.666667	-456.008423	74.760178
-5098.600000	-456.152802	74.760811
-5098.533333	-456.269775	74.747307
-5098.466667	-456.634216	74.771851
-5098.400000	-457.080017	74.874298
-5098.333333	-457.525360	74.973022
-5098.266667	-457.839264	75.039078
-5098.200000	-458.243408	75.037148
-5098.133333	-458.591553	75.133476
-5098.066667	-458.971741	75.201668
-5098.000000	-459.376343	75.135818
-5097.933333	-459.797882	75.059181
-5097.866667	-460.257080	74.965652
-5097.800000	-460.596222	74.891739
-5097.733333	-460.955963	74.881592
-5097.666667	-461.381409	74.920654
-5097.600000	-461.734039	74.847672
-5097.533333	-462.046753	74.836891
-5097.466667	-462.559143	74.685425
-5097.400000	-462.951447	74.626328
-5097.333333	-463.196014	74.457993
-5097.266667	-463.164734	74.524956
-5097.200000	-462.905670	74.516243
-5097.133333	-462.656830	74.455276
-5097.066667	-462.382965	74.452942
-5097.000000	-462.135254	74.272690
-5096.933333	-461.955536	74.258171
-5096.866667	-461.773285	74.231735
-5096.800000	-461.490112	74.237099
-5096.733333	-461.264404	74.318924
-5096.666667	-461.025970	74.391785
-5096.600000	-460.886566	74.390114
-5096.533333	-460.666595	74.445877
-5096.466667	-460.537445	74.522270
-5096.400000	-460.297821	74.600960
-5096.333333	-460.057068	74.638466
-5096.266667	-459.896759	74.798111
-5096.200000	-459.815674	74.797394
-5096.133333	-459.584930	74.876915
-5096.066667	-459.440277	74.933388
-5096.000000	-459.307434	74.909782
-5095.933333	-459.116730	74.821121
-5095.866667	-458.866486	74.807045
-5095.800000	-458.710968	74.802513
-5095.733333	-458.512024	74.812782
-5095.666667	-458.424622	74.726685
-5095.600000	-458.615204	74.646141
-5095.533333	-458.866333	74.545273
-5095.466667	-459.109528	74.424973
-5095.400000	-459.371246	74.249222
-5095.333333	-459.597900	74.184273
-5095.266667	-459.794830	74.157715
-5095.200000	-460.025665	74.039787
-5095.133333	-460.227386	74.089302
-5095.066667	-460.436035	74.096275
-5095.000000	-460.670471	74.038551
-5094.933333	-460.824219	74.192734
-5094.866667	-461.135559	73.927078
-5094.800000	-461.166992	73.911743
-5094.733333	-461.321808	73.928238
-5094.666667	-461.533295	73.949066
-5094.600000	-461.606750	73.984215
-5094.533333	-461.721191	74.165863
-5094.466667	-461.833344	74.189499
-5094.400000	-461.836792	74.264687
-5094.333333	-461.901886	74.237793
-5094.266667	-462.134399	74.238060
-5094.200000	-462.130219	74.322273
-5094.133333	-462.194916	74.476128
-5094.066667	-462.355865	74.461044
-5094.000000	-462.440216	74.402512
-5093.933333	-462.649841	74.422081
-5093.866667	-462.817810	74.401337
-5093.800000	-462.862732	74.388405
-5093.733333	-462.907562	74.411133
-5093.666667	-463.078796	74.358932
-5093.600000	-463.078979	74.297211
-5093.533333	-463.102051	74.195053
-5093.466667	-463.227936	74.159813
-5093.400000	-463.320374	74.215935
-5093.333333	-463.405518	74.117981
-5093.266667	-463.444885	73.995979
-5093.200000	-463.507263	73.855721
-5093.133333	-463.648804	73.743919
-5093.066667	-463.725739	73.723900
-5093.000000	-463.747437	73.723381
-5092.933333	-463.854309	73.743340
-5092.866667	-463.953644	73.713844
-5092.800000	-464.003784	73.775818
-5092.733333	-464.103180	73.620674
-5092.666667	-464.091095	73.654732
-5092.600000	-464.111176	73.731857
-5092.533333	-464.186279	73.683617
-5092.466667	-464.402374	73.726402
-5092.400000	-464.522186	73.765617
-5092.333333	-464.605560	73.746254
-5092.266667	-464.752289	73.892174
-5092.200000	-464.807007	73.839203
-5092.133333	-464.952515	73.893898
-5092.066667	-464.947205	74.038826
-5092.000000	-465.101013	73.991051
-5091.933333	-465.185791	74.060349
-5091.866667	-465.275421	74.118073
-5091.800000	-465.338440	74.202950
-5091.733333	-465.446503	74.360222
-5091.666667	-465.489166	74.315849
-5091.600000	-465.679443	74.204964
-5091.533333	-465.810730	74.147057
-5091.466667	-465.848663	74.090515
-5091.400000	-465.939545	74.048225
-5091.333333	-465.975616	74.028160
-5091.266667	-466.043762	73.882393
-5091.200000	-466.021515	73.812500
-5091.133333	-466.111145	73.770142
-5091.066667	-466.206726	73.679054
-5091.000000	-466.304962	73.551811
-5090.933333	-466.350800	73.576439
-5090.866667	-466.406891	73.495598
-5090.800000	-466.480347	73.442604
-5090.733333	-466.553223	73.411720
-5090.666667	-466.543701	73.348419
-5090.600000	-466.689484	73.214310
-5090.533333	-466.757996	73.339935
-5090.466667	-466.864563	73.337456
-5090.400000	-466.955933	73.211540
-5090.333333	-467.018555	73.407509
-5090.266667	-467.169464	73.420532
-5090.200000	-467.222931	73.566002
-5090.133333	-467.319061	73.609024
-5090.066667	-467.441162	73.669609
-5090.000000	-467.517151	73.662354
-5089.933333	-467.669281	73.776642
-5089.866667	-467.712341	73.766052
-5089.800000	-467.868134	73.901497
-5089.733333	-467.985748	73.961098
-5089.666667	-468.024200	74.035645
-5089.600000	-468.053925	74.229271
-5089.533333	-468.037537	74.132248
-5089.466667	-468.143341	74.080566
-5089.400000	-468.296234	74.024872
-5089.333333	-468.387299	73.846405
-5089.266667	-468.437195	73.897583
-5089.200000	-468.583954	73.740509
-5089.133333	-468.580200	73.659279
-5089.066667	-468.644409	73.574661
-5089.000000	-468.673279	73.554550
-5088.933333	-468.732758	73.468437
-5088.866667	-468.794159	73.305649
-5088.800000	-468.842285	73.278000
-5088.733333	-468.900848	73.255745
-5088.666667	-468.976746	73.177513
-5088.600000	-469.055054	73.065254
-5088.533333	-469.191772	72.981926
-5088.466667	-469.181274	72.955559
-5088.400000	-469.373840	72.906296
-5088.333333	-469.435059	72.915421
-5088.266667	-469.556946	72.973740
-5088.200000	-469.628052	72.912598
-5088.133333	-469.828217	73.009590
-5088.066667	-469.936249	73.096497
-5088.000000	-470.052673	73.014145
-5087.933333	-470.183807	73.076889
-5087.866667	-470.300415	73.307693
-5087.800000	-470.417114	73.252808
-5087.733333	-470.425537	73.280151
-5087.666667	-470.572296	73.331535
-5087.600000	-470.629791	73.484085
-5087.533333	-470.766174	73.469612
-5087.466667	-470.821136	73.438881
-5087.400000	-470.880951	73.400009
-5087.333333	-470.977173	73.543823
-5087.266667	-471.115265	73.429993
-5087.200000	-471.160980	73.384636
-5087.133333	-471.195160	73.480637
-5087.066667	-471.242401	73.451721
-5087.000000	-471.353363	73.227089
-5086.933333	-471.472778	73.133850
-5086.866667	-471.468872	73.125748
-5086.800000	-471.558685	73.061493
-5086.733333	-471.683136	72.920494
-5086.666667	-471.683197	72.758400
-5086.600000	-471.709167	72.770897
-5086.533333	-471.783020	72.735023
-5086.466667	-471.829315	72.615288
-5086.400000	-471.963898	72.611214
-5086.333333	-472.075012	72.593941
-5086.266667	-472.175720	72.542419
-5086.200000	-472.197357	72.502022
-5086.133333	-472.318481	72.490784
-5086.066667	-472.374939	72.472977
-5086.000000	-472.490662	72.622864
-5085.933333	-472.577789	72.756783
-5085.866667	-472.645172	72.878960
-5085.800000	-472.662598	72.942108
-5085.733333	-472.697998	73.153694
-5085.666667	-472.814941	73.182137
-5085.600000	-473.011444	73.217461
-5085.533333	-473.122894	73.283340
-5085.466667	-473.250885	73.239624
-5085.400000	-473.276733	73.233902
-5085.333333	-473.437988	73.112007
-5085.266667	-473.530457	73.125557
-5085.200000	-473.537750	73.238556
-5085.133333	-473.470764	73.318947
-5085.066667	-473.497925	73.295364
-5085.000000	-473.606018	73.200119
-5084.933333	-473.746368	72.966064
-5084.866667	-473.785492	72.944466
-5084.800000	-473.797943	72.920464
-5084.733333	-473.860962	72.811478
