9300.066667	172.279160	213.670563
9300.133333	173.356384	215.103745
9300.200000	160.348862	212.434158
9300.266667	172.041214	213.615784
9300.333333	173.607224	215.155106
9300.400000	160.128281	212.381516
9300.466667	171.641068	213.541733
9300.533333	173.776230	215.177765
9300.600000	160.170181	212.423050
9300.666667	172.090164	213.681046
9300.733333	174.546814	215.415146
9300.800000	160.298279	212.507751
9300.866667	171.400620	213.543671
9300.933333	174.256638	215.283478
9301.000000	160.222443	212.517395
9301.066667	170.975662	213.465073
9301.133333	174.321304	215.262268
9301.200000	160.657364	212.679611
9301.266667	170.938278	213.486145
9301.333333	174.672577	215.341629
9301.400000	160.572556	212.675064
9301.466667	170.599792	213.415512
9301.533333	174.691483	215.327972
9301.600000	160.620392	212.722931
9301.666667	170.789642	213.498413
9301.733333	175.264343	215.520737
9301.800000	160.915146	212.873306
9301.866667	169.987762	213.320984
9301.933333	174.602524	215.284256
9302.000000	160.390442	212.652802
9302.066667	169.610611	213.243240
9302.133333	174.650909	215.239960
9302.200000	160.539047	212.727341
9302.266667	169.335831	213.195374
9302.333333	174.750534	215.273499
9302.400000	160.501419	212.728363
9302.466667	169.065552	213.150925
9302.533333	174.717926	215.240692
9302.600000	160.445068	212.700272
9302.666667	169.406723	213.266342
9302.733333	175.511368	215.463348
9302.800000	161.106049	212.914825
9302.866667	168.930725	213.124161
9302.933333	175.157104	215.278275
9303.000000	160.920227	212.795090
9303.066667	168.884995	213.095459
9303.133333	175.223465	215.219269
9303.200000	161.406967	212.846115
9303.266667	169.027771	213.080444
9303.333333	175.663544	215.283524
9303.400000	161.455917	212.848831
9303.466667	168.756866	213.024811
9303.533333	175.673737	215.278519
9303.600000	161.316025	212.800537
9303.666667	169.215820	213.214630
9303.733333	176.210190	215.469818
9303.800000	161.827408	213.022400
9303.866667	168.964554	213.216858
9303.933333	176.040741	215.405685
9304.000000	161.431717	212.899750
9304.066667	168.491684	213.086380
9304.133333	175.631927	215.277283
9304.200000	161.588287	212.946945
9304.266667	168.198349	213.013275
9304.333333	175.751450	215.309601
9304.400000	161.531326	212.961182
9304.466667	168.098816	213.032776
9304.533333	176.273682	215.431946
9304.600000	161.665878	213.057419
9304.666667	168.847900	213.297150
9304.733333	176.673080	215.574905
9304.800000	162.413559	213.290176
9304.866667	168.701935	213.268219
9304.933333	176.730377	215.568970
9305.000000	162.642670	213.338638
9305.066667	168.195694	213.095932
9305.133333	176.071838	215.337891
9305.200000	162.058716	213.124268
9305.266667	167.919083	213.031235
9305.333333	176.369751	215.424408
9305.400000	162.090347	213.145615
9305.466667	167.758041	213.003448
9305.533333	175.980484	215.311493
9305.600000	161.789764	213.022766
9305.666667	168.098877	213.114410
9305.733333	176.491928	215.457031
9305.800000	162.181824	213.168259
9305.866667	168.030304	213.122574
9305.933333	176.309586	215.382187
9306.000000	161.752869	212.992508
9306.066667	167.278442	212.881668
9306.133333	175.712646	215.187561
9306.200000	161.818466	213.042389
9306.266667	167.332718	212.899750
9306.333333	175.721848	215.227142
9306.400000	161.701172	213.006470
9306.466667	167.421356	212.932083
9306.533333	176.456619	215.415405
9306.600000	162.292419	213.167587
9306.666667	168.637711	213.267548
9306.733333	177.127106	215.601273
9306.800000	162.613037	213.257324
9306.866667	168.234375	213.115921
9306.933333	176.705185	215.471832
9307.000000	162.491440	213.192749
9307.066667	168.186432	213.133606
9307.133333	176.626328	215.480652
9307.200000	162.600449	213.243042
9307.266667	168.297958	213.161560
9307.333333	176.810028	215.519867
9307.400000	162.618744	213.240891
9307.466667	168.407394	213.191696
9307.533333	176.929031	215.571487
9307.600000	162.527115	213.216949
9307.666667	169.145981	213.408356
9307.733333	177.338120	215.684799
9307.800000	163.054153	213.407516
9307.866667	169.226959	213.411713
9307.933333	177.045227	215.614197
9308.000000	162.501541	213.219696
9308.066667	168.742905	213.246765
9308.133333	176.739273	215.535309
9308.200000	162.575760	213.222610
9308.266667	168.799652	213.232178
9308.333333	176.768616	215.537582
9308.400000	162.487457	213.168350
9308.466667	168.826569	213.225998
9308.533333	176.831909	215.548172
9308.600000	162.283813	213.103821
9308.666667	169.468811	213.415344
9308.733333	176.928589	215.636734
9308.800000	162.955872	213.349014
9308.866667	169.709122	213.471573
9308.933333	177.059677	215.656998
9309.000000	162.671127	213.265747
9309.066667	169.706482	213.408478
9309.133333	177.166916	215.720154
9309.200000	162.315750	213.097504
9309.266667	169.499237	213.299759
9309.333333	176.647919	215.542892
9309.400000	162.347687	213.081711
9309.466667	169.537430	213.279114
9309.533333	176.663788	215.580002
9309.600000	162.170029	213.031616
9309.666667	170.310303	213.507263
9309.733333	177.102997	215.727066
9309.800000	162.641205	213.220551
9309.866667	170.421875	213.513184
9309.933333	176.784256	215.674744
9310.000000	162.184982	213.077194
9310.066667	170.038071	213.383072
9310.133333	176.088776	215.463348
9310.200000	161.872742	212.948395
9310.266667	170.093262	213.372559
9310.333333	176.023804	215.507538
9310.400000	161.590591	212.877960
9310.466667	170.222748	213.371414
9310.533333	175.885193	215.493912
9310.600000	161.468948	212.840927
9310.666667	170.406631	213.403961
9310.733333	175.507919	215.403839
9310.800000	161.320694	212.782043
9310.866667	170.509552	213.420746
9310.933333	175.326385	215.375000
9311.000000	161.210556	212.751938
9311.066667	170.760620	213.440369
9311.133333	175.305084	215.402573
9311.200000	161.210770	212.723343
9311.266667	171.403656	213.608215
9311.333333	175.919113	215.637848
9311.400000	161.350571	212.806656
9311.466667	171.373810	213.562912
9311.533333	175.205307	215.450729
9311.600000	161.012878	212.680023
9311.666667	171.534592	213.580093
9311.733333	174.730453	215.338272
9311.800000	161.117081	212.708755
9311.866667	171.883713	213.646225
9311.933333	174.707474	215.382675
9312.000000	161.139114	212.711517
9312.066667	172.236084	213.731308
9312.133333	174.594238	215.375702
9312.200000	161.022354	212.645416
9312.266667	172.425522	213.749664
9312.333333	174.534317	215.385101
9312.400000	160.988708	212.626450
9312.466667	172.892395	213.849625
9312.533333	174.524551	215.441315
9312.600000	161.004593	212.631531
9312.666667	173.240051	213.943100
9312.733333	174.020035	215.320847
9312.800000	161.158157	212.681946
9312.866667	173.321655	213.931366
9312.933333	173.876007	215.354950
9313.000000	160.984375	212.626038
9313.066667	173.611450	213.996918
9313.133333	174.094757	215.474960
9313.200000	161.396652	212.770187
9313.266667	174.508316	214.230606
9313.333333	174.005844	215.506332
9313.400000	161.101364	212.618057
9313.466667	174.292725	214.146088
9313.533333	173.186981	215.268951
9313.600000	161.001923	212.555984
9313.666667	174.607819	214.223724
9313.733333	172.922256	215.217346
9313.800000	161.138809	212.595093
9313.866667	174.822235	214.241837
9313.933333	172.529373	215.155563
9314.000000	161.183334	212.567734
9314.066667	174.996033	214.285782
9314.133333	172.634369	215.245956
9314.200000	161.294525	212.586685
9314.266667	175.718796	214.467270
9314.333333	172.583603	215.273529
9314.400000	161.367218	212.602859
9314.466667	175.847565	214.508514
9314.533333	172.375885	215.275909
9314.600000	161.497025	212.602005
9314.666667	176.052795	214.579636
9314.733333	171.636017	215.038284
9314.800000	161.509323	212.536179
9314.866667	176.054214	214.529984
9314.933333	171.373413	214.981461
9315.000000	161.559952	212.500748
9315.066667	176.229401	214.551117
9315.133333	171.198257	214.947723
9315.200000	161.565536	212.399475
9315.266667	176.397766	214.593918
9315.333333	170.620651	214.798050
9315.400000	161.513840	212.377777
9315.466667	176.642365	214.624817
9315.533333	170.421097	214.721695
9315.600000	162.290909	212.524872
9315.666667	177.287109	214.812515
9315.733333	170.126266	214.648682
9315.800000	161.997833	212.362854
9315.866667	176.919373	214.695938
9315.933333	169.813629	214.597519
9316.000000	162.313812	212.417633
9316.066667	177.125870	214.748795
9316.133333	169.545975	214.537048
9316.200000	162.487259	212.405472
9316.266667	177.403580	214.855042
9316.333333	169.349274	214.488998
9316.400000	162.701187	212.357132
9316.466667	177.713531	214.928009
9316.533333	169.192490	214.438843
9316.600000	163.415024	212.611374
9316.666667	178.370483	215.205475
9316.733333	168.905518	214.462387
9316.800000	163.032150	212.466522
9316.866667	177.798370	215.109116
9316.933333	168.257660	214.340668
9317.000000	162.930054	212.411346
9317.066667	177.633118	215.081772
9317.133333	167.788834	214.230789
9317.200000	162.938293	212.347214
9317.266667	177.683777	215.108322
9317.333333	167.195435	214.066116
9317.400000	162.968918	212.327698
9317.466667	177.640701	215.119659
9317.533333	166.968323	214.072067
9317.600000	163.678970	212.501816
9317.666667	178.059631	215.261368
9317.733333	166.441360	213.918732
9317.800000	163.341049	212.359909
9317.866667	177.243225	215.066742
9317.933333	165.907349	213.823349
9318.000000	163.464706	212.363022
9318.066667	177.511078	215.193756
9318.133333	165.725037	213.835800
9318.200000	163.789612	212.418533
9318.266667	177.495850	215.225693
9318.333333	165.253052	213.743668
9318.400000	164.029541	212.469482
9318.466667	177.511719	215.276840
9318.533333	165.096771	213.784515
9318.600000	164.725769	212.655548
9318.666667	178.022781	215.469513
9318.733333	164.653946	213.670120
9318.800000	164.642197	212.583893
9318.866667	177.463974	215.393280
9318.933333	164.482269	213.648514
9319.000000	164.766006	212.634598
9319.066667	177.315781	215.441116
9319.133333	163.855362	213.677567
9319.200000	164.354691	212.625946
9319.266667	176.919159	215.433136
9319.333333	163.021164	213.622787
9319.400000	164.496307	212.734467
9319.466667	176.594330	215.522446
9319.533333	162.666321	213.708954
9319.600000	164.939285	213.006424
9319.666667	176.468689	215.723434
9319.733333	161.751221	213.715988
9319.800000	163.929871	212.856262
9319.866667	175.149673	215.561111
9319.933333	160.732544	213.611633
9320.000000	163.518112	212.790619
9320.066667	174.574036	215.481979
9320.133333	160.164688	213.362686
9320.200000	163.326340	212.609985
9320.266667	175.380234	215.945450
9320.333333	159.616318	213.517883
9320.400000	163.591522	212.529724
9320.466667	174.379456	215.384491
9320.533333	159.156723	213.460281
9320.600000	163.581299	212.780411
9320.666667	174.091766	215.707825
9320.733333	158.478531	213.714630
9320.800000	163.317352	213.172073
9320.866667	171.761490	215.933594
9320.933333	46.648788	207.969681
9321.000000	-88.399017	172.236664
9321.066667	-256.919312	145.418686
9321.133333	-255.083267	107.147476
9321.200000	-77.107269	-67.482574
9321.266667	-281.414459	224.417236
9321.333333	-286.209473	259.871857
9321.400000	-287.423706	261.577087
9321.466667	-293.555145	267.365845
9321.533333	-281.760132	250.804138
9321.600000	-292.124512	259.797577
9321.666667	-294.472046	260.577576
9321.733333	-280.296967	244.104904
9321.800000	-283.628784	245.037369
9321.866667	-278.828735	214.274414
9321.933333	-20.914116	25.833239
9322.000000	12.586048	92.784477
9322.066667	12.586048	92.784477
9322.133333	12.586048	92.784477
9322.200000	12.586048	92.784477
9322.266667	12.586048	92.784477
9322.333333	12.586048	92.784477
9322.400000	12.586048	92.784477
9322.466667	12.586048	92.784477
9322.533333	12.586048	92.784477
9322.600000	15.727498	93.848015
9322.666667	18.102678	94.019958
9322.733333	27.081598	96.205399
9322.800000	43.968975	102.010124
9322.866667	19.905178	96.773125
9322.933333	1.308586	115.993767
9323.000000	-13.522902	107.856400
9323.066667	-198.854614	6.380551
9323.133333	-310.240417	232.099747
9323.200000	-204.817871	-72.794449
9323.266667	-290.926086	-100.376472
9323.333333	-290.926086	-100.376472
9323.400000	-290.926086	-100.376472
9323.466667	-290.926086	-100.376472
9323.533333	-290.926086	-100.376472
9323.600000	-290.926086	-100.376472
9323.666667	-290.926086	-100.376472
9323.733333	-290.926086	-100.376472
9323.800000	-290.926086	-100.376472
9323.866667	310.229828	-100.532806
9323.933333	310.229828	-100.532806
9324.000000	-117.256111	178.123001
9324.066667	-116.307472	176.050735
9324.133333	-119.651978	169.612915
9324.200000	-99.978645	180.375687
9324.266667	145.065872	269.511108
9324.333333	163.751282	237.391998
9324.400000	-203.800125	78.562332
9324.466667	-182.758911	84.218575
9324.533333	-182.737686	52.255104
9324.600000	307.476105	48.365620
9324.666667	337.814819	230.116486
9324.733333	337.814819	230.116486
9324.800000	337.814819	230.116486
9324.866667	337.814819	230.116486
9324.933333	337.814819	230.116486
9325.000000	337.814819	230.116486
9325.066667	337.814819	230.116486
9325.133333	337.814819	230.116486
9325.200000	337.814819	230.116486
9325.266667	337.814819	230.116486
9325.333333	-303.380890	-100.532806
9325.400000	159.777603	-4.766436
9325.466667	152.607605	78.896919
9325.533333	163.164932	98.092751
9325.600000	165.542526	96.980202
9325.666667	175.360077	117.267227
9325.733333	176.846161	173.407516
9325.800000	177.576843	178.710205
9325.866667	176.364532	178.835419
9325.933333	170.635696	175.826859
9326.000000	162.126205	170.980850
9326.066667	151.768234	165.847290
9326.133333	133.994919	157.636765
9326.200000	127.621307	154.940140
9326.266667	112.122581	142.444458
9326.333333	92.122078	136.574692
9326.400000	75.075607	131.802750
9326.466667	60.062428	125.553627
9326.533333	50.161293	121.723221
9326.600000	50.556511	122.298439
9326.666667	60.573723	128.624893
9326.733333	68.990974	136.447983
9326.800000	85.633736	146.450684
9326.866667	95.132126	151.724152
9326.933333	66.561340	141.150833
9327.000000	42.356316	134.247589
9327.066667	39.232925	134.794876
9327.133333	33.884262	134.925156
9327.200000	24.268787	132.896164
9327.266667	11.657858	129.095001
9327.333333	-5.215149	123.295242
9327.400000	-10.206118	121.625519
9327.466667	-18.721205	118.689224
9327.533333	-25.103106	116.812737
9327.600000	-29.135359	115.575363
9327.666667	-31.233219	115.258026
9327.733333	-32.954578	114.966904
9327.800000	-33.675491	114.638428
9327.866667	-33.415119	114.885246
9327.933333	-34.545238	114.540932
9328.000000	-33.505581	115.155289
9328.066667	-32.984524	115.601730
9328.133333	-33.122032	115.691284
9328.200000	-34.185089	115.143150
9328.266667	-34.460804	114.959709
9328.333333	-34.783375	114.642685
9328.400000	-35.253899	113.605247
9328.466667	-35.207325	114.972954
9328.533333	-35.835918	114.036499
9328.600000	-35.163227	114.570877
9328.666667	-35.009098	114.754753
9328.733333	-35.069321	114.521736
9328.800000	-35.205097	114.535072
9328.866667	-35.762051	114.384674
9328.933333	-36.012028	114.263084
9329.000000	-34.876480	114.925209
9329.066667	-35.308086	114.857445
9329.133333	-35.244408	114.946228
9329.200000	-35.269226	114.948738
9329.266667	-35.091175	115.149651
9329.333333	-34.781464	115.439301
9329.400000	-34.470917	115.707191
9329.466667	-33.893551	115.987328
9329.533333	-37.105587	116.252731
9329.600000	-31.294153	116.776993
9329.666667	-33.909775	115.180695
9329.733333	-33.144035	116.221291
9329.800000	-33.772144	115.831032
9329.866667	-33.873028	115.257584
9329.933333	-33.723495	115.518936
9330.000000	-34.947495	114.892395
9330.066667	-34.222431	115.036156
9330.133333	-34.457546	115.093681
9330.200000	-35.006950	114.810684
9330.266667	-34.113529	115.150253
9330.333333	-34.744865	114.933296
9330.400000	-34.801678	114.905792
9330.466667	-34.173111	115.170341
9330.533333	-34.871506	114.912804
9330.600000	-34.471191	115.080154
9330.666667	-34.337677	115.142822
9330.733333	-34.908165	114.887344
9330.800000	-34.189167	115.185753
9330.866667	-34.446064	115.122650
9330.933333	-34.575077	115.060089
9331.000000	-33.991230	115.294037
9331.066667	-34.715607	115.019119
9331.133333	-34.605083	114.964485
9331.200000	-34.144241	115.226822
9331.266667	-34.927685	114.924515
9331.333333	-34.253937	115.215500
9331.400000	-34.170074	115.297806
9331.466667	-34.852303	115.027229
9331.533333	-33.911644	115.419014
9331.600000	-34.389557	115.242737
9331.666667	-34.677582	115.120819
9331.733333	-33.866913	115.469673
9331.800000	-34.580776	115.200912
9331.866667	-34.397774	115.241219
9331.933333	-34.005955	115.419716
9332.000000	-34.728733	115.133362
9332.066667	-34.198811	115.363289
9332.133333	-34.305401	115.274536
9332.200000	-34.803970	115.046692
9332.266667	-34.034107	115.386742
9332.333333	-34.587517	115.166435
9332.400000	-34.669594	115.086021
9332.466667	-34.026707	115.397469
9332.533333	-34.820202	115.087814
9332.600000	-34.510887	115.101074
9332.666667	-34.220722	115.279533
9332.733333	-35.039513	114.957108
9332.800000	-34.268166	115.209702
9332.866667	-34.390656	115.211174
9332.933333	-35.016830	114.940590
9333.000000	-34.061607	115.299385
9333.066667	-34.595966	115.120689
9333.133333	-34.805222	114.999168
9333.200000	-34.096169	115.293571
9333.266667	-34.831173	114.998009
9333.333333	-34.934002	114.952965
9333.400000	-34.296741	115.218987
9333.466667	-34.956654	114.920204
9333.533333	-34.286476	115.196785
9333.600000	-34.526131	115.124649
9333.666667	-34.926704	114.901344
9333.733333	-34.837524	114.928650
9333.800000	-34.113228	115.270134
9333.866667	-34.732002	114.970856
9333.933333	-34.139671	115.267982
9334.000000	-34.945202	114.930000
9334.066667	-34.501904	115.066132
9334.133333	-34.316231	115.138382
9334.200000	-34.399021	115.183723
9334.266667	-35.013771	114.917252
9334.333333	-34.475082	115.157982
9334.400000	-35.005905	114.932304
9334.466667	-34.067112	115.311806
9334.533333	-34.110413	115.292358
9334.600000	-34.773148	115.044167
9334.666667	-34.584755	115.078705
9334.733333	-34.217922	115.258125
9334.800000	-34.428753	115.162865
9334.866667	-34.349888	115.211769
9334.933333	-34.416515	115.211800
9335.000000	-34.922882	114.952530
9335.066667	-34.108269	115.304161
9335.133333	-34.703136	115.097153
9335.200000	-34.741444	114.999695
9335.266667	-34.815990	115.042984
9335.333333	-34.908619	115.024460
9335.400000	-34.424332	115.121742
9335.466667	-34.166706	115.328362
9335.533333	-34.999874	114.983856
9335.600000	-34.168159	115.277939
9335.666667	-34.480854	115.193794
9335.733333	-35.284092	115.021996
9335.800000	-34.046940	115.480476
9335.866667	-35.073635	115.154625
9335.933333	-34.505268	115.804665
9336.000000	-34.064713	115.292885
9336.066667	-35.101364	114.792686
9336.133333	-34.474564	115.395035
9336.200000	-34.381783	115.222145
9336.266667	-35.091106	114.918800
9336.333333	-34.193798	115.378868
9336.400000	-34.590950	115.172867
9336.466667	-34.802212	115.075783
9336.533333	-34.046864	115.424812
9336.600000	-34.774162	115.129875
9336.666667	-34.557861	115.170914
9336.733333	-34.074036	115.421562
9336.800000	-34.891594	115.087959
9336.866667	-34.215275	115.284889
9336.933333	-34.200832	115.332474
9337.000000	-34.893890	115.033234
9337.066667	-33.992085	115.376381
9337.133333	-34.357071	115.249016
9337.200000	-34.640755	115.128838
9337.266667	-33.844006	115.474831
9337.333333	-34.582508	115.214119
9337.400000	-34.424427	115.252037
9337.466667	-34.058235	115.439545
9337.533333	-34.779114	115.152878
9337.600000	-34.198002	115.378822
9337.666667	-34.310699	115.373230
9337.733333	-34.774982	115.128479
9337.800000	-33.998413	115.482780
9337.866667	-34.548466	115.275475
9337.933333	-34.586216	115.175667
9338.000000	-33.854267	115.508003
9338.066667	-34.641056	115.183746
9338.133333	-34.180115	115.287453
9338.200000	-33.922565	115.454597
9338.266667	-34.768360	115.100525
9338.333333	-33.903145	115.406006
9338.400000	-34.163475	115.353554
9338.466667	-34.688362	115.113174
9338.533333	-33.814598	115.459450
9338.600000	-34.413925	115.253029
9338.666667	-34.447681	115.204506
9338.733333	-33.842899	115.462547
9338.800000	-34.588654	115.160728
9338.866667	-34.138271	115.331276
9338.933333	-33.966122	115.403587
9339.000000	-34.633770	115.132599
9339.066667	-33.872311	115.457230
9339.133333	-34.296925	115.307144
9339.200000	-34.540688	115.145699
9339.266667	-33.822552	115.474014
9339.333333	-33.868607	115.454704
9339.400000	-34.707573	115.112007
9339.466667	-33.898273	115.439796
9339.533333	-34.790646	115.075989
9339.600000	-34.030998	115.316269
9339.666667	-34.151569	115.332153
9339.733333	-34.302849	115.247749
9339.800000	-34.795132	115.003189
9339.866667	-33.974934	115.287712
9339.933333	-34.723804	114.965523
9340.000000	-33.979149	115.285568
9340.066667	-34.708427	114.996483
9340.133333	-34.391724	115.100082
9340.200000	-34.293655	115.132492
9340.266667	-34.252575	115.186378
9340.333333	-34.891552	114.902138
9340.400000	-34.448681	115.135780
9340.466667	-34.841450	114.950294
9340.533333	-34.795822	114.975853
9340.600000	-34.116405	115.333954
9340.666667	-34.957527	115.014999
9340.733333	-34.483143	115.153221
9340.800000	-34.158550	115.583633
9340.866667	-34.162666	115.772987
9340.933333	-34.038788	115.729225
9341.000000	-34.431915	115.282684
9341.066667	-34.916954	115.185143
9341.133333	-34.040756	115.608521
9341.200000	-34.632500	115.308380
9341.266667	-34.654953	115.311211
9341.333333	-33.996067	115.609055
9341.400000	-34.727589	115.325829
9341.466667	-34.233818	115.512016
9341.533333	-34.128742	115.575356
9341.600000	-34.780716	115.356506
9341.666667	-33.854046	115.557556
9341.733333	-34.198780	115.717865
9341.800000	-34.377502	115.742493
9341.866667	-33.690853	115.635063
9341.933333	-34.337715	115.565376
9342.000000	-34.014637	115.691208
9342.066667	-33.685829	115.748817
9342.133333	-34.511097	115.502106
9342.200000	-29.224230	117.001610
9342.266667	-36.576889	114.141991
9342.333333	-33.913357	115.475449
9342.400000	-33.608261	116.783119
9342.466667	-33.775467	116.709496
9342.533333	-33.882721	116.468796
9342.600000	-33.576691	116.703644
9342.666667	-33.969952	116.539116
9342.733333	-33.691246	116.685349
9342.800000	-33.174294	117.160278
9342.866667	-30.667694	119.172325
9342.933333	-27.677717	122.823242
9343.000000	-23.958694	126.068611
9343.066667	-20.307461	127.887581
9343.133333	-15.535870	131.757507
9343.200000	-13.853616	136.412613
9343.266667	-11.940345	133.283569
9343.333333	-1.176132	139.143967
9343.400000	3.563392	143.771484
9343.466667	11.491932	148.089584
9343.533333	16.091080	150.884583
9343.600000	21.158991	152.445816
9343.666667	27.963623	155.421799
9343.733333	26.843725	153.660736
9343.800000	21.062183	151.910217
9343.866667	18.066717	150.513443
9343.933333	17.858471	151.368805
9344.000000	17.827545	150.699448
9344.066667	16.631153	149.785721
9344.133333	12.462617	148.289581
9344.200000	10.399316	146.536942
9344.266667	13.217628	150.087906
9344.333333	4.316437	145.285797
9344.400000	-2.264234	141.236771
9344.466667	-6.596640	139.300461
9344.533333	-11.029235	137.630371
9344.600000	-13.815457	136.708847
9344.666667	-14.456689	136.268188
9344.733333	-15.465284	135.424271
9344.800000	-16.534767	134.911255
9344.866667	-17.901543	133.636841
9344.933333	-18.269768	134.016769
9345.000000	-18.056978	134.162415
9345.066667	-19.138868	133.607651
9345.133333	-19.085455	133.023102
9345.200000	-19.698296	133.292511
9345.266667	-20.096045	132.872849
9345.333333	-16.698645	137.271301
9345.400000	-19.091745	132.276093
9345.466667	-17.294741	135.499374
9345.533333	-15.641768	136.824646
9345.600000	-14.413343	137.310974
9345.666667	-12.469370	137.950226
9345.733333	-8.355997	139.369919
9345.800000	-4.261858	142.265427
9345.866667	1.485167	145.229950
9345.933333	5.702486	147.200623
9346.000000	7.991492	148.170578
9346.066667	11.379526	149.726196
9346.133333	6.123645	147.287216
9346.200000	-3.375649	142.538330
9346.266667	-9.323631	138.998413
9346.333333	-14.973948	135.675339
9346.400000	-18.877209	133.089249
9346.466667	-21.491140	130.998779
9346.533333	-23.474312	129.873230
9346.600000	-23.165770	129.825623
9346.666667	-21.622713	130.735336
9346.733333	-15.270365	135.315918
9346.800000	-0.021395	143.449463
9346.866667	17.972544	151.468750
9346.933333	41.297825	159.165619
9347.000000	54.114460	161.983521
9347.066667	65.075974	163.622955
9347.133333	84.532478	165.512344
9347.200000	93.872704	166.987762
9347.266667	111.194153	171.464706
9347.333333	139.268555	178.884537
9347.400000	166.729553	184.743134
9347.466667	188.709702	187.823441
9347.533333	190.343689	188.118225
9347.600000	137.919662	164.682617
9347.666667	68.157616	140.617722
9347.733333	32.276569	132.962433
9347.800000	6.954545	130.116119
9347.866667	-8.864985	129.333023
9347.933333	-18.519831	128.975891
9348.000000	-23.659134	129.030563
9348.066667	-24.601534	128.997986
9348.133333	-23.691845	129.180496
9348.200000	-24.193422	129.035263
9348.266667	-23.765148	129.185486
9348.333333	-23.447544	129.263977
9348.400000	-24.020510	129.038040
9348.466667	-23.257357	129.332443
9348.533333	-23.657433	129.183304
9348.600000	-23.445251	129.160080
9348.666667	-22.958342	129.407425
9348.733333	-23.638693	129.160065
9348.800000	-22.917681	129.301987
9348.866667	-22.928436	129.388748
9348.933333	-23.552965	129.156433
9349.000000	-22.746513	129.370697
9349.066667	-23.065449	129.328125
9349.133333	-23.314875	129.177673
9349.200000	-22.738773	129.361328
9349.266667	-23.302467	129.192810
9349.333333	-23.096889	129.200668
9349.400000	-22.872675	129.321167
9349.466667	-23.460964	129.118286
9349.533333	-22.983469	129.302048
9349.600000	-23.112833	129.263397
9349.666667	-23.646252	129.157806
9349.733333	-22.999231	129.598389
9349.800000	-23.212248	129.700867
9349.866667	-23.093187	129.818985
9349.933333	-22.813940	130.120575
9350.000000	-23.213581	130.123581
9350.066667	-22.783268	130.359146
9350.133333	-22.631405	130.581390
9350.200000	-23.042063	130.568893
9350.266667	-22.744673	130.796402
9350.333333	-22.956301	130.870605
9350.400000	-23.123707	130.888596
9350.466667	-22.422014	131.184479
9350.533333	-22.657578	131.044052
9350.600000	-22.446543	131.000504
9350.666667	-21.957724	131.128738
9350.733333	-22.318850	130.923355
9350.800000	-21.936283	131.036148
9350.866667	-21.844078	131.006210
9350.933333	-22.056581	130.851974
9351.000000	-21.866501	130.874176
9351.066667	-22.226213	130.700638
9351.133333	-22.342657	130.540329
9351.200000	-22.003561	130.622772
9351.266667	-22.111965	130.472198
9351.333333	-22.823265	130.149155
9351.400000	-22.398056	130.183746
9351.466667	-22.932056	130.001938
9351.533333	-22.412580	130.066467
9351.600000	-22.620573	129.977570
9351.666667	-23.041735	129.731354
9351.733333	-22.448851	129.831451
9351.800000	-22.542807	129.684860
9351.866667	-23.193762	129.387268
9351.933333	-22.637466	129.533035
9352.000000	-23.466925	129.205307
9352.066667	-22.959671	129.359039
9352.133333	-22.878347	129.385544
9352.200000	-23.070404	129.374283
-6207.066667	-23.070404	129.374283
-6206.933333	-23.070404	129.374283
-6206.866667	-23.070404	129.374283
-6204.400000	287.175171	131.357025
-6204.200000	287.935669	130.290527
-6204.133333	287.235077	130.692703
-6204.066667	286.443970	131.142746
-6204.000000	286.444794	130.845169
-6203.933333	285.601440	131.189667
-6203.866667	284.841705	131.469376
-6203.800000	284.836670	131.335510
-6203.733333	284.090790	131.717819
-6203.666667	283.801025	131.607849
-6203.600000	283.318604	131.880280
-6203.533333	282.991364	131.728775
-6203.466667	281.788177	132.136780
-6203.400000	281.767365	131.961746
-6203.333333	280.993774	132.329071
-6203.266667	281.005096	132.126831
-6203.200000	280.264374	132.329788
-6203.133333	279.516602	132.588638
-6203.066667	278.813354	132.700333
-6203.000000	278.704407	132.599365
-6202.933333	278.054443	132.813354
-6202.866667	277.970062	132.673492
-6202.800000	277.212677	132.865738
-6202.733333	276.555725	133.271255
-6202.666667	275.951904	133.374771
-6202.600000	275.952881	133.188110
-6202.533333	275.511047	133.253799
-6202.466667	275.474426	133.065613
-6202.400000	275.225647	132.963470
-6202.333333	274.979767	132.856445
-6202.266667	274.623779	132.814377
-6202.200000	274.679047	128.750519
-6202.133333	274.178040	129.169373
-6202.066667	274.196930	128.942566
-6202.000000	273.313599	126.775139
-6201.933333	272.749084	127.434128
-6201.866667	273.055634	127.176041
-6201.800000	273.013123	127.439362
-6201.733333	274.041138	126.482040
-6201.666667	273.925751	126.553421
-6201.600000	274.265472	126.361710
-6201.533333	274.376556	126.429451
-6201.466667	274.504181	126.453789
-6201.400000	274.533752	126.426216
-6201.333333	274.431427	126.454811
-6201.266667	274.377472	126.497093
-6201.200000	274.466949	126.583778
-6201.133333	274.485596	126.642143
-6201.066667	274.571777	126.752831
-6201.000000	274.522339	126.746300
-6200.933333	274.520477	126.812675
-6200.866667	274.499237	126.834259
-6200.800000	274.529236	126.896736
-6200.733333	274.560608	126.899185
-6200.666667	274.544983	126.905479
-6200.600000	274.565674	126.937782
-6200.533333	274.527863	126.995049
-6200.466667	274.563568	126.933861
-6200.400000	274.516693	126.972153
-6200.333333	274.594391	126.918304
-6200.266667	274.539673	126.979897
-6200.200000	274.540497	127.051140
-6200.133333	274.552521	127.034882
-6200.066667	274.552002	127.125374
-6200.000000	274.517120	127.260597
-6199.933333	274.529999	127.211807
-6199.866667	274.544830	127.323944
-6199.800000	274.535767	127.347031
-6199.733333	274.529999	127.362534
-6199.666667	274.497223	127.383995
-6199.600000	274.566345	127.481308
-6199.533333	274.585236	127.470291
-6199.466667	274.540039	127.508324
-6199.400000	274.571625	127.473099
-6199.333333	274.604492	127.455391
-6199.266667	274.603241	127.452988
-6199.200000	274.698792	127.413086
-6199.133333	274.714752	127.392021
-6199.066667	274.844055	127.386620
-6199.000000	274.783264	127.369102
-6198.933333	274.838470	127.350815
-6198.866667	274.897339	127.379028
-6198.800000	274.956329	127.365707
-6198.733333	274.963196	127.359390
-6198.666667	274.942963	127.356712
-6198.600000	274.958710	127.471970
-6198.533333	274.875519	127.400314
-6198.466667	274.839691	127.432281
-6198.400000	274.692749	127.477814
-6198.333333	274.743134	127.422264
-6198.266667	274.656372	127.448799
-6198.200000	274.693085	127.410332
-6198.133333	274.717651	127.408943
-6198.066667	274.633331	127.417702
-6198.000000	274.634064	127.390381
-6197.933333	274.593414	127.371361
-6197.866667	274.589539	127.444557
-6197.800000	274.584076	127.456924
-6197.733333	274.554199	127.501419
-6197.666667	274.602020	127.497810
-6197.600000	274.528656	127.492500
-6197.533333	274.517883	127.558701
-6197.466667	274.471710	127.647202
-6197.400000	274.477692	127.604218
-6197.333333	274.418396	127.687317
-6197.266667	274.373444	127.707359
-6197.200000	274.360413	127.687737
-6197.133333	274.306946	127.712524
-6197.066667	274.341431	127.695564
-6197.000000	274.256989	127.699013
-6196.933333	274.242279	127.674965
-6196.866667	274.239441	127.708939
-6196.800000	274.268738	127.675354
-6196.733333	274.194641	127.671265
-6196.666667	274.242096	127.646507
-6196.600000	274.283325	127.688751
-6196.533333	274.268982	127.699669
-6196.466667	274.233856	127.687637
-6196.400000	274.278198	127.705200
-6196.333333	274.302124	127.662766
-6196.266667	274.311646	127.677193
-6196.200000	274.307190	127.736275
-6196.133333	274.301697	127.708557
-6196.066667	274.320557	127.777847
-6196.000000	274.324921	127.756485
-6195.933333	274.299805	127.791008
-6195.866667	274.339203	127.837776
-6195.800000	274.335846	127.848999
-6195.733333	274.348938	127.801743
-6195.666667	274.466949	127.847733
-6195.600000	274.510376	127.740509
-6195.533333	274.610870	127.811920
-6195.466667	274.718964	127.696503
-6195.400000	274.786316	127.665634
-6195.333333	274.889984	127.646126
-6195.266667	275.075897	127.630066
-6195.200000	275.161591	127.582893
-6195.133333	275.260101	127.569237
-6195.066667	275.232574	127.595070
-6195.000000	275.242126	127.575027
-6194.933333	275.229858	127.563957
-6194.866667	275.240753	127.640663
-6194.800000	275.170746	127.600365
-6194.733333	275.198273	127.672592
-6194.666667	275.162292	127.670006
-6194.600000	275.144318	127.671860
-6194.533333	275.159760	127.715462
-6194.466667	275.094238	127.665138
-6194.400000	275.154724	127.735855
-6194.333333	275.096008	127.776459
-6194.266667	275.136688	127.734100
-6194.200000	275.183228	127.711197
-6194.133333	275.190033	127.837540
-6194.066667	275.236420	127.785896
-6194.000000	275.228210	127.814812
-6193.933333	275.184235	127.854050
-6193.866667	275.252167	127.917702
-6193.800000	275.265808	127.870323
-6193.733333	275.292084	127.882401
-6193.666667	275.343384	127.912766
-6193.600000	275.379028	127.923302
-6193.533333	275.396851	127.862366
-6193.466667	275.395844	128.033295
-6193.400000	275.379700	128.058594
-6193.333333	275.339813	128.079376
-6193.266667	275.317535	127.979218
-6193.200000	275.306976	127.947891
-6193.133333	275.147583	127.925835
-6193.066667	275.257172	127.770187
-6193.000000	275.266083	127.709335
-6192.933333	275.274017	127.600502
-6192.866667	275.395416	127.356720
-6192.800000	275.448914	127.283104
-6192.733333	275.467255	127.071098
-6192.666667	275.544586	127.010834
-6192.600000	275.577423	126.839485
-6192.533333	275.609100	126.874077
-6192.466667	275.665619	126.759590
-6192.400000	275.674072	126.719620
-6192.333333	275.690308	126.720772
-6192.266667	275.682648	126.688515
-6192.200000	275.643799	126.692543
-6192.133333	275.615204	126.697952
-6192.066667	275.683197	127.172890
-6192.000000	275.698303	127.408951
-6191.933333	275.737000	128.090378
-6191.866667	275.750122	128.423599
-6191.800000	275.865784	128.722366
-6191.733333	275.893250	128.849350
-6191.666667	275.958527	129.022095
-6191.600000	275.971893	129.098175
-6191.533333	275.964172	129.178680
-6191.466667	276.021332	129.168427
-6191.400000	275.923767	129.755447
-6191.333333	275.995941	129.822769
-6191.266667	276.173004	130.088913
-6191.200000	276.141785	130.187759
-6191.133333	275.985046	130.414200
-6191.066667	275.935669	130.406097
-6191.000000	275.964630	130.365189
-6190.933333	275.961517	130.155273
-6190.866667	275.917938	129.728653
-6190.800000	275.839081	129.546432
-6190.733333	275.858765	130.240509
-6190.666667	275.857147	130.335831
-6190.600000	275.864838	130.204117
-6190.533333	275.932068	130.136673
-6190.466667	276.026031	129.641266
-6190.400000	276.009247	129.203735
-6190.333333	275.810608	128.665192
-6190.266667	275.666473	128.513077
-6190.200000	275.558502	128.359726
-6190.133333	275.452484	128.340973
-6190.066667	275.495361	128.489273
-6190.000000	275.580048	128.615845
-6189.933333	275.609833	128.640305
-6189.866667	275.704010	128.573257
-6189.800000	275.753937	128.526779
-6189.733333	275.820435	128.374710
-6189.666667	275.956116	128.291550
-6189.600000	275.987366	128.185898
-6189.533333	276.121643	128.113525
-6189.466667	276.064728	128.063187
-6189.400000	276.048431	128.104355
-6189.333333	275.980835	128.077637
-6189.266667	275.863251	128.044342
-6189.200000	275.789917	128.076889
-6189.133333	275.677216	127.969971
-6189.066667	275.577087	127.943626
-6189.000000	275.511475	127.991722
-6188.933333	275.523956	128.131012
-6188.866667	275.417114	127.976151
-6188.800000	275.337738	127.845840
-6188.733333	275.291016	127.727943
-6188.666667	275.282410	127.622574
-6188.600000	275.257355	127.602242
-6188.533333	275.254669	127.501442
-6188.466667	275.202667	127.509949
-6188.400000	275.206421	127.445305
-6188.333333	275.114105	127.342903
-6188.266667	275.090759	127.255180
-6188.200000	275.114868	127.323021
-6188.133333	275.198700	127.375397
-6188.066667	275.362854	127.508827
-6188.000000	275.427399	127.542122
-6187.933333	275.688660	127.803589
-6187.866667	275.742188	127.864922
-6187.800000	275.825867	127.894829
-6187.733333	275.807770	127.796265
-6187.666667	275.789703	127.750603
-6187.600000	275.754028	127.808075
-6187.533333	275.724976	127.736275
-6187.466667	275.732788	127.734230
-6187.400000	275.774475	127.736275
-6187.333333	275.755554	127.634773
-6187.266667	275.641541	127.729019
-6187.200000	275.642944	127.804764
-6187.133333	275.649902	127.773422
-6187.066667	275.619537	127.807564
-6187.000000	275.614105	127.798363
-6186.933333	275.617706	127.761208
-6186.866667	275.645538	127.830811
-6186.800000	275.624786	127.772690
-6186.733333	275.632385	127.808014
-6186.666667	275.726715	127.786263
-6186.600000	275.707153	127.726242
-6186.533333	275.719299	127.738464
-6186.466667	275.688263	128.289825
-6186.400000	275.676025	128.327896
-6186.333333	275.666748	128.336548
-6186.266667	275.651093	128.242661
-6186.200000	275.640717	128.269211
-6186.133333	275.594788	128.239960
-6186.066667	275.596130	128.160431
-6186.000000	275.600281	128.140060
-6185.933333	275.564148	128.066650
-6185.866667	275.550781	128.046555
-6185.800000	275.511444	128.057968
-6185.733333	275.429871	128.079224
-6185.666667	275.371857	128.066956
-6185.600000	275.301483	128.015106
-6185.533333	275.302094	128.060013
-6185.466667	275.336243	128.045486
-6185.400000	275.292358	128.046463
-6185.333333	275.270233	128.065140
-6185.266667	275.302307	128.067825
-6185.200000	275.383545	128.144913
-6185.133333	275.311157	128.140915
-6185.066667	275.242126	128.123718
-6185.000000	275.236237	128.097488
-6184.933333	275.206818	128.076660
-6184.866667	275.198181	127.999146
-6184.800000	275.208466	128.046997
-6184.733333	275.252258	127.953781
-6184.666667	275.260437	127.989426
-6184.600000	275.299866	127.970711
-6184.533333	275.253998	127.995979
-6184.466667	275.232727	128.045120
-6184.400000	275.193817	127.985466
-6184.333333	275.160339	127.930840
-6184.266667	275.136627	127.895599
-6184.200000	275.175812	127.889915
-6184.133333	275.102081	128.012466
-6184.066667	275.126923	127.975922
-6184.000000	275.078430	127.996124
-6183.933333	275.043213	127.994049
-6183.866667	275.067291	127.926933
-6183.800000	275.055054	127.921700
-6183.733333	275.107574	128.061508
-6183.666667	275.177948	128.066437
-6183.600000	275.202942	128.153107
-6183.533333	275.199585	128.147842
-6183.466667	275.262878	128.242340
-6183.400000	275.270508	128.288773
-6183.333333	275.271301	128.311920
-6183.266667	275.332733	128.371292
-6183.200000	275.340088	128.549820
-6183.133333	275.341064	128.603897
-6183.066667	275.427307	128.564346
-6183.000000	275.394104	128.597382
-6182.933333	275.354492	128.562912
-6182.866667	275.436310	128.609451
-6182.800000	275.436859	128.551987
-6182.733333	275.433472	128.576065
-6182.666667	275.401947	128.579346
-6182.600000	275.483368	128.604477
-6182.533333	275.520508	128.705765
-6182.466667	275.518433	128.791626
-6182.400000	275.572052	128.858047
-6182.333333	275.639099	128.911728
-6182.266667	275.691376	128.922974
-6182.200000	275.680023	128.998474
-6182.133333	275.781281	129.115005
-6182.066667	275.847046	129.340683
-6182.000000	275.865265	129.347946
-6181.933333	275.868958	129.271317
-6181.866667	275.942505	129.143784
-6181.800000	275.888885	129.070999
-6181.733333	275.932861	128.888260
-6181.666667	276.023773	128.961914
-6181.600000	276.185333	129.252594
-6181.533333	276.256073	129.568665
-6181.466667	276.322601	129.742676
-6181.400000	276.365997	129.740204
-6181.333333	276.464264	129.848663
-6181.266667	276.431488	129.842377
-6181.200000	276.461731	129.829910
-6181.133333	276.519104	129.815933
-6181.066667	276.501923	129.854141
-6181.000000	276.448914	129.737183
-6180.933333	276.228088	129.142624
-6180.866667	276.081573	128.857071
-6180.800000	275.824921	128.502640
-6180.733333	275.842316	128.474518
-6180.666667	275.824768	128.550034
-6180.600000	275.903229	128.730392
-6180.533333	276.401947	129.559738
-6180.466667	276.580872	129.946564
-6180.400000	277.088623	130.946533
-6180.333333	276.874359	130.025024
-6180.266667	276.227264	128.438782
-6180.200000	275.580048	127.250931
-6180.133333	275.162201	126.259636
-6180.066667	274.873718	126.079880
-6180.000000	274.659760	126.083160
-6179.933333	274.629822	126.507652
-6179.866667	274.528046	126.764244
-6179.800000	274.435120	127.116318
-6179.733333	274.652130	128.247116
-6179.666667	274.855896	129.097580
-6179.600000	275.213531	130.233459
-6179.533333	275.285461	130.475357
-6179.466667	275.329834	130.660141
-6179.400000	275.444916	130.973999
-6179.333333	275.424683	130.982391
-6179.266667	275.542938	131.018066
-6179.200000	275.925690	131.568008
-6179.133333	276.441833	133.341492
-6179.066667	276.940643	135.662109
-6179.000000	276.988739	137.027145
-6178.933333	276.463623	138.547745
-6178.866667	276.595795	139.443878
-6178.800000	276.643341	140.800491
-6178.733333	276.766724	140.640335
-6178.666667	276.855225	140.361816
-6178.600000	276.851166	140.064117
-6178.533333	276.820526	140.055923
-6178.466667	276.769745	140.189468
-6178.400000	276.628265	140.098907
-6178.333333	276.617279	140.109314
-6178.266667	276.553680	140.137131
-6178.200000	276.422180	140.197556
-6178.133333	276.338715	140.242706
-6178.066667	276.365540	140.298401
-6178.000000	276.186157	140.438156
-6177.933333	277.338135	140.016220
-6177.866667	277.295349	140.016129
-6177.800000	278.139038	139.963303
-6177.733333	278.067352	140.030945
-6177.666667	278.010529	140.064987
-6177.600000	277.967865	140.180893
-6177.533333	277.926636	140.238922
-6177.466667	277.879089	140.316376
-6177.400000	277.853119	140.363968
-6177.333333	277.825928	140.438004
-6177.266667	277.828644	140.418106
-6177.200000	277.789612	140.450119
-6177.133333	277.811615	140.431381
-6177.066667	277.804016	140.450867
-6177.000000	277.735199	140.454727
-6176.933333	277.777649	140.470352
-6176.866667	277.783997	140.490311
-6176.800000	277.744720	140.493851
-6176.733333	277.707214	140.513474
-6176.666667	277.688751	140.507706
-6176.600000	277.632843	140.532867
-6176.533333	277.631500	140.547806
-6176.466667	277.589539	140.527527
-6176.400000	277.510986	140.579407
-6176.333333	277.467499	140.588287
-6176.266667	277.435028	140.608032
-6176.200000	277.394623	140.598526
-6176.133333	277.367950	140.604736
-6176.066667	277.377563	140.575424
-6176.000000	277.318390	140.600433
-6175.933333	277.293457	140.596924
-6175.866667	277.301208	140.601120
-6175.800000	277.250214	140.600357
-6175.733333	277.256012	140.548828
-6175.666667	277.246246	140.542053
-6175.600000	277.244110	140.560715
-6175.533333	277.238068	140.529617
-6175.466667	277.241089	140.532135
-6175.400000	277.247009	140.552612
-6175.333333	277.260681	140.510483
-6175.266667	277.233185	140.520493
-6175.200000	277.234406	140.520905
-6175.133333	277.234741	140.541718
-6175.066667	277.220886	140.491867
-6175.000000	277.221222	140.523010
-6174.933333	277.185272	140.544968
-6174.866667	277.186462	140.516113
-6174.800000	277.205536	140.502716
-6174.733333	277.231506	140.468094
-6174.666667	277.261871	140.461243
-6174.600000	277.258789	140.452560
-6174.533333	277.271820	140.473816
-6174.466667	277.289734	140.462952
-6174.400000	277.317963	140.439484
-6174.333333	277.312042	140.393768
-6174.266667	277.309204	140.449188
-6174.200000	277.318329	140.462845
-6174.133333	277.346497	140.432907
-6174.066667	277.329407	140.438782
-6174.000000	277.359070	140.377960
-6173.933333	277.349060	140.363449
-6173.866667	277.355133	140.355560
-6173.800000	277.340424	140.345917
-6173.733333	277.310181	140.364273
-6173.666667	277.346466	140.383087
-6173.600000	277.327362	140.388885
-6173.533333	277.289215	140.422867
-6173.466667	277.322937	140.369583
-6173.400000	277.351562	140.370758
-6173.333333	277.316956	140.418015
-6173.266667	277.321930	140.411591
-6173.200000	277.316132	140.402313
-6173.133333	277.328461	140.451843
-6173.066667	277.272949	140.440659
-6173.000000	277.321686	140.461624
-6172.933333	277.314423	140.432617
-6172.866667	277.271790	140.453857
-6172.800000	277.281097	140.446365
-6172.733333	277.290436	140.449020
-6172.666667	277.322632	140.441483
-6172.600000	277.386658	140.406982
-6172.533333	277.357941	140.407394
-6172.466667	277.331512	140.441833
-6172.400000	277.398682	140.386765
-6172.333333	277.389587	140.393784
-6172.266667	277.460938	140.368607
-6172.200000	277.489532	140.273911
-6172.133333	277.516510	140.220276
-6172.066667	277.562744	140.171600
-6172.000000	277.555603	140.217422
-6171.933333	277.580109	140.208038
-6171.866667	277.582642	140.221710
-6171.800000	277.621185	140.150665
-6171.733333	277.588593	140.167374
-6171.666667	277.671265	140.124420
-6171.600000	277.633820	140.134384
-6171.533333	277.631592	140.084442
-6171.466667	277.673645	140.074432
-6171.400000	277.724609	140.109131
-6171.333333	277.749176	140.077850
-6171.266667	277.773804	140.068451
-6171.200000	277.830750	140.055649
-6171.133333	277.866180	140.064011
-6171.066667	277.938873	139.993164
-6171.000000	277.935791	139.999863
-6170.933333	277.975098	139.981537
-6170.866667	277.982849	140.003967
-6170.800000	277.958496	139.977905
-6170.733333	277.965515	139.979538
-6170.666667	277.947845	140.020050
-6170.600000	277.890045	140.030701
-6170.533333	277.884674	140.011581
-6170.466667	277.795349	140.041229
-6170.400000	277.708679	140.085114
-6170.333333	277.636108	140.115448
-6170.266667	277.601074	140.132004
-6170.200000	277.490936	140.166412
-6170.133333	277.489410	140.178482
-6170.066667	277.478760	140.197037
-6170.000000	277.428802	140.232224
-6169.933333	277.429047	140.236542
-6169.866667	277.415375	140.276001
-6169.800000	277.345856	140.309311
-6169.733333	277.358093	140.239380
-6169.666667	277.362793	140.207001
-6169.600000	277.381104	140.171295
-6169.533333	277.394104	140.134750
-6169.466667	277.396729	140.155609
-6169.400000	277.418427	140.140869
-6169.333333	277.434631	140.109726
-6169.266667	277.448517	140.108002
-6169.200000	277.469604	140.127243
-6169.133333	277.462585	140.185287
-6169.066667	277.457642	140.156143
-6169.000000	277.434631	140.162277
-6168.933333	277.437042	140.151627
-6168.866667	277.443024	140.150253
-6168.800000	277.475525	140.163315
-6168.733333	277.447937	140.212387
-6168.666667	277.485443	140.215668
-6168.600000	277.471466	140.249146
-6168.533333	277.473572	140.233490
-6168.466667	277.506317	140.242554
-6168.400000	277.545197	140.186508
-6168.333333	277.538208	140.139038
-6168.266667	277.590424	139.874695
-6168.200000	277.608368	139.820389
-6168.133333	277.595642	139.757401
-6168.066667	277.562225	139.927414
-6168.000000	277.314026	140.614105
-6167.933333	277.208588	140.685425
-6167.866667	276.935791	140.961182
-6167.800000	276.741699	141.075623
-6167.733333	276.593506	141.101883
-6167.666667	276.471375	141.166428
-6167.600000	276.422821	141.191513
-6167.533333	276.397583	141.195206
-6167.466667	276.405701	141.371490
-6167.400000	276.468719	141.304886
-6167.333333	276.492523	141.188644
-6167.266667	276.553864	141.205261
-6167.200000	276.575012	141.182892
-6167.133333	276.562897	141.211334
-6167.066667	276.582764	141.048218
-6167.000000	276.659393	141.042282
-6166.933333	276.618347	141.079880
-6166.866667	276.643433	141.091431
-6166.800000	276.696503	141.177277
-6166.733333	276.674347	141.234131
-6166.666667	276.808807	141.318710
-6166.600000	276.832611	141.524521
-6166.533333	276.974121	141.580612
-6166.466667	277.151917	141.501297
-6166.400000	277.386536	141.173508
-6166.333333	277.464020	141.080627
-6166.266667	277.581604	140.859619
-6166.200000	277.599487	140.778305
-6166.133333	277.626038	140.745331
-6166.066667	277.609497	140.744949
-6166.000000	277.618256	140.729568
-6165.933333	277.629333	140.651398
-6165.866667	277.503021	140.826355
-6165.800000	277.451385	140.831619
-6165.733333	277.391815	140.953751
-6165.666667	277.370575	140.999008
-6165.600000	277.218353	141.193710
-6165.533333	277.233765	141.168533
-6165.466667	277.177277	141.071884
-6165.400000	277.218567	141.009048
-6165.333333	277.109833	141.050049
-6165.266667	276.942017	141.213425
-6165.200000	274.710083	138.895081
-6165.133333	272.597290	132.990005
-6165.066667	271.588440	124.492813
-6165.000000	272.176910	123.145134
-6164.933333	272.780731	123.640465
-6164.866667	273.014038	124.876534
-6164.800000	272.209320	125.194710
-6164.733333	270.752350	120.312477
-6164.666667	274.826660	123.791389
-6164.600000	277.193970	130.838455
-6164.533333	277.802063	132.909195
-6164.466667	277.874359	133.784943
-6164.400000	277.882233	135.026794
-6164.333333	277.907288	134.807343
-6164.266667	277.923462	135.535706
-6164.200000	277.907959	135.932510
-6164.133333	277.928864	136.598465
-6164.066667	277.796387	136.959671
-6164.000000	277.725525	137.782028
-6163.933333	277.640869	137.862823
-6163.866667	277.683655	138.142822
-6163.800000	277.688721	138.431976
-6163.733333	277.694031	138.650864
-6163.666667	277.699615	138.736618
-6163.600000	277.681213	138.859497
-6163.533333	277.664215	138.806244
-6163.466667	277.672119	138.836044
-6163.400000	277.639801	138.681595
-6163.333333	277.603180	138.820526
-6163.266667	277.622498	139.007080
-6163.200000	277.618134	139.043533
-6163.133333	277.631317	139.031052
-6163.066667	277.691345	138.995636
-6163.000000	277.659851	138.976562
-6162.933333	277.643677	138.972870
-6162.866667	277.609283	138.887817
-6162.800000	277.637238	138.848618
-6162.733333	277.593597	138.875076
-6162.666667	277.553101	138.965546
-6162.600000	277.579773	138.897797
-6162.533333	277.569366	138.747620
-6162.466667	277.563049	138.645905
-6162.400000	277.551910	138.614227
-6162.333333	277.567474	138.701599
-6162.266667	277.560425	138.717300
-6162.200000	277.615082	138.685242
-6162.133333	277.565979	138.836243
-6162.066667	277.475220	138.663452
-6162.000000	277.486755	138.722992
-6161.933333	277.462433	138.805008
-6161.866667	277.428650	138.522034
-6161.800000	277.460968	138.427246
-6161.733333	277.398315	137.900314
-6161.666667	277.265411	136.009689
-6161.600000	276.910553	134.377838
-6161.533333	276.390930	132.589401
-6161.466667	275.926239	130.880051
-6161.400000	276.008881	130.862915
-6161.333333	276.123718	130.970505
-6161.266667	276.377777	131.155426
-6161.200000	276.454193	131.159241
-6161.133333	276.502747	130.997131
-6161.066667	276.466064	130.963989
-6161.000000	276.448425	130.833679
-6160.933333	276.440887	130.871368
-6160.866667	276.296753	130.480057
-6160.800000	276.222839	130.326584
-6160.733333	276.097748	130.103561
-6160.666667	275.698730	129.232758
-6160.600000	275.482971	128.761154
-6160.533333	275.208954	128.384796
-6160.466667	275.063751	128.315430
-6160.400000	275.121460	128.367157
-6160.333333	275.201660	128.497330
-6160.266667	275.445770	129.047623
-6160.200000	275.471436	129.133865
-6160.133333	275.561707	129.272522
-6160.066667	275.726379	129.657211
-6160.000000	275.783661	129.759705
-6159.933333	275.804962	129.811905
-6159.866667	275.934509	129.888260
-6159.800000	275.952942	129.888306
-6159.733333	275.982971	129.932999
-6159.666667	276.130219	129.953796
-6159.600000	276.151367	129.853180
-6159.533333	276.117676	129.846161
-6159.466667	276.183289	129.832214
-6159.400000	276.172028	129.824493
-6159.333333	276.193909	129.863586
-6159.266667	276.192200	129.829941
-6159.200000	276.165588	129.912720
-6159.133333	276.152100	130.087326
-6159.066667	276.149841	130.243713
-6159.000000	276.158173	130.294861
-6158.933333	276.188629	130.474670
-6158.866667	276.246185	130.913452
-6158.800000	276.241089	131.024933
-6158.733333	276.281738	131.173691
-6158.666667	276.253357	131.203552
-6158.600000	276.216461	131.192429
-6158.533333	276.235931	131.172775
-6158.466667	276.204590	131.138870
-6158.400000	276.137817	131.035110
-6158.333333	276.118378	130.904236
-6158.266667	276.121887	130.879059
-6158.200000	276.083984	130.919708
-6158.133333	276.098450	130.830933
-6158.066667	276.080200	130.798584
-6158.000000	276.021973	130.813354
-6157.933333	276.067993	130.796738
-6157.866667	276.020599	130.769653
-6157.800000	276.021271	130.755341
-6157.733333	275.971405	130.709442
-6157.666667	275.988342	130.617477
-6157.600000	275.976562	130.604004
-6157.533333	275.943695	130.538696
-6157.466667	275.949768	130.580856
-6157.400000	275.969147	130.538223
-6157.333333	275.999329	130.508881
-6157.266667	276.059174	130.464325
-6157.200000	276.130371	130.530472
-6157.133333	276.286591	130.374161
-6157.066667	276.381653	130.372955
-6157.000000	276.483398	130.432816
-6156.933333	276.619049	130.416473
-6156.866667	276.906799	130.188904
-6156.800000	277.064453	130.077301
-6156.733333	277.237823	129.886551
-6156.666667	277.276825	129.881287
-6156.600000	277.379211	129.841827
-6156.533333	277.468384	129.846802
-6156.466667	277.623566	129.762451
-6156.400000	277.669250	129.772263
-6156.333333	277.725616	129.822800
-6156.266667	277.729462	129.833801
-6156.200000	277.698486	129.862717
-6156.133333	277.720947	129.894943
-6156.066667	277.601105	129.973770
-6156.000000	277.524353	130.024887
-6155.933333	277.414703	130.127991
-6155.866667	277.356140	130.204544
-6155.800000	277.304840	130.225876
-6155.733333	277.225403	130.246414
-6155.666667	277.141235	130.352463
-6155.600000	277.101959	130.354736
-6155.533333	277.039368	130.370468
-6155.466667	277.070648	130.375214
-6155.400000	277.043396	130.342865
-6155.333333	277.048676	130.318161
-6155.266667	277.071869	130.281723
-6155.200000	277.100952	130.298462
-6155.133333	277.170715	130.358414
-6155.066667	277.188171	130.347031
-6155.000000	277.264435	130.296219
-6154.933333	277.190002	130.134125
-6154.866667	277.156281	129.761581
-6154.800000	277.076111	129.585068
-6154.733333	277.034912	129.067673
-6154.666667	277.041473	128.871765
-6154.600000	277.078735	128.759430
-6154.533333	277.208282	128.655975
-6154.466667	277.515198	128.646332
-6154.400000	277.764557	129.096786
-6154.333333	278.347260	130.252243
-6154.266667	278.511078	130.602646
-6154.200000	278.649445	130.870071
-6154.133333	278.697327	131.041519
-6154.066667	278.729462	131.025528
-6154.000000	278.726013	130.979538
-6153.933333	278.666809	130.914825
-6153.866667	278.609497	130.891510
-6153.800000	278.545502	130.885864
-6153.733333	278.351776	131.033188
-6153.666667	278.221985	131.153625
-6153.600000	278.197357	131.278748
-6153.533333	277.910522	131.515656
-6153.466667	277.810181	131.751694
-6153.400000	277.688599	131.899155
-6153.333333	277.546631	132.051315
-6153.266667	277.523102	132.003555
-6153.200000	277.498199	131.968063
-6153.133333	277.614868	131.868530
-6153.066667	277.704346	131.801453
-6153.000000	277.820099	131.724655
-6152.933333	277.909424	131.662949
-6152.866667	278.010712	131.759521
-6152.800000	278.110809	132.079239
-6152.733333	278.287231	132.861099
-6152.666667	278.359711	133.294098
-6152.600000	278.440735	133.664124
-6152.533333	278.407898	134.146149
-6152.466667	278.337097	134.395508
-6152.400000	278.276031	134.484451
-6152.333333	278.144196	134.574997
-6152.266667	278.026306	134.519119
-6152.200000	277.932343	134.393661
-6152.133333	277.810089	134.192184
-6152.066667	277.801208	134.156708
-6152.000000	277.710968	134.167191
-6151.933333	277.667084	134.336594
-6151.866667	277.636261	134.400314
-6151.800000	277.638763	134.411469
-6151.733333	277.619720	134.398270
-6151.666667	277.591919	134.441864
-6151.600000	277.588135	134.471344
-6151.533333	277.548615	134.519318
-6151.466667	277.499573	134.582397
-6151.400000	277.482941	134.580460
-6151.333333	277.478638	134.589890
-6151.266667	277.437775	134.643448
-6151.200000	277.447174	134.627548
-6151.133333	277.462341	134.581146
-6151.066667	277.491547	134.617371
-6151.000000	277.527313	134.639435
-6150.933333	277.649017	134.643051
-6150.866667	277.644745	134.801102
-6150.800000	277.665100	134.883331
-6150.733333	277.692322	134.892746
-6150.666667	277.733765	134.975662
-6150.600000	277.769043	135.214752
-6150.533333	277.856781	136.302719
-6150.466667	277.856781	136.302719
-6150.400000	277.806885	137.353638
-6150.333333	277.712189	137.446701
-6150.266667	277.717010	137.385483
-6150.200000	278.496887	136.323624
-6150.133333	278.263000	136.603989
-6150.066667	278.604218	136.152832
-6150.000000	278.587189	136.199265
-6149.933333	278.586639	136.219330
-6149.866667	278.608765	136.030106
-6149.800000	278.583557	135.976959
-6149.733333	278.640350	136.016632
-6149.666667	278.585968	136.511398
-6149.600000	279.255005	136.418549
-6149.533333	279.077667	136.447052
-6149.466667	278.732819	136.391510
-6149.400000	278.946106	136.768250
-6149.333333	278.920105	136.673172
-6149.266667	278.945892	136.661041
-6149.200000	278.773926	136.657257
-6149.133333	278.763855	136.594177
-6149.066667	278.781891	136.613327
-6149.000000	278.735657	136.645081
-6148.933333	278.674347	136.697830
-6148.866667	278.660889	136.688721
-6148.800000	278.619293	136.696136
-6148.733333	278.623566	136.596558
-6148.666667	278.553619	136.603638
-6148.600000	278.568054	136.557587
-6148.533333	278.563904	136.328384
-6148.466667	278.527191	136.198303
-6148.400000	278.521240	136.150131
-6148.333333	278.542419	136.038528
-6148.266667	278.536499	136.003098
-6148.200000	278.496674	136.011734
-6148.133333	278.557800	135.813919
-6148.066667	278.575958	135.651154
-6148.000000	278.537659	135.435318
-6147.933333	278.543732	134.747833
-6147.866667	278.468140	134.368225
-6147.800000	278.434418	134.171173
-6147.733333	278.556519	134.429352
-6147.666667	278.584320	134.656662
-6147.600000	278.626801	134.774902
-6147.533333	278.650421	134.703598
-6147.466667	278.618774	134.659454
-6147.400000	278.635101	134.647095
-6147.333333	278.656860	134.584610
-6147.266667	278.648865	134.624054
-6147.200000	278.649689	134.529144
-6147.133333	278.656342	134.634506
-6147.066667	278.644897	134.687546
-6147.000000	278.663055	134.697922
-6146.933333	278.614227	134.777390
-6146.866667	278.623688	134.937347
-6146.800000	278.573090	135.158203
-6146.733333	278.606750	135.198898
-6146.666667	278.636353	135.034058
-6146.600000	278.679993	134.827988
-6146.533333	278.486694	133.461502
-6146.466667	278.276978	132.420288
-6146.400000	277.894928	131.260788
-6146.333333	276.960999	128.997635
-6146.266667	276.974487	129.183258
-6146.200000	276.888916	129.425613
-6146.133333	276.222656	127.635857
-6146.066667	276.093079	127.477432
-6146.000000	276.477173	128.264969
-6145.933333	277.037109	129.539719
-6145.866667	277.085999	129.655594
-6145.800000	277.208832	129.996994
-6145.733333	277.613190	131.023483
-6145.666667	277.642090	131.410492
-6145.600000	277.655060	131.301239
-6145.533333	277.454559	130.750214
-6145.466667	277.402740	130.650269
-6145.400000	277.325470	130.521088
-6145.333333	277.281860	130.435379
-6145.266667	277.275360	130.312119
-6145.200000	277.289215	130.248032
-6145.133333	277.392120	130.477066
-6145.066667	277.473419	130.626221
-6145.000000	277.537109	130.726303
-6144.933333	277.601288	130.815796
-6144.866667	277.608643	130.843063
-6144.800000	277.555481	130.652267
-6144.733333	277.479279	130.388168
-6144.666667	277.402618	130.373062
-6144.600000	277.367340	130.310730
-6144.533333	277.182495	129.891815
-6144.466667	277.018982	129.684769
-6144.400000	276.894470	129.512100
-6144.333333	276.534973	128.389725
-6144.266667	276.307617	127.694664
-6144.200000	276.416840	127.488174
-6144.133333	277.866089	130.960617
-6144.066667	278.076385	131.694244
-6144.000000	278.007874	131.717819
-6143.933333	278.123108	131.979675
-6143.866667	278.150421	132.355667
-6143.800000	278.191559	132.408920
-6143.733333	278.215363	132.476028
-6143.666667	278.217896	132.393951
-6143.600000	278.145782	132.410202
-6143.533333	278.140381	132.384262
-6143.466667	278.205292	132.408691
-6143.400000	278.131836	132.394363
-6143.333333	278.164276	132.341446
-6143.266667	278.143951	132.333389
-6143.200000	278.154358	132.291901
-6143.133333	278.106262	132.212402
-6143.066667	278.089172	132.127090
-6143.000000	278.084412	132.168671
-6142.933333	278.128113	132.443161
-6142.866667	278.163361	132.509735
-6142.800000	278.153046	132.377396
-6142.733333	277.981018	131.819290
-6142.666667	277.956360	131.799072
-6142.600000	278.175598	132.793808
-6142.533333	278.518066	135.048843
-6142.466667	278.465942	135.414642
-6142.400000	278.372833	135.695129
-6142.333333	278.308197	135.794571
-6142.266667	278.266418	136.087372
-6142.200000	278.259460	136.299332
-6142.133333	278.203064	136.297974
-6142.066667	278.148041	136.198456
-6142.000000	278.119141	136.075775
-6141.933333	278.099915	136.156281
-6141.866667	278.038940	136.093506
-6141.800000	277.984039	135.998672
-6141.733333	277.882507	135.546585
-6141.666667	277.812744	135.383606
-6141.600000	277.810852	135.156952
-6141.533333	277.816681	135.114365
-6141.466667	277.853882	135.060242
-6141.400000	277.793610	134.853683
-6141.333333	277.914886	134.139450
-6141.266667	277.969208	133.748550
-6141.200000	278.000610	133.613907
-6141.133333	278.027008	133.047318
-6141.066667	278.022583	132.825485
-6141.000000	277.976685	132.832504
-6140.933333	278.003815	132.859802
-6140.866667	277.959473	132.721191
-6140.800000	277.933838	132.666595
-6140.733333	277.912598	132.250687
-6140.666667	277.911896	132.099854
-6140.600000	277.527405	130.581482
-6140.533333	271.870361	119.224968
-6140.466667	269.606995	117.349678
-6140.400000	269.638489	118.500153
-6140.333333	269.988159	119.228584
-6140.266667	270.334320	119.822586
-6140.200000	272.398193	125.725945
-6140.133333	272.398193	125.725945
-6140.066667	277.014618	136.901840
-6140.000000	277.459320	138.968079
-6139.933333	277.510620	139.176208
-6139.866667	277.475800	139.583130
-6139.800000	277.258575	140.306534
-6139.733333	277.229889	140.571136
-6139.666667	277.312714	140.703018
-6139.600000	277.447693	140.672989
-6139.533333	277.478149	140.560120
-6139.466667	277.529755	140.420410
-6139.400000	277.569366	140.159134
-6139.333333	277.571503	140.098114
-6139.266667	277.517090	140.092896
-6139.200000	277.496033	140.155930
-6139.133333	277.420959	140.221741
-6139.066667	277.425476	140.273438
-6139.000000	277.359497	140.390442
-6138.933333	277.303619	140.422501
-6138.866667	277.273956	140.430786
-6138.800000	277.267426	140.544144
-6138.733333	277.238678	140.544067
-6138.666667	277.251465	140.640488
-6138.600000	277.189636	140.726151
-6138.533333	278.211304	140.862579
-6138.466667	278.226288	140.887787
-6138.400000	278.723297	140.948242
-6138.333333	278.751343	140.934189
-6138.266667	278.604462	140.965637
-6138.200000	278.642090	141.041794
-6138.133333	278.675201	141.021667
-6138.066667	278.689575	141.028534
-6138.000000	278.672089	141.033676
-6137.933333	278.773132	141.058563
-6137.866667	278.837158	141.021118
-6137.800000	278.896332	140.975037
-6137.733333	278.901337	140.972504
-6137.666667	278.937775	140.909836
-6137.600000	278.981598	140.931610
-6137.533333	279.031921	140.881104
-6137.466667	279.045074	140.802460
-6137.400000	279.083771	140.826218
-6137.333333	279.126221	140.769287
-6137.266667	279.111389	140.803009
-6137.200000	279.102875	140.769424
-6137.133333	279.121338	140.770599
-6137.066667	279.145599	140.760406
-6137.000000	279.088867	140.802353
-6136.933333	279.080170	140.797424
-6136.866667	279.082092	140.790848
-6136.800000	279.070068	140.804626
-6136.733333	279.037079	140.809982
-6136.666667	279.054626	140.803925
-6136.600000	279.064178	140.778122
-6136.533333	279.070557	140.792404
-6136.466667	279.070618	140.800613
-6136.400000	279.080505	140.775833
-6136.333333	279.062347	140.820602
-6136.266667	279.076843	140.793381
-6136.200000	279.067780	140.786331
-6136.133333	279.103210	140.765945
-6136.066667	279.079498	140.806778
-6136.000000	279.079102	140.796616
-6135.933333	279.056061	140.782730
-6135.866667	279.053009	140.817947
-6135.800000	278.997955	140.815277
-6135.733333	279.003357	140.792664
-6135.666667	278.982452	140.796036
-6135.600000	278.992340	140.824036
-6135.533333	278.963226	140.826172
-6135.466667	278.960480	140.823013
-6135.400000	278.975983	140.837585
-6135.333333	278.952698	140.844757
-6135.266667	278.982208	140.835434
-6135.200000	278.970001	140.862640
-6135.133333	278.994385	140.847916
-6135.066667	278.999298	140.846008
-6135.000000	278.980408	140.829758
-6134.933333	279.010437	140.815735
-6134.866667	278.983429	140.848755
-6134.800000	278.981689	140.841431
-6134.733333	278.982208	140.808716
-6134.666667	278.986389	140.845581
-6134.600000	278.964783	140.854630
-6134.533333	278.971832	140.827438
-6134.466667	278.959656	140.835464
-6134.400000	278.955658	140.847305
-6134.333333	278.972778	140.846786
-6134.266667	278.971130	140.793091
-6134.200000	278.948853	140.837296
-6134.133333	278.929291	140.831589
-6134.066667	278.949432	140.834335
-6134.000000	278.921814	140.848816
-6133.933333	278.944397	140.846863
-6133.866667	278.926727	140.849380
-6133.800000	278.933472	140.808060
-6133.733333	278.959137	140.822571
-6133.666667	278.934509	140.830231
-6133.600000	278.908875	140.850128
-6133.533333	278.888306	140.815369
-6133.466667	278.913483	140.818893
-6133.400000	278.872437	140.850388
-6133.333333	278.858765	140.817078
-6133.266667	278.844452	140.850357
-6133.200000	278.855042	140.825302
-6133.133333	278.843140	140.783035
-6133.066667	278.806488	140.827347
-6133.000000	278.791626	140.844971
-6132.933333	278.796173	140.863373
-6132.866667	278.810883	140.836517
-6132.800000	278.813385	140.819626
-6132.733333	278.839661	140.839111
-6132.666667	278.834351	140.789734
-6132.600000	278.879303	140.771988
-6132.533333	278.894897	140.777115
-6132.466667	278.923737	140.750824
-6132.400000	278.961761	140.732086
-6132.333333	279.019714	140.673889
-6132.266667	279.019043	140.704697
-6132.200000	279.017120	140.681305
-6132.133333	279.006073	140.656082
-6132.066667	279.007843	140.675690
-6132.000000	278.993286	140.624390
-6131.933333	278.964813	140.652588
-6131.866667	278.974365	140.639404
-6131.800000	278.993347	140.607346
-6131.733333	278.986420	140.603867
-6131.666667	278.976288	140.588211
-6131.600000	278.978027	140.589401
-6131.533333	278.983704	140.529495
-6131.466667	278.967773	140.616333
-6131.400000	278.991821	140.595169
-6131.333333	278.961945	140.628220
-6131.266667	258.544922	130.118988
-6131.200000	212.227402	114.439552
-6131.133333	187.231857	111.945602
-6131.066667	159.593872	108.442261
-6131.000000	153.096283	112.331131
-6130.933333	143.569641	126.568001
-6130.866667	131.206039	139.344864
-6130.800000	122.963470	165.676407
-6130.733333	203.318298	219.886063
-6130.666667	179.110809	221.222046
-6130.600000	-89.497437	157.546799
-6130.533333	-134.845642	-22.133360
-6130.466667	76.391289	166.524673
-6130.400000	99.736404	150.050568
-6130.333333	119.833168	143.579712
-6130.266667	128.700211	92.343346
-6130.200000	161.326096	67.067696
-6130.133333	190.588165	62.902939
-6130.066667	252.736038	68.780098
-6130.000000	264.456604	60.737976
-6129.933333	317.712830	89.850761
-6129.866667	296.428802	113.950798
-6129.800000	260.967041	128.218170
-6129.733333	263.281708	127.980133
-6129.666667	268.866577	116.445496
-6129.600000	270.194061	117.862465
-6129.533333	271.612946	116.984230
-6129.466667	273.183380	119.230629
-6129.400000	274.406342	121.104469
-6129.333333	275.192902	122.633453
-6129.266667	276.127167	124.375748
-6129.200000	277.066162	126.833481
-6129.133333	277.214539	127.219330
-6129.066667	276.877319	126.126839
-6129.000000	277.303986	127.096283
-6128.933333	277.707489	128.293991
-6128.866667	278.075684	129.414047
-6128.800000	278.189636	129.841019
-6128.733333	278.307892	130.178238
-6128.666667	278.621521	130.372314
-6128.600000	278.855225	130.570816
-6128.533333	279.040039	130.515808
-6128.466667	279.761444	130.316025
-6128.400000	279.363037	130.106812
-6128.333333	278.932251	129.836243
-6128.266667	278.458466	129.238022
-6128.200000	278.151215	129.093735
-6128.133333	277.840302	129.335098
-6128.066667	276.911530	130.633026
-6128.000000	276.589539	131.336349
-6127.933333	276.937500	131.458939
-6127.866667	277.470825	131.523026
-6127.800000	277.550720	130.825638
-6127.733333	277.385162	128.820984
-6127.666667	276.428497	124.725769
-6127.600000	275.898682	123.091042
-6127.533333	275.513641	122.090729
-6127.466667	275.364746	121.620590
-6127.400000	275.753815	122.354263
-6127.333333	276.014282	123.400787
-6127.266667	275.940430	123.458015
-6127.200000	275.895599	123.372681
-6127.133333	275.836212	123.383270
-6127.066667	275.287659	122.761162
-6127.000000	274.726898	122.065552
-6126.933333	274.447693	122.172379
-6126.866667	274.697296	123.326988
-6126.800000	274.842773	123.986481
-6126.733333	274.952209	124.333260
-6126.666667	274.744141	124.132874
-6126.600000	274.573944	123.989105
-6126.533333	274.321655	123.724434
-6126.466667	274.306793	124.073090
-6126.400000	274.584229	124.505768
-6126.333333	274.749420	124.710609
-6126.266667	274.915588	124.867126
-6126.200000	274.920471	124.767166
-6126.133333	274.860962	124.773483
-6126.066667	274.861511	124.676033
-6126.000000	274.834076	124.615631
-6125.933333	274.754822	124.597923
-6125.866667	274.619171	124.637604
-6125.800000	274.602966	124.629723
-6125.733333	274.552979	124.643875
-6125.666667	274.542877	124.571808
-6125.600000	274.597687	124.457077
-6125.533333	274.610687	124.523613
-6125.466667	274.578064	124.437782
-6125.400000	274.559601	124.388115
-6125.333333	274.493896	124.328705
-6125.266667	274.547424	124.322433
-6125.200000	274.634521	124.599251
-6125.133333	274.516022	124.599159
-6125.066667	274.193054	124.397011
-6125.000000	273.950592	123.971710
-6124.933333	273.644318	123.406532
-6124.866667	272.499054	122.402260
-6124.800000	271.670685	122.170364
-6124.733333	270.082184	120.786652
-6124.666667	268.865448	118.831978
-6124.600000	267.834045	116.781044
-6124.533333	267.374786	116.208809
-6124.466667	269.611938	118.245026
-6124.400000	271.236816	119.410400
-6124.333333	273.624023	124.234146
-6124.266667	273.664978	124.533989
-6124.200000	273.433899	124.347443
-6124.133333	273.636749	126.250633
-6124.066667	273.271362	126.361588
-6124.000000	273.283295	127.080383
-6123.933333	272.555084	126.726761
-6123.866667	272.546204	127.413536
-6123.800000	273.183899	127.761665
-6123.733333	273.918701	128.124710
-6123.666667	274.663910	128.816559
-6123.600000	275.041351	129.270096
-6123.533333	275.298737	129.738113
-6123.466667	275.397308	129.823654
-6123.400000	275.439636	129.795135
-6123.333333	275.563873	129.831894
-6123.266667	275.620789	129.995346
-6123.200000	275.633728	130.049454
-6123.133333	275.734619	130.199524
-6123.066667	275.756378	130.297623
-6123.000000	275.794769	130.396667
-6122.933333	275.786987	130.451279
-6122.866667	275.805023	130.567810
-6122.800000	275.719604	130.461197
-6122.733333	275.546967	130.205811
-6122.666667	275.352325	129.940948
-6122.600000	275.276398	129.798233
-6122.533333	275.198578	129.641678
-6122.466667	275.121063	129.515686
-6122.400000	275.111908	129.508926
-6122.333333	274.901245	129.320557
-6122.266667	274.844238	129.188721
-6122.200000	274.679993	128.964401
-6122.133333	274.424225	128.627243
-6122.066667	273.654724	128.035553
-6122.000000	273.130676	127.644241
-6121.933333	272.138885	126.720520
-6121.866667	272.417145	126.603943
-6121.800000	272.843994	126.631622
-6121.733333	273.219269	126.682640
-6121.666667	273.917236	126.862312
-6121.600000	274.115631	126.802666
-6121.533333	274.423828	126.968956
-6121.466667	274.537231	127.100075
-6121.400000	274.686188	127.278961
-6121.333333	274.868042	127.449364
-6121.266667	275.099640	127.940567
-6121.200000	275.184448	128.169342
-6121.133333	275.121277	128.176163
-6121.066667	275.141876	128.196121
-6121.000000	275.196869	128.266449
-6120.933333	275.192719	128.307205
-6120.866667	275.223785	128.459167
-6120.800000	275.281433	128.474609
-6120.733333	275.264282	128.584717
-6120.666667	275.303009	128.597137
-6120.600000	275.210968	128.584900
-6120.533333	275.179626	128.539429
-6120.466667	275.202484	128.587921
-6120.400000	275.158600	128.552628
-6120.333333	275.167419	128.562332
-6120.266667	275.142822	128.549011
-6120.200000	275.118591	128.537292
-6120.133333	275.079803	128.483978
-6120.066667	275.084503	128.394623
-6120.000000	275.038269	128.350677
-6119.933333	274.974060	128.225159
-6119.866667	274.912598	128.234009
-6119.800000	274.906250	128.224579
-6119.733333	274.922058	128.202774
-6119.666667	274.896454	128.192352
-6119.600000	274.913361	128.235886
-6119.533333	274.950592	128.346741
-6119.466667	274.918549	128.409943
-6119.400000	274.934113	128.498444
-6119.333333	274.961548	128.535477
-6119.266667	275.036804	128.651794
-6119.200000	275.020203	128.638443
-6119.133333	275.027008	128.658569
-6119.066667	275.054901	128.674240
-6119.000000	275.007141	128.675156
-6118.933333	275.069061	128.775040
-6118.866667	275.084473	128.838120
-6118.800000	275.099030	128.926773
-6118.733333	275.105133	128.958038
-6118.666667	275.107483	128.987991
-6118.600000	275.112732	129.014587
-6118.533333	275.132721	129.014191
-6118.466667	275.150726	129.051041
-6118.400000	275.160156	129.054703
-6118.333333	275.117950	129.031021
-6118.266667	275.143463	129.022919
-6118.200000	275.147797	129.133575
-6118.133333	275.184875	129.182297
-6118.066667	275.153900	129.185867
-6118.000000	275.224823	129.153748
-6117.933333	275.202606	129.228577
-6117.866667	275.123749	129.167007
-6117.800000	275.172455	129.185791
-6117.733333	275.150879	129.266693
-6117.666667	275.139648	129.267258
-6117.600000	275.194366	129.250641
-6117.533333	275.224609	129.347870
-6117.466667	275.253815	129.400620
-6117.400000	275.230194	129.436523
-6117.333333	275.270782	129.407349
-6117.266667	275.259399	129.457016
-6117.200000	275.302521	129.469986
-6117.133333	275.372040	129.543625
-6117.066667	275.331390	129.562805
-6117.000000	275.342346	129.632156
-6116.933333	275.413574	129.583099
-6116.866667	275.388519	129.653351
-6116.800000	275.441223	129.736710
-6116.733333	275.460327	129.769577
-6116.666667	275.482025	129.829498
-6116.600000	275.487244	129.845947
-6116.533333	275.494110	129.919235
-6116.466667	275.536865	129.912247
-6116.400000	275.550903	129.942734
-6116.333333	275.554443	129.993530
-6116.266667	275.614044	130.034180
-6116.200000	275.585602	130.074326
-6116.133333	275.603943	130.125916
-6116.066667	275.620850	130.079697
-6116.000000	275.601318	130.080215
-6115.933333	275.587250	130.091141
-6115.866667	275.643524	130.111938
-6115.800000	275.605774	130.203629
-6115.733333	275.609131	130.217880
-6115.666667	275.634155	130.205826
-6115.600000	275.584839	130.243378
-6115.533333	275.656586	130.253159
-6115.466667	275.620148	130.276489
-6115.400000	275.610565	130.311737
-6115.333333	275.557343	130.374359
-6115.266667	275.600769	130.387009
-6115.200000	275.554962	130.405258
-6115.133333	275.575195	130.373749
-6115.066667	275.549255	130.439667
-6115.000000	275.581116	130.422577
-6114.933333	275.560455	130.462158
-6114.866667	275.535767	130.463882
-6114.800000	275.561005	130.460876
-6114.733333	275.531311	130.372772
-6114.666667	275.562561	130.426071
-6114.600000	275.552673	130.475037
-6114.533333	275.544678	130.427429
-6114.466667	275.550903	130.485031
-6114.400000	275.596924	130.487823
-6114.333333	275.599182	130.526062
-6114.266667	275.596985	130.507751
-6114.200000	275.603516	130.489319
-6114.133333	275.588287	130.459793
-6114.066667	275.620972	130.462814
-6114.000000	275.594696	130.420425
-6113.933333	275.650146	130.449783
-6113.866667	275.696777	130.524124
-6113.800000	275.706085	130.470490
-6113.733333	275.761810	130.475922
-6113.666667	275.704865	130.404510
-6113.600000	275.748932	130.400986
-6113.533333	275.753845	130.482483
-6113.466667	275.721405	130.417328
-6113.400000	275.775787	130.436081
-6113.333333	275.716400	130.474274
-6113.266667	275.765198	130.537842
-6113.200000	275.776886	130.566376
-6113.133333	275.767120	130.491959
-6113.066667	275.716888	130.432526
-6113.000000	275.701996	130.428116
-6112.933333	275.731964	130.491455
-6112.866667	275.754272	130.484589
-6112.800000	275.756653	130.514877
-6112.733333	275.765656	130.477737
-6112.666667	275.786194	130.504684
-6112.600000	275.759064	130.521149
-6112.533333	275.754913	130.487793
-6112.466667	275.769287	130.495911
-6112.400000	275.764557	130.378677
-6112.333333	275.746765	130.377441
-6112.266667	275.788025	130.377777
-6112.200000	275.798584	130.408142
-6112.133333	275.760651	130.405853
-6112.066667	275.711670	130.292450
-6112.000000	275.686035	130.348587
-6111.933333	275.694702	130.291321
-6111.866667	275.710632	130.350250
-6111.800000	275.701904	130.360367
-6111.733333	275.742340	130.484314
-6111.666667	275.698425	130.471588
-6111.600000	275.698761	130.452377
-6111.533333	275.694550	130.371964
-6111.466667	275.646088	130.313431
-6111.400000	275.642548	130.318604
-6111.333333	275.617676	130.295944
-6111.266667	275.604431	130.342789
-6111.200000	275.592163	130.331818
-6111.133333	275.630157	130.428497
-6111.066667	275.647614	130.370468
-6111.000000	275.675110	130.348770
-6110.933333	275.567200	130.219772
-6110.866667	275.529022	130.107742
-6110.800000	275.603333	130.178101
-6110.733333	275.588013	130.235855
-6110.666667	275.530304	130.153305
-6110.600000	275.482025	130.042542
-6110.533333	275.517761	130.155670
-6110.466667	275.479675	130.177505
-6110.400000	275.494019	130.147903
-6110.333333	275.438995	130.152924
-6110.266667	275.378937	130.001633
-6110.200000	275.397003	129.995300
-6110.133333	275.368134	130.032562
-6110.066667	275.323883	130.135147
-6110.000000	275.311646	130.082794
-6109.933333	275.258270	130.064270
-6109.866667	275.211761	129.997696
-6109.800000	275.254486	130.011444
-6109.733333	275.195465	130.094162
-6109.666667	275.220093	130.030548
-6109.600000	275.183289	130.050385
-6109.533333	275.253326	130.049911
-6109.466667	275.224243	129.969391
-6109.400000	275.244049	130.006180
-6109.333333	275.268066	130.059799
-6109.266667	275.276337	129.991455
-6109.200000	275.224457	129.966614
-6109.133333	275.231812	129.976135
-6109.066667	275.291107	129.942032
-6109.000000	275.281982	130.002991
-6108.933333	275.280426	129.919022
-6108.866667	275.282898	129.884094
-6108.800000	275.344391	129.901291
-6108.733333	275.287811	129.910370
-6108.666667	275.265991	129.891937
-6108.600000	275.296173	129.915390
-6108.533333	275.215668	129.915817
-6108.466667	275.279755	129.911591
-6108.400000	275.234985	129.880981
-6108.333333	275.202271	129.974625
-6108.266667	275.175323	129.911774
-6108.200000	275.197052	129.954239
-6108.133333	275.182312	129.963821
-6108.066667	275.194153	129.976547
-6108.000000	275.243347	129.946945
-6107.933333	275.223785	129.971268
-6107.866667	275.246582	129.941254
-6107.800000	275.374023	129.932785
-6107.733333	275.424042	129.885559
-6107.666667	275.426208	129.951141
-6107.600000	275.517181	129.834213
-6107.533333	275.605255	129.853165
-6107.466667	275.655365	129.882141
-6107.400000	275.677917	129.834595
-6107.333333	275.648041	129.811935
-6107.266667	275.599640	129.856339
-6107.200000	275.579346	129.840088
-6107.133333	275.518372	129.851181
-6107.066667	275.474670	129.866623
-6107.000000	275.448914	129.922989
-6106.933333	275.377258	129.899750
-6106.866667	275.337311	129.919006
-6106.800000	275.296936	129.959946
-6106.733333	275.352814	129.932907
-6106.666667	275.357330	129.946838
-6106.600000	275.357605	129.868073
-6106.533333	275.441559	129.874283
-6106.466667	275.412231	129.871338
-6106.400000	275.468536	129.824219
-6106.333333	275.481445	129.693985
-6106.266667	275.494507	129.682587
-6106.200000	275.576477	129.595840
-6106.133333	275.592133	129.663147
-6106.066667	275.651123	129.684692
-6106.000000	275.681915	129.651077
-6105.933333	275.729462	129.613922
-6105.866667	275.735748	129.637466
-6105.800000	275.850861	129.560623
-6105.733333	275.851624	129.534500
-6105.666667	275.890686	129.590637
-6105.600000	275.907227	129.596222
-6105.533333	275.981995	129.558578
-6105.466667	275.987885	129.537613
-6105.400000	276.074432	129.524506
-6105.333333	276.163971	129.473022
-6105.266667	276.138489	129.486984
-6105.200000	276.155396	129.449936
-6105.133333	276.259003	129.430740
-6105.066667	276.245178	129.446442
-6105.000000	276.328461	129.267426
-6104.933333	276.333344	129.347687
-6104.866667	276.361847	129.259003
-6104.800000	276.348755	129.240814
-6104.733333	276.331940	129.176514
-6104.666667	276.298370	129.216080
-6104.600000	276.304565	129.242035
-6104.533333	276.310547	129.176254
-6104.466667	276.310516	129.151031
-6104.400000	276.319763	129.152023
-6104.333333	276.337891	129.134018
-6104.266667	276.224548	129.124527
-6104.200000	276.289276	129.104797
-6104.133333	276.244080	129.088943
-6104.066667	276.286102	129.076309
-6104.000000	276.304901	129.057785
-6103.933333	276.325439	129.076675
-6103.866667	276.329559	129.035675
-6103.800000	276.336670	128.931686
-6103.733333	276.286560	128.976364
-6103.666667	276.324036	128.939896
-6103.600000	276.349884	128.961441
-6103.533333	276.338562	128.887466
-6103.466667	276.291382	128.932220
-6103.400000	276.289429	128.896469
-6103.333333	276.272614	128.892807
-6103.266667	276.262024	128.889511
-6103.200000	276.276245	128.861862
-6103.133333	276.265900	128.864899
-6103.066667	276.271637	128.828720
-6103.000000	276.253204	128.827866
-6102.933333	276.273743	128.884171
-6102.866667	276.214905	128.859344
-6102.800000	276.210541	128.853241
-6102.733333	276.253571	128.808594
-6102.666667	276.255310	128.832397
-6102.600000	276.260590	128.827072
-6102.533333	276.203094	128.767776
-6102.466667	276.195984	128.858139
-6102.400000	276.198090	128.855347
-6102.333333	276.174103	128.862793
-6102.266667	276.200348	128.836349
-6102.200000	276.212402	128.880157
-6102.133333	276.160004	128.813797
-6102.066667	276.197876	128.893188
-6102.000000	276.220673	128.843979
-6101.933333	276.230713	128.835999
-6101.866667	276.239441	128.883759
-6101.800000	276.286469	128.762177
-6101.733333	276.301544	128.830704
-6101.666667	276.372314	128.816818
-6101.600000	276.533203	128.698212
-6101.533333	276.660156	128.669189
-6101.466667	276.682220	128.677979
-6101.400000	276.976654	128.580139
-6101.333333	277.054871	128.505249
-6101.266667	277.271118	128.419312
-6101.200000	277.754333	128.255707
-6101.133333	278.058502	128.117142
-6101.066667	278.206604	128.096375
-6101.000000	278.453918	128.045837
-6100.933333	278.433899	128.059464
-6100.866667	278.427460	128.150574
-6100.800000	278.279816	128.201019
-6100.733333	278.174713	128.284500
-6100.666667	278.044281	128.378342
-6100.600000	277.847137	128.525192
-6100.533333	277.763000	128.571915
-6100.466667	277.759033	128.604248
-6100.400000	277.705200	128.669662
-6100.333333	277.610687	128.682144
-6100.266667	277.487091	128.830887
-6100.200000	277.433472	128.909561
-6100.133333	277.352478	128.929459
-6100.066667	277.265289	128.957779
-6100.000000	277.040649	129.093796
-6099.933333	276.928589	129.157684
-6099.866667	276.790039	129.282761
-6099.800000	276.723206	129.307755
-6099.733333	276.707703	129.337540
-6099.666667	276.645355	129.378998
-6099.600000	276.586731	129.418900
-6099.533333	276.501007	129.428452
-6099.466667	276.389771	129.553787
-6099.400000	276.320129	129.541580
-6099.333333	276.276611	129.550522
-6099.266667	276.238312	129.631912
-6099.200000	276.040527	129.685226
-6099.133333	275.980804	129.694199
-6099.066667	275.826111	129.803360
-6099.000000	275.766907	129.814377
-6098.933333	275.747192	129.775650
-6098.866667	275.682220	129.884476
-6098.800000	275.620239	130.004608
-6098.733333	275.582092	130.053040
-6098.666667	275.521118	130.149673
-6098.600000	275.563293	130.189163
-6098.533333	275.555359	130.225479
-6098.466667	275.532074	130.273819
-6098.400000	275.539276	130.310394
-6098.333333	275.522827	130.284790
-6098.266667	275.443176	130.342224
-6098.200000	275.471069	130.448608
-6098.133333	275.482697	130.408661
-6098.066667	275.463654	130.498993
-6098.000000	275.451508	130.559631
-6097.933333	275.424622	130.571747
-6097.866667	275.465973	130.618225
-6097.800000	275.471466	130.656906
-6097.733333	275.448975	130.689774
-6097.666667	275.483826	130.708359
-6097.600000	275.455566	130.770386
-6097.533333	275.434601	130.854919
-6097.466667	275.508118	130.916641
-6097.400000	275.496826	130.854340
-6097.333333	275.465820	130.925995
-6097.266667	275.502563	130.965408
-6097.200000	275.518036	131.038788
-6097.133333	275.479675	131.010391
-6097.066667	275.531830	130.993607
-6097.000000	275.545868	131.023102
-6096.933333	275.533844	130.967697
-6096.866667	275.554962	130.990753
-6096.800000	275.593384	131.026840
-6096.733333	275.620361	131.089874
-6096.666667	275.643341	131.071564
-6096.600000	275.724213	131.110443
-6096.533333	275.716125	131.190018
-6096.466667	275.762848	131.164932
-6096.400000	275.747406	131.161880
-6096.333333	275.744537	131.065506
-6096.266667	275.375793	130.591049
-6096.200000	275.225128	130.485001
-6096.133333	275.070953	130.434418
-6096.066667	274.926941	130.386719
-6096.000000	274.772888	130.005768
-6095.933333	274.719482	129.865921
-6095.866667	274.615448	129.642654
-6095.800000	274.580994	129.607147
-6095.733333	274.546082	129.501022
-6095.666667	274.432312	129.497162
-6095.600000	274.405243	129.427048
-6095.533333	274.452728	129.414734
-6095.466667	274.353119	129.490814
-6095.400000	274.315063	129.610596
-6095.333333	274.264374	129.664215
-6095.266667	274.199066	129.749176
-6095.200000	274.193573	129.834808
-6095.133333	274.189789	129.904465
-6095.066667	274.186462	130.017746
-6095.000000	274.196930	129.996033
-6094.933333	274.158661	130.116547
-6094.866667	274.105652	130.135178
-6094.800000	274.142456	130.077194
-6094.733333	274.096954	130.079361
-6094.666667	274.139862	130.073532
-6094.600000	274.132385	129.914200
-6094.533333	274.112915	129.923676
-6094.466667	274.043274	129.873337
-6094.400000	274.078857	129.793274
-6094.333333	274.092743	129.802414
-6094.266667	274.051819	129.752518
-6094.200000	274.082184	129.633881
-6094.133333	274.114197	129.614517
-6094.066667	274.117950	129.596573
-6094.000000	274.093719	129.649353
-6093.933333	274.053345	129.630844
-6093.866667	274.087738	129.582687
-6093.800000	274.099335	129.578369
-6093.733333	274.137024	129.619629
-6093.666667	274.089630	129.531860
-6093.600000	274.091339	129.519073
-6093.533333	274.134216	129.479828
-6093.466667	274.078369	129.499603
-6093.400000	274.080597	129.402786
-6093.333333	274.141418	129.399719
-6093.266667	274.076447	129.368469
-6093.200000	274.026550	129.390335
-6093.133333	274.044373	129.286957
-6093.066667	273.989716	129.316513
-6093.000000	273.930573	129.301895
-6092.933333	273.907410	129.291519
-6092.866667	273.843353	129.249359
-6092.800000	273.812042	129.222748
-6092.733333	273.748901	129.238754
-6092.666667	273.688873	129.215439
-6092.600000	273.611420	129.223236
-6092.533333	273.628052	129.237839
-6092.466667	273.554413	129.238861
-6092.400000	273.527191	129.225906
-6092.333333	273.497711	129.214996
-6092.266667	273.473389	129.217117
-6092.200000	273.421112	129.209610
-6092.133333	273.385315	129.208618
-6092.066667	273.411407	129.223251
-6092.000000	273.370056	129.203476
-6091.933333	273.369720	129.251343
-6091.866667	273.407349	129.131226
-6091.800000	273.362610	129.168869
-6091.733333	273.359558	129.181915
-6091.666667	273.388184	129.098663
-6091.600000	273.330353	129.152008
-6091.533333	273.337433	129.121262
-6091.466667	273.343323	129.066040
-6091.400000	273.356079	129.020538
-6091.333333	273.278137	129.062500
-6091.266667	273.296844	128.958496
-6091.200000	273.314392	128.870361
-6091.133333	273.225861	128.884476
-6091.066667	273.263550	128.851807
-6091.000000	273.186707	128.779282
-6090.933333	273.208496	128.770889
-6090.866667	273.192993	128.702133
-6090.800000	273.205414	128.639709
-6090.733333	273.155243	128.649200
-6090.666667	273.109802	128.572357
-6090.600000	273.138672	128.522598
-6090.533333	273.104584	128.522842
-6090.466667	273.120483	128.565659
-6090.400000	273.091644	128.574417
-6090.333333	273.099670	128.498001
-6090.266667	273.138336	128.478592
-6090.200000	273.111847	128.557510
-6090.133333	273.088226	128.510895
-6090.066667	273.084930	128.550095
-6090.000000	273.068115	128.518097
-6089.933333	273.057922	128.523102
-6089.866667	273.111755	128.541687
-6089.800000	273.061646	128.555527
-6089.733333	273.064606	128.481400
-6089.666667	273.023773	128.507782
-6089.600000	273.070831	128.474899
-6089.533333	273.003357	128.434357
-6089.466667	272.989899	128.468445
-6089.400000	273.027679	128.375473
-6089.333333	273.026672	128.407364
-6089.266667	273.014343	128.344009
-6089.200000	273.030640	128.309998
-6089.133333	273.036407	128.297684
-6089.066667	273.048920	128.316467
-6089.000000	273.039062	128.242966
-6088.933333	273.030365	128.224503
-6088.866667	273.072693	128.307648
-6088.800000	273.011353	128.356949
-6088.733333	273.018707	128.357834
-6088.666667	273.033600	128.387573
-6088.600000	273.075256	128.393799
-6088.533333	273.029968	128.436707
-6088.466667	273.007568	128.457504
-6088.400000	272.984741	128.551254
-6088.333333	273.039886	128.539062
-6088.266667	273.043060	128.513535
-6088.200000	273.030518	128.465805
-6088.133333	273.053772	128.479965
-6088.066667	273.068237	128.317825
-6088.000000	273.052124	128.293777
-6087.933333	273.133606	128.082794
-6087.866667	273.179016	128.057663
-6087.800000	273.185852	127.939240
-6087.733333	273.008820	127.628288
-6087.666667	272.514343	127.150154
-6087.600000	272.466248	127.329330
-6087.533333	273.355347	128.427902
-6087.466667	273.687012	128.731644
-6087.400000	273.356262	128.088287
-6087.333333	272.668976	127.066734
-6087.266667	271.996613	125.799911
-6087.200000	271.857452	124.986633
-6087.133333	272.421356	124.585327
-6087.066667	272.812347	124.191170
-6087.000000	273.443878	124.404419
-6086.933333	274.159607	125.209854
-6086.866667	275.799652	129.074356
-6086.800000	276.359558	131.028900
-6086.733333	276.971832	133.705246
-6086.666667	277.272736	135.127594
-6086.600000	277.460754	135.834442
-6086.533333	277.502228	135.727859
-6086.466667	277.300751	134.313721
-6086.400000	277.226776	133.691620
-6086.333333	277.125702	133.159546
-6086.266667	277.131683	132.961182
-6086.200000	276.972656	132.576828
-6086.133333	276.845276	132.016327
-6086.066667	276.735077	131.562485
-6086.000000	276.433563	130.506989
-6085.933333	275.998993	129.244019
-6085.866667	276.087891	129.525131
-6085.800000	276.149017	129.823273
-6085.733333	276.280243	130.137772
-6085.666667	277.308411	130.376419
-6085.600000	277.950256	134.255661
-6085.533333	279.308899	131.427780
-6085.466667	278.976837	129.831848
-6085.400000	278.500244	129.305939
-6085.333333	278.198395	128.788712
-6085.266667	277.513550	127.224777
-6085.200000	277.283997	126.885429
-6085.133333	276.992889	126.765747
-6085.066667	276.987366	126.378448
-6085.000000	277.193268	126.401054
-6084.933333	277.509521	126.981880
-6084.866667	278.239014	129.391235
-6084.800000	278.451782	130.109161
-6084.733333	278.804077	131.291290
-6084.666667	279.050842	131.967529
-6084.600000	279.342041	132.872101
-6084.533333	279.626129	133.992188
-6084.466667	279.941895	136.131485
-6084.400000	280.024658	136.762604
-6084.333333	280.069794	137.249252
-6084.266667	279.961853	137.458191
-6084.200000	279.780975	137.660507
-6084.133333	279.661835	137.711044
-6084.066667	279.592499	137.991776
-6084.000000	279.568115	138.148453
-6083.933333	279.544373	138.352386
-6083.866667	279.536926	138.442108
-6083.800000	279.532166	138.469208
-6083.733333	279.590820	138.472610
-6083.666667	279.546326	138.444275
-6083.600000	279.546753	138.414001
-6083.533333	279.529175	138.467194
-6083.466667	279.528198	138.420151
-6083.400000	279.528564	138.387558
-6083.333333	279.524536	138.369370
-6083.266667	279.540436	138.297546
-6083.200000	279.540710	138.267303
-6083.133333	279.597748	138.239334
-6083.066667	279.617340	138.266083
-6083.000000	279.662811	138.249878
-6082.933333	279.675049	138.202347
-6082.866667	279.744690	138.149460
-6082.800000	279.817810	138.173187
-6082.733333	279.848145	138.096161
-6082.666667	279.864166	138.092239
-6082.600000	279.847656	138.105286
-6082.533333	279.881561	138.089645
-6082.466667	279.847107	138.137238
-6082.400000	279.886292	138.103607
-6082.333333	279.879761	138.060150
-6082.266667	279.859741	138.076920
-6082.200000	279.865662	138.057831
-6082.133333	279.831024	138.093704
-6082.066667	279.780762	138.157898
-6082.000000	279.797333	138.122314
-6081.933333	279.778625	138.173767
-6081.866667	279.778381	138.162827
-6081.800000	279.771454	138.210602
-6081.733333	279.760834	138.249313
-6081.666667	279.759216	138.222183
-6081.600000	279.759186	138.216248
-6081.533333	279.792542	138.211197
-6081.466667	279.811829	138.192337
-6081.400000	279.784607	138.188034
-6081.333333	279.785583	138.171799
-6081.266667	279.778961	138.194473
-6081.200000	279.779022	138.199951
-6081.133333	279.776215	138.255432
-6081.066667	279.800293	138.186050
-6081.000000	279.792114	138.188507
-6080.933333	279.806885	138.186569
-6080.866667	279.800140	138.122360
-6080.800000	279.793854	138.174042
-6080.733333	279.776947	138.209366
-6080.666667	279.752991	138.173874
-6080.600000	279.758759	138.178848
-6080.533333	279.746826	138.211868
-6080.466667	279.710968	138.241745
-6080.400000	279.722992	138.241760
-6080.333333	279.744873	138.170319
-6080.266667	279.724548	138.090576
-6080.200000	279.742340	137.909042
-6080.133333	279.711182	137.474899
-6080.066667	279.693817	137.216339
-6080.000000	279.654907	136.968781
-6079.933333	279.633759	136.766968
-6079.866667	279.594360	136.446304
-6079.800000	279.543427	136.394470
-6079.733333	279.527557	136.366425
-6079.666667	279.530457	136.361893
-6079.600000	279.470367	136.231415
-6079.533333	279.334167	135.256073
-6079.466667	279.333771	134.971756
-6079.400000	279.347900	134.977081
-6079.333333	279.164856	133.376846
-6079.266667	278.878815	131.710831
-6079.200000	278.594299	130.231506
-6079.133333	278.232391	128.039017
-6079.066667	278.169159	127.417267
-6079.000000	277.961182	126.745651
-6078.933333	277.524475	124.804199
-6078.866667	277.311035	123.742249
-6078.800000	277.122345	122.964149
-6078.733333	276.909302	122.339256
-6078.666667	276.963654	122.492027
-6078.600000	277.081360	122.908226
-6078.533333	277.425476	123.769798
-6078.466667	276.999023	122.542641
-6078.400000	276.556488	121.594528
-6078.333333	276.270905	120.489159
-6078.266667	276.308960	120.253456
-6078.200000	276.288940	120.007042
-6078.133333	276.086548	119.213341
-6078.066667	276.272400	119.597473
-6078.000000	276.718384	120.592636
-6077.933333	277.522247	122.254387
-6077.866667	277.524261	122.025375
-6077.800000	277.925934	122.923386
-6077.733333	278.060944	124.165512
-6077.666667	278.264099	124.416763
-6077.600000	278.858612	125.617882
-6077.533333	278.471252	124.513756
-6077.466667	277.834686	123.170906
-6077.400000	277.710632	123.249329
-6077.333333	277.752747	124.287781
-6077.266667	277.742493	124.695778
-6077.200000	277.706116	124.760582
-6077.133333	276.698883	122.135559
-6077.066667	275.489777	119.347130
-6077.000000	274.438446	117.220589
-6076.933333	273.238586	115.619148
-6076.866667	273.104614	115.623367
-6076.800000	272.880157	115.387283
-6076.733333	272.903442	115.683502
-6076.666667	274.300293	118.522476
-6076.600000	275.142181	120.199341
-6076.533333	276.474030	123.026520
-6076.466667	276.732758	123.762733
-6076.400000	276.811768	124.333405
-6076.333333	277.474365	126.299431
-6076.266667	278.082275	127.675560
-6076.200000	278.646729	128.750427
-6076.133333	279.189240	129.710663
-6076.066667	279.278076	130.024338
-6076.000000	279.362518	130.290054
-6075.933333	279.484100	130.723053
-6075.866667	279.524628	130.863113
-6075.800000	279.557251	130.977371
-6075.733333	279.603271	131.191254
-6075.666667	279.577118	131.116898
-6075.600000	279.565796	131.095978
-6075.533333	279.452057	130.729675
-6075.466667	279.324493	130.403854
-6075.400000	279.225098	130.069885
-6075.333333	279.096313	129.720993
-6075.266667	279.028748	129.570328
-6075.200000	278.928040	129.439117
-6075.133333	278.926849	129.331528
-6075.066667	278.882446	129.422104
-6075.000000	278.919312	129.344696
-6074.933333	278.989136	129.332748
-6074.866667	279.003479	129.196182
-6074.800000	278.900848	128.958344
-6074.733333	278.714355	128.158859
-6074.666667	278.650787	127.662331
-6074.600000	278.793121	127.675240
-6074.533333	279.821320	129.343094
-6074.466667	280.135773	130.054184
-6074.400000	280.372620	130.731461
-6074.333333	280.481750	131.525040
-6074.266667	280.389252	131.615280
-6074.200000	280.260864	131.979965
-6074.133333	280.039093	133.465820
-6074.066667	279.877472	133.555130
-6074.000000	279.708862	133.378616
-6073.933333	279.172516	132.258560
-6073.866667	278.881561	131.916794
-6073.800000	278.635468	131.921692
-6073.733333	278.029266	131.964111
-6073.666667	277.788025	131.947617
-6073.600000	277.622406	131.984787
-6073.533333	277.486023	132.116272
-6073.466667	277.461151	132.131058
-6073.400000	277.494202	132.137207
-6073.333333	277.642181	132.323441
-6073.266667	277.751038	132.390823
-6073.200000	277.900330	132.517303
-6073.133333	278.225525	132.743866
-6073.066667	278.583588	132.774658
-6073.000000	278.878906	132.727600
-6072.933333	279.391388	132.608017
-6072.866667	279.673889	132.385452
-6072.800000	280.148956	132.037170
-6072.733333	281.028900	131.421097
-6072.666667	281.318146	131.165619
-6072.600000	281.598145	130.931900
-6072.533333	281.934174	130.591125
-6072.466667	281.908417	130.572128
-6072.400000	281.928345	130.434311
-6072.333333	281.972076	130.420990
-6072.266667	282.006409	130.383118
-6072.200000	282.004822	130.409180
-6072.133333	281.976349	130.449249
-6072.066667	281.792603	130.633041
-6072.000000	281.483948	130.836273
-6071.933333	280.605591	131.398300
-6071.866667	280.190460	131.697205
-6071.800000	279.266083	132.228836
-6071.733333	278.939911	132.442230
-6071.666667	278.661041	132.552948
-6071.600000	278.411102	132.654785
-6071.533333	277.785828	132.989868
-6071.466667	277.533600	133.097137
-6071.400000	277.206024	133.250534
-6071.333333	277.079132	133.347504
-6071.266667	277.121979	133.374832
-6071.200000	277.148712	133.365005
-6071.133333	277.237122	133.468018
-6071.066667	277.198547	133.519455
-6071.000000	277.202545	133.627090
-6070.933333	277.252075	133.637070
-6070.866667	277.234100	133.669769
-6070.800000	277.203125	133.742096
-6070.733333	277.050659	133.871460
-6070.666667	277.117493	133.865204
-6070.600000	277.247101	133.893814
-6070.533333	277.355194	133.907913
-6070.466667	277.404907	133.845108
-6070.400000	277.395172	133.913712
-6070.333333	276.960876	134.224319
-6070.266667	276.689362	134.352417
-6070.200000	276.327118	134.588608
-6070.133333	276.210663	134.677521
-6070.066667	276.142212	134.693802
-6070.000000	276.136536	134.660751
-6069.933333	276.125305	134.641708
-6069.866667	276.083771	134.675079
-6069.800000	275.928009	134.660065
-6069.733333	275.801056	134.781494
-6069.666667	275.758545	134.741653
-6069.600000	275.699890	134.735779
-6069.533333	275.575653	134.822525
-6069.466667	275.538361	134.794937
-6069.400000	275.422729	134.821960
-6069.333333	275.380920	134.829910
-6069.266667	275.349152	134.847641
-6069.200000	275.334229	134.851974
-6069.133333	275.358215	134.839294
-6069.066667	275.353119	134.777145
-6069.000000	275.363922	134.817795
-6068.933333	275.364197	134.819183
-6068.866667	275.363800	134.794693
-6068.800000	275.333252	134.812851
-6068.733333	275.357208	134.773666
-6068.666667	275.347168	134.749969
-6068.600000	275.313538	134.742050
-6068.533333	275.297668	134.648575
-6068.466667	275.330048	134.544373
-6068.400000	275.269623	134.532974
-6068.333333	275.320221	134.506973
-6068.266667	275.307129	134.483582
-6068.200000	275.454407	135.065399
-6068.133333	275.416962	135.161285
-6068.066667	275.372559	135.084976
-6068.000000	275.373688	134.996552
-6067.933333	275.398895	135.106445
-6067.866667	275.369202	135.061157
-6067.800000	275.415192	135.073318
-6067.733333	275.408173	135.113815
-6067.666667	275.420013	135.159943
-6067.600000	275.456451	135.239792
-6067.533333	275.534943	135.498245
-6067.466667	275.561371	135.464142
-6067.400000	275.593140	135.377808
-6067.333333	275.602234	135.351807
-6067.266667	275.559753	135.284607
-6067.200000	275.569885	135.259460
-6067.133333	275.627930	135.196503
-6067.066667	275.594757	135.089417
-6067.000000	275.483307	134.684662
-6066.933333	275.452545	134.478210
-6066.866667	275.347839	134.158875
-6066.800000	275.228882	133.756134
-6066.733333	274.815338	132.587341
-6066.666667	274.647644	131.926651
-6066.600000	274.294006	131.004517
-6066.533333	274.141846	130.606903
-6066.466667	274.093658	130.254974
-6066.400000	274.064911	129.764648
-6066.333333	274.195496	129.630386
-6066.266667	274.307129	129.341583
-6066.200000	274.393219	128.143021
-6066.133333	274.261200	127.663017
-6066.066667	274.318756	127.709633
-6066.000000	274.279297	127.846085
-6065.933333	274.298950	127.877632
-6065.866667	274.335785	127.944717
-6065.800000	274.411255	128.139938
-6065.733333	274.451691	128.268143
-6065.666667	274.502625	128.448425
-6065.600000	274.605682	128.679459
-6065.533333	274.596008	128.736084
-6065.466667	274.615875	128.794846
-6065.400000	274.679749	128.959167
-6065.333333	274.707245	128.958572
-6065.266667	274.699249	129.016251
-6065.200000	274.699707	129.038132
-6065.133333	274.687378	129.026489
-6065.066667	274.700378	128.924728
-6065.000000	274.717407	128.741119
-6064.933333	274.669739	128.653931
-6064.866667	274.681122	128.529251
-6064.800000	274.686584	128.503845
-6064.733333	274.679688	128.466217
-6064.666667	274.608551	128.391373
-6064.600000	274.596436	128.253494
-6064.533333	274.476013	128.138657
-6064.466667	274.292175	127.848862
-6064.400000	273.919159	126.713585
-6064.333333	273.593994	125.941032
-6064.266667	273.241333	125.030266
-6064.200000	272.419006	123.092903
-6064.133333	271.786316	121.695129
-6064.066667	271.152863	120.559822
-6064.000000	270.359436	119.218079
-6063.933333	270.393250	119.215057
-6063.866667	270.638611	119.494644
-6063.800000	271.304810	120.253387
-6063.733333	271.673950	120.709946
-6063.666667	272.149323	121.232559
-6063.600000	273.555847	123.366234
-6063.533333	274.417145	125.137367
-6063.466667	275.335602	127.165009
-6063.400000	277.178192	131.644318
-6063.333333	277.821838	134.502823
-6063.266667	278.204926	136.706375
-6063.200000	278.590698	137.763382
-6063.133333	278.717407	137.963425
-6063.066667	278.753235	135.724792
-6063.000000	280.873047	130.165344
-6062.933333	302.674500	115.224052
-6062.866667	307.640472	111.804710
-6062.800000	310.205292	111.218788
-6062.733333	309.473999	108.037399
-6062.666667	300.788940	112.463310
-6062.600000	292.963226	117.241104
-6062.533333	295.166321	116.169556
-6062.466667	297.867767	114.591537
-6062.400000	308.312836	110.319893
-6062.333333	286.082245	124.089005
-6062.266667	281.231415	127.690239
-6062.200000	280.824982	128.349854
-6062.133333	280.556183	127.904976
-6062.066667	280.855957	128.600067
-6062.000000	282.582306	130.034882
-6061.933333	284.871582	130.383545
-6061.866667	291.619019	128.064941
-6061.800000	292.252563	128.485535
-6061.733333	291.586548	129.563736
-6061.666667	291.285309	129.966324
-6061.600000	291.716431	129.717941
-6061.533333	292.056213	129.561066
-6061.466667	292.252228	129.623505
-6061.400000	292.205017	129.863510
-6061.333333	292.011322	130.149979
-6061.266667	291.711975	130.411987
-6061.200000	290.880127	131.159546
-6061.133333	290.621033	131.480209
-6061.066667	289.968994	132.013565
-6061.000000	289.679413	132.250839
-6060.933333	289.463806	132.465424
-6060.866667	289.243317	132.587158
-6060.800000	288.920502	132.883636
-6060.733333	288.754333	132.962036
-6060.666667	288.498535	133.149017
-6060.600000	288.388672	133.216980
-6060.533333	288.286987	133.275558
-6060.466667	288.230286	133.341110
-6060.400000	288.124725	133.426849
-6060.333333	288.070709	133.428391
-6060.266667	287.996826	133.525360
-6060.200000	287.979309	133.514923
-6060.133333	287.973602	133.553574
-6060.066667	287.964874	133.514542
-6060.000000	287.973938	133.510513
-6059.933333	287.961639	133.538666
-6059.866667	287.959167	133.521622
-6059.800000	287.946289	133.513153
-6059.733333	287.980225	133.502914
-6059.666667	287.991974	133.455505
-6059.600000	287.990479	133.514496
-6059.533333	288.021790	133.455505
-6059.466667	288.026123	133.423111
-6059.400000	288.048065	133.402283
-6059.333333	288.027740	133.457458
-6059.266667	288.051819	133.426895
-6059.200000	288.023834	133.427795
-6059.133333	288.046265	133.440399
-6059.066667	288.060699	133.436295
-6059.000000	288.068390	133.445190
-6058.933333	288.077576	133.477371
-6058.866667	288.083191	133.439270
-6058.800000	288.080109	133.449890
-6058.733333	288.078735	133.461349
-6058.666667	288.072998	133.467941
-6058.600000	288.087799	133.442657
-6058.533333	288.079346	133.444382
-6058.466667	288.076813	133.464432
-6058.400000	288.081146	133.444702
-6058.333333	288.070740	133.456680
-6058.266667	288.092957	133.471481
-6058.200000	288.095093	133.459351
-6058.133333	288.091400	133.453201
-6058.066667	288.109009	133.445374
-6058.000000	288.092529	133.469452
-6057.933333	288.095154	133.479843
-6057.866667	288.094696	133.482300
-6057.800000	288.117157	133.436111
-6057.733333	288.143951	133.410675
-6057.666667	288.098694	133.412521
-6057.600000	288.133606	133.413208
-6057.533333	288.117126	133.403198
-6057.466667	288.122192	133.419891
-6057.400000	288.123505	133.413071
-6057.333333	288.097809	133.475189
-6057.266667	288.139771	133.427750
-6057.200000	288.116302	133.447403
-6057.133333	288.118958	133.437561
-6057.066667	288.119690	133.461853
-6057.000000	288.130249	133.442322
-6056.933333	288.161072	133.420578
-6056.866667	288.133362	133.434143
-6056.800000	288.133820	133.436890
-6056.733333	288.166351	133.390366
-6056.666667	288.167053	133.394287
-6056.600000	288.152069	133.453232
-6056.533333	288.153015	133.435272
-6056.466667	288.185944	133.408707
-6056.400000	288.164642	133.425262
-6056.333333	288.192841	133.409607
-6056.266667	288.182068	133.479340
-6056.200000	288.174438	133.435532
-6056.133333	288.185242	133.440536
-6056.066667	288.197784	133.457047
-6056.000000	288.170776	133.453476
-6055.933333	288.171875	133.438995
-6055.866667	288.176971	133.486862
-6055.800000	288.160553	133.461624
-6055.733333	288.189728	133.470947
-6055.666667	288.187469	133.485245
-6055.600000	288.157013	133.478912
-6055.533333	288.165802	133.481277
-6055.466667	288.172852	133.444550
-6055.400000	288.170532	133.477783
-6055.333333	288.160400	133.506622
-6055.266667	288.151215	133.565292
-6055.200000	288.140961	133.543472
-6055.133333	288.151917	133.535049
-6055.066667	288.134674	133.581055
-6055.000000	288.138275	133.567841
-6054.933333	288.153748	133.585739
-6054.866667	288.154663	133.602020
-6054.800000	288.159546	133.627472
-6054.733333	288.156738	133.610092
-6054.666667	288.135681	133.647476
-6054.600000	288.154236	133.630997
-6054.533333	288.147461	133.644974
-6054.466667	288.136383	133.691284
-6054.400000	288.151337	133.638611
-6054.333333	288.176788	133.616119
-6054.266667	288.159973	133.637451
-6054.200000	288.132446	133.687164
-6054.133333	288.156738	133.664734
-6054.066667	288.148926	133.664124
-6054.000000	288.124664	133.702560
-6053.933333	288.114502	133.694382
-6053.866667	288.129181	133.664734
-6053.800000	288.123260	133.663162
-6053.733333	288.150757	133.677078
-6053.666667	288.154419	133.661697
-6053.600000	288.129791	133.658127
-6053.533333	288.142273	133.630295
-6053.466667	288.164795	133.621567
-6053.400000	288.159454	133.628769
-6053.333333	288.185486	133.599960
-6053.266667	288.203857	133.584991
-6053.200000	288.212738	133.535263
-6053.133333	288.216553	133.547714
-6053.066667	288.197388	133.564941
-6053.000000	288.201874	133.569611
-6052.933333	288.194794	133.586655
-6052.866667	288.178345	133.594833
-6052.800000	288.208771	133.569077
-6052.733333	288.186859	133.604706
-6052.666667	288.179413	133.597305
-6052.600000	288.157715	133.632187
-6052.533333	288.162933	133.628296
-6052.466667	288.143768	133.653275
-6052.400000	288.127594	133.678741
-6052.333333	288.150818	133.646164
-6052.266667	288.154938	133.599808
-6052.200000	288.115021	133.677216
-6052.133333	288.135437	133.652908
-6052.066667	288.147217	133.642242
-6052.000000	288.105652	133.685699
-6051.933333	288.135498	133.633972
-6051.866667	288.125153	133.665344
-6051.800000	288.114990	133.607101
-6051.733333	288.134247	133.562836
-6051.666667	288.125244	133.600128
-6051.600000	288.120422	133.588516
-6051.533333	288.135315	133.559479
-6051.466667	288.148224	133.529953
-6051.400000	288.107941	133.556885
-6051.333333	288.114441	133.537247
-6051.266667	288.138123	133.520859
-6051.200000	288.147614	133.518188
-6051.133333	288.139069	133.496429
-6051.066667	288.125916	133.508392
-6051.000000	288.139771	133.468353
-6050.933333	288.164703	133.467545
-6050.866667	288.149261	133.468979
-6050.800000	288.173340	133.416580
-6050.733333	288.174622	133.383728
-6050.666667	288.157471	133.427567
-6050.600000	288.154449	133.383362
-6050.533333	288.149628	133.456116
-6050.466667	288.175598	133.386322
-6050.400000	288.180695	133.385406
-6050.333333	288.173431	133.415436
-6050.266667	288.177368	133.367294
-6050.200000	288.186218	133.364792
-6050.133333	288.208313	133.329224
-6050.066667	288.186890	133.365921
-6050.000000	288.198364	133.369553
-6049.933333	288.180573	133.377426
-6049.866667	288.185791	133.335892
-6049.800000	288.171600	133.363586
-6049.733333	288.192413	133.334854
-6049.666667	288.197723	133.354340
-6049.600000	288.194305	133.305298
-6049.533333	288.203766	133.312988
-6049.466667	288.174347	133.359055
-6049.400000	288.175385	133.386047
-6049.333333	288.183655	133.373901
-6049.266667	288.204010	133.340759
-6049.200000	288.179596	133.361603
-6049.133333	288.194641	133.376602
-6049.066667	288.188019	133.395889
-6049.000000	288.185791	133.369736
-6048.933333	288.173462	133.383530
-6048.866667	288.190826	133.393799
-6048.800000	288.176849	133.368515
-6048.733333	288.189697	133.412079
-6048.666667	288.184662	133.391052
-6048.600000	288.155121	133.401932
-6048.533333	288.152252	133.418839
-6048.466667	288.150146	133.469131
-6048.400000	288.164032	133.393188
-6048.333333	288.159576	133.443512
-6048.266667	288.158569	133.394012
-6048.200000	288.157806	133.435974
-6048.133333	288.184021	133.380035
-6048.066667	288.172668	133.414566
-6048.000000	288.171295	133.402191
-6047.933333	288.171906	133.404907
-6047.866667	288.186462	133.402512
-6047.800000	288.202271	133.371323
-6047.733333	288.190674	133.396072
-6047.666667	288.198273	133.369812
-6047.600000	288.193085	133.388290
-6047.533333	288.204132	133.399017
-6047.466667	288.164825	133.442535
-6047.400000	288.191895	133.393387
-6047.333333	288.169983	133.431030
-6047.266667	288.174988	133.363800
-6047.200000	288.183899	133.380737
-6047.133333	288.147949	133.431641
-6047.066667	288.164398	133.409149
-6047.000000	288.152405	133.431625
-6046.933333	288.147034	133.420013
-6046.866667	288.133759	133.457214
-6046.800000	288.137756	133.492798
-6046.733333	288.131683	133.480484
-6046.666667	288.122925	133.471664
-6046.600000	288.128021	133.496140
-6046.533333	288.106415	133.507324
-6046.466667	288.127838	133.496521
-6046.400000	288.102661	133.532410
-6046.333333	288.106903	133.532623
-6046.266667	288.093658	133.524582
-6046.200000	288.091278	133.549118
-6046.133333	288.104034	133.489456
-6046.066667	288.073242	133.576218
-6046.000000	288.058472	133.560974
-6045.933333	288.072968	133.577499
-6045.866667	288.094177	133.543427
-6045.800000	288.055664	133.594498
-6045.733333	288.057434	133.563797
-6045.666667	288.078186	133.533981
-6045.600000	288.061859	133.546219
-6045.533333	288.095581	133.511932
-6045.466667	288.042847	133.594498
-6045.400000	288.077118	133.517715
-6045.333333	288.057983	133.556442
-6045.266667	288.064209	133.578949
-6045.200000	288.057709	133.545166
-6045.133333	288.041687	133.622940
-6045.066667	288.040833	133.561996
-6045.000000	288.019043	133.587021
-6044.933333	288.042145	133.567535
-6044.866667	288.036957	133.593338
-6044.800000	288.010071	133.595840
-6044.733333	287.975922	133.612015
-6044.666667	288.001953	133.641373
-6044.600000	288.000214	133.577225
-6044.533333	287.985535	133.643860
-6044.466667	287.963623	133.627930
-6044.400000	287.973083	133.621338
-6044.333333	287.945404	133.667267
-6044.266667	287.949188	133.647125
-6044.200000	287.940277	133.670898
-6044.133333	287.943176	133.668076
-6044.066667	287.944672	133.660400
-6044.000000	287.947723	133.657990
-6043.933333	287.970886	133.629669
-6043.866667	287.960480	133.647705
-6043.800000	287.964020	133.615112
-6043.733333	287.972290	133.663757
-6043.666667	287.973846	133.674927
-6043.600000	287.949524	133.696976
-6043.533333	288.013885	133.642838
-6043.466667	288.025879	133.606644
-6043.400000	288.023529	133.635361
-6043.333333	288.106079	133.553162
-6043.266667	288.108704	133.561340
-6043.200000	288.098236	133.591583
-6043.133333	288.141144	133.516586
-6043.066667	288.146637	133.516907
-6043.000000	288.184570	133.497070
-6042.933333	288.215088	133.444717
-6042.866667	288.233185	133.442673
-6042.800000	288.231995	133.428802
-6042.733333	288.253906	133.388397
-6042.666667	288.245880	133.398468
-6042.600000	288.259155	133.407578
-6042.533333	288.276337	133.364944
-6042.466667	288.284210	133.417358
-6042.400000	288.270721	133.417175
-6042.333333	288.300659	133.444977
-6042.266667	288.360107	133.385468
-6042.200000	288.421539	133.391418
-6042.133333	288.581696	133.256760
-6042.066667	288.642914	133.151962
-6042.000000	288.768555	133.064651
-6041.933333	289.560455	132.466324
-6041.866667	290.057800	132.091980
-6041.800000	290.485657	131.787094
-6041.733333	291.321838	131.080734
-6041.666667	291.741394	130.772995
-6041.600000	292.418701	130.328033
-6041.533333	293.775635	129.377945
-6041.466667	294.026611	129.049057
-6041.400000	293.918884	128.860336
-6041.333333	293.836700	128.679306
-6041.266667	294.138641	128.482056
-6041.200000	294.796082	128.160736
-6041.133333	296.996460	126.471329
-6041.066667	297.821167	125.094009
-6041.000000	295.740997	124.017586
-6040.933333	289.958618	123.347931
-6040.866667	290.041565	122.407242
-6040.800000	289.874115	122.175995
-6040.733333	289.149811	122.878593
-6040.666667	289.416962	122.836578
-6040.600000	290.167084	122.653496
-6040.533333	293.890991	120.928131
-6040.466667	309.514099	113.167221
-6040.400000	309.533936	112.437485
-6040.333333	307.891693	111.710442
-6040.266667	308.660248	110.709099
-6040.200000	308.429260	110.170425
-6040.133333	307.907715	108.089264
-6040.066667	305.807098	109.102264
-6040.000000	296.607452	115.369553
-6039.933333	290.067078	128.992935
-6039.866667	283.332947	136.384720
-6039.800000	280.670044	137.597992
-6039.733333	280.253510	137.157303
-6039.666667	280.070801	136.729706
-6039.600000	279.840332	136.268173
-6039.533333	279.128601	134.482422
-6039.466667	278.575043	132.809143
-6039.400000	278.016602	131.054337
-6039.333333	277.164948	129.492004
-6039.266667	277.050842	129.378128
-6039.200000	276.977448	129.098755
-6039.133333	276.612457	127.209396
-6039.066667	276.510498	126.914131
-6039.000000	276.396606	126.671906
-6038.933333	276.201172	126.155792
-6038.866667	276.276672	126.370827
-6038.800000	276.300079	126.345222
-6038.733333	276.763947	127.117744
-6038.666667	277.172791	127.930069
-6038.600000	277.596558	128.810043
-6038.533333	278.450745	130.740753
-6038.466667	278.855682	131.533890
-6038.400000	279.280975	132.051025
-6038.333333	280.145599	133.129349
-6038.266667	280.524200	133.899597
-6038.200000	280.731140	134.801117
-6038.133333	280.949402	135.712723
-6038.066667	280.963684	135.995819
-6038.000000	280.934387	136.109131
-6037.933333	280.769745	136.692947
-6037.866667	280.736969	136.591888
-6037.800000	280.820312	136.720261
-6037.733333	280.772736	137.009888
-6037.666667	280.733582	137.261002
-6037.600000	280.642487	137.487564
-6037.533333	280.322876	138.496643
-6037.466667	280.249084	138.831909
-6037.400000	279.841248	139.352493
-6037.333333	279.377472	139.872635
-6037.266667	278.935669	140.361710
-6037.200000	278.631165	140.511902
-6037.133333	278.583282	139.744263
-6037.066667	278.786469	139.058319
-6037.000000	279.439056	136.937241
-6036.933333	279.651459	136.073975
-6036.866667	279.736816	135.574570
-6036.800000	279.721313	135.407303
-6036.733333	279.688141	135.308655
-6036.666667	279.686035	135.270386
-6036.600000	279.668030	135.236557
-6036.533333	279.644836	135.241058
-6036.466667	279.603912	135.237045
-6036.400000	279.600189	135.207733
-6036.333333	279.610229	135.319916
-6036.266667	279.595581	135.342361
-6036.200000	279.577423	135.386734
-6036.133333	279.545868	135.439224
-6036.066667	279.525360	135.408157
-6036.000000	279.505829	135.387665
-6035.933333	279.508392	135.285126
-6035.866667	279.441803	135.308212
-6035.800000	279.429962	135.212311
-6035.733333	279.429962	135.212311
-6035.666667	279.407593	135.186630
-6035.600000	279.413971	135.103073
-6035.533333	279.382751	135.149261
-6035.466667	279.358826	135.115631
-6035.400000	279.373352	135.071518
-6035.333333	279.387787	135.064758
-6035.266667	279.360992	135.078842
-6035.200000	279.367340	135.075165
-6035.133333	279.336884	135.076874
-6035.066667	279.337250	135.042786
-6035.000000	279.339142	135.057999
-6034.933333	279.344055	135.079819
-6034.866667	279.330444	135.016495
-6034.800000	279.330505	135.030197
-6034.733333	279.339813	134.995117
-6034.666667	279.332397	134.993118
-6034.600000	279.333649	134.968979
-6034.533333	279.307068	134.956757
-6034.466667	279.291168	134.827179
-6034.400000	279.277802	134.683365
-6034.333333	279.253357	134.497711
-6034.266667	279.239288	134.440247
-6034.200000	279.213104	134.408218
-6034.133333	279.201385	134.351562
-6034.066667	279.158417	134.260406
-6034.000000	279.107483	134.231583
-6033.933333	279.047760	133.912476
-6033.866667	279.006836	133.758026
-6033.800000	278.923523	133.265045
-6033.733333	278.936279	133.160019
-6033.666667	278.917297	133.104889
-6033.600000	278.890930	132.765625
-6033.533333	278.748383	131.943161
-6033.466667	278.710754	131.741531
-6033.400000	278.661469	130.816498
-6033.333333	278.588806	130.230835
-6033.266667	278.517883	130.069366
-6033.200000	278.425751	129.819687
-6033.133333	278.212402	128.962570
-6033.066667	278.080994	128.444946
-6033.000000	277.942719	127.951302
-6032.933333	278.005096	128.062592
-6032.866667	278.070221	128.375702
-6032.800000	278.119720	128.453140
-6032.733333	278.236847	128.935760
-6032.666667	278.182251	128.516388
-6032.600000	278.077637	128.255585
-6032.533333	277.974121	127.783615
-6032.466667	277.851318	127.241722
-6032.400000	277.704987	126.611076
-6032.333333	277.798645	126.555748
-6032.266667	277.544769	125.974831
-6032.200000	276.523224	123.572701
-6032.133333	276.260254	123.503448
-6032.066667	276.768768	124.987251
-6032.000000	277.656616	126.725067
-6031.933333	277.840881	127.164116
-6031.866667	277.987854	127.584328
-6031.800000	278.016693	127.712021
-6031.733333	277.333862	125.874695
-6031.666667	276.017792	122.472015
-6031.600000	272.268127	115.386368
-6031.533333	271.288422	114.181961
-6031.466667	271.058746	114.357254
-6031.400000	270.757263	114.557755
-6031.333333	270.836456	114.755814
-6031.266667	271.039856	115.339378
-6031.200000	271.610291	116.621689
-6031.133333	271.640320	117.444153
-6031.066667	272.024414	119.018974
-6031.000000	272.439178	120.697449
-6030.933333	272.652740	121.120987
-6030.866667	272.936310	121.513924
-6030.800000	273.305634	121.427124
-6030.733333	272.877716	120.364922
-6030.666667	274.509583	123.519867
-6030.600000	274.754669	123.699463
-6030.533333	275.148254	124.416458
-6030.466667	275.642181	125.527550
-6030.400000	276.963379	129.080200
-6030.333333	277.457397	130.684845
-6030.266667	277.713318	131.508957
-6030.200000	277.413300	130.941284
-6030.133333	276.932648	129.929230
-6030.066667	276.168488	128.031860
-6030.000000	274.076447	121.976768
-6029.933333	273.429443	119.509644
-6029.866667	274.508453	119.949959
-6029.800000	275.534424	121.683876
-6029.733333	276.287689	123.496841
-6029.666667	276.804047	125.265724
-6029.600000	277.213287	126.496460
-6029.533333	277.585388	127.706322
-6029.466667	278.248962	130.178955
-6029.400000	278.445526	130.913162
-6029.333333	278.452698	130.862320
-6029.266667	278.334991	130.408905
-6029.200000	278.028473	129.533966
-6029.133333	277.923920	129.199814
-6029.066667	277.304108	127.174706
-6029.000000	276.758118	125.643578
-6028.933333	276.369629	124.477768
-6028.866667	276.244171	124.208702
-6028.800000	276.302307	124.390327
-6028.733333	276.098022	123.907455
-6028.666667	275.817322	122.916801
-6028.600000	275.895599	123.236168
-6028.533333	275.984131	123.647736
-6028.466667	275.780090	123.148651
-6028.400000	274.639893	120.601135
-6028.333333	273.873962	119.205368
-6028.266667	272.763275	117.142601
-6028.200000	272.405640	116.721649
-6028.133333	272.390137	116.837578
-6028.066667	272.633331	117.569901
-6028.000000	273.176483	118.881348
-6027.933333	273.416290	119.346573
-6027.866667	273.613678	119.897217
-6027.800000	273.652039	120.069275
-6027.733333	273.734802	120.278603
-6027.666667	273.813934	120.334656
-6027.600000	274.052673	120.657158
-6027.533333	274.106750	120.723663
-6027.466667	274.269226	120.840767
-6027.400000	274.198425	120.701324
-6027.333333	274.170532	120.703674
-6027.266667	274.086639	120.609375
-6027.200000	273.937897	120.522148
-6027.133333	273.931183	120.456970
-6027.066667	273.927612	120.390381
-6027.000000	273.898315	120.379539
-6026.933333	273.759857	120.214851
-6026.866667	273.688782	120.079384
-6026.800000	273.647949	119.897499
-6026.733333	273.683807	119.745834
-6026.666667	273.702545	119.541046
-6026.600000	273.765991	119.644905
-6026.533333	274.110321	120.019417
-6026.466667	274.637848	120.957230
-6026.400000	275.917847	123.824059
-6026.333333	276.512482	125.491180
-6026.266667	277.248138	127.708275
-6026.200000	277.264893	127.547440
-6026.133333	277.131378	127.125397
-6026.066667	276.564880	125.533913
-6026.000000	276.086426	124.178238
-6025.933333	275.474609	122.537308
-6025.866667	274.302490	120.182762
-6025.800000	273.897858	119.620041
-6025.733333	273.793945	119.814552
-6025.666667	274.633575	121.725319
-6025.600000	275.005920	122.606972
-6025.533333	275.259888	123.097488
-6025.466667	275.296234	123.055466
-6025.400000	275.296234	123.055466
-6025.333333	275.083374	122.440445
-6025.266667	274.767517	121.450043
-6025.200000	274.952484	121.677177
-6025.133333	275.113464	121.817146
-6025.066667	275.142151	122.121758
-6025.000000	275.211334	122.127052
-6024.933333	275.355896	122.470932
-6024.866667	275.992126	123.663361
-6024.800000	276.460266	124.686775
-6024.733333	276.895203	125.886497
-6024.666667	277.386932	127.340439
-6024.600000	277.433624	127.494423
-6024.533333	277.403564	127.422096
-6024.466667	277.593353	127.766960
-6024.400000	277.809082	128.197601
-6024.333333	277.957886	128.300598
-6024.266667	278.028290	127.716591
-6024.200000	278.153198	128.221512
-6024.133333	278.360657	129.824203
-6024.066667	278.324371	131.400406
-6024.000000	278.232605	131.290527
-6023.933333	278.076294	130.763809
-6023.866667	277.652710	129.465347
-6023.800000	277.609863	129.127502
-6023.733333	277.542816	128.978577
-6023.666667	277.469849	128.527649
-6023.600000	277.429169	128.381805
-6023.533333	277.442841	128.376923
-6023.466667	277.489105	128.571762
-6023.400000	277.544800	128.745605
-6023.333333	277.604126	129.092972
-6023.266667	277.683563	129.443008
-6023.200000	277.716736	129.606827
-6023.133333	277.760040	129.794189
-6023.066667	277.878357	130.172165
-6023.000000	277.892517	130.240112
-6022.933333	277.923615	130.344345
-6022.866667	277.968231	130.472626
-6022.800000	277.994019	130.479904
-6022.733333	277.995239	130.540222
-6022.666667	277.995972	130.534088
-6022.600000	278.001556	130.573761
-6022.533333	277.967804	130.559250
-6022.466667	277.945038	130.452667
-6022.400000	277.940918	130.478210
-6022.333333	277.959076	130.465729
-6022.266667	277.938629	130.416534
-6022.200000	277.924866	130.444901
-6022.133333	277.944000	130.432343
-6022.066667	277.917542	130.411560
-6022.000000	277.942383	130.376236
-6021.933333	277.955292	130.341644
-6021.866667	277.937775	130.287888
-6021.800000	277.980988	130.233414
-6021.733333	278.013672	130.257462
-6021.666667	278.149506	130.102112
-6021.600000	278.156769	130.074356
-6021.533333	278.253143	129.970169
-6021.466667	278.296112	129.841919
-6021.400000	278.364502	129.826950
-6021.333333	278.512085	129.389923
-6021.266667	278.971619	127.027321
-6021.200000	280.027496	123.043518
-6021.133333	280.748413	112.638275
-6021.066667	285.656342	107.989944
-6021.000000	293.265564	103.771530
-6020.933333	303.615540	94.343048
-6020.866667	310.839661	86.835495
-6020.800000	311.126648	86.228905
-6020.733333	313.293549	84.449211
-6020.666667	314.829254	83.587532
-6020.600000	314.828278	83.600052
-6020.533333	314.838806	83.756569
-6020.466667	314.762726	84.179245
-6020.400000	314.756805	84.362885
-6020.333333	314.742950	84.406158
-6020.266667	314.757172	84.321907
-6020.200000	314.766571	84.214180
-6020.133333	314.783325	84.051193
-6020.066667	314.836243	83.546432
-6020.000000	314.857635	83.254204
-6019.933333	314.886139	82.852333
-6019.866667	314.889832	82.640182
-6019.800000	314.893188	82.490639
-6019.733333	314.869415	82.584465
-6019.666667	314.834625	82.860703
-6019.600000	314.804474	83.103828
-6019.533333	314.779572	83.430145
-6019.466667	314.697510	84.171875
-6019.400000	314.651550	84.749039
-6019.333333	314.611359	85.320061
-6019.266667	314.537170	86.113113
-6019.200000	314.541901	86.203957
-6019.133333	314.554840	86.199631
-6019.066667	314.550537	86.416161
-6019.000000	314.564209	86.524025
-6018.933333	314.537750	86.513062
-6018.866667	314.525085	86.367790
-6018.800000	314.504974	86.585632
-6018.733333	314.511963	86.625046
-6018.666667	314.526520	86.357651
-6018.600000	314.552429	86.214241
-6018.533333	314.565155	86.194748
-6018.466667	314.599945	85.965240
-6018.400000	314.658295	85.668518
-6018.333333	314.666992	85.561905
-6018.266667	314.662018	85.487984
-6018.200000	314.705292	85.216904
-6018.133333	314.250214	85.346916
-6018.066667	311.295410	86.941246
-6018.000000	309.353363	87.990845
-6017.933333	304.849060	90.306892
-6017.866667	306.561584	88.615952
-6017.800000	309.080475	86.878738
-6017.733333	311.119171	86.557228
-6017.666667	313.258057	94.261681
-6017.600000	313.155731	98.970474
-6017.533333	305.046417	110.190445
-6017.466667	298.928833	114.155930
-6017.400000	293.535828	116.795258
-6017.333333	281.779053	121.970879
-6017.266667	273.935577	123.307693
-6017.200000	273.238373	122.015816
-6017.133333	272.416443	120.870262
-6017.066667	271.669312	119.783806
-6017.000000	271.262146	119.501617
-6016.933333	270.724304	119.054405
-6016.866667	270.058716	118.684532
-6016.800000	269.576691	118.285347
-6016.733333	268.351990	116.745445
-6016.666667	268.103302	116.248962
-6016.600000	268.033600	116.017876
-6016.533333	268.030640	115.884644
-6016.466667	267.714142	115.708092
-6016.400000	267.235504	115.249092
-6016.333333	266.060211	114.580086
-6016.266667	265.776520	114.262039
-6016.200000	265.429565	114.193985
-6016.133333	264.849457	113.726738
-6016.066667	264.593933	113.599953
-6016.000000	264.252441	113.169334
-6015.933333	263.549072	112.541260
-6015.866667	261.783966	111.524467
-6015.800000	261.150238	111.164825
-6015.733333	261.103760	111.199081
-6015.666667	261.222412	111.199753
-6015.600000	261.194183	111.306213
-6015.533333	261.218323	111.283401
-6015.466667	261.331909	111.425209
-6015.400000	261.523193	111.496796
-6015.333333	262.030548	111.742119
-6015.266667	262.291626	111.881210
-6015.200000	262.715210	112.114029
-6015.133333	263.229523	112.553398
-6015.066667	264.820007	113.812370
-6015.000000	265.828522	114.804703
-6014.933333	267.684357	117.087196
-6014.866667	268.102814	117.902298
-6014.800000	268.322052	118.136650
-6014.733333	268.103943	117.984375
-6014.666667	268.124603	117.868591
-6014.600000	268.095520	117.912430
-6014.533333	268.175720	118.067665
-6014.466667	268.139587	118.138626
-6014.400000	268.206848	118.212593
-6014.333333	268.383270	118.309952
-6014.266667	268.472321	118.482384
-6014.200000	268.308838	118.447830
-6014.133333	268.248230	118.213654
-6014.066667	268.299347	118.222427
-6014.000000	268.403351	118.229538
-6013.933333	268.535095	118.448288
-6013.866667	268.926514	118.862671
-6013.800000	268.912933	118.651886
-6013.733333	268.588135	118.133537
-6013.666667	268.189636	117.836288
-6013.600000	267.815247	117.293022
-6013.533333	267.205688	116.352669
-6013.466667	266.645782	115.352730
-6013.400000	266.532715	115.171890
-6013.333333	266.869812	115.163834
-6013.266667	266.974365	115.076073
-6013.200000	267.023254	114.939201
-6013.133333	266.923065	114.857384
-6013.066667	266.931244	114.840500
-6013.000000	267.028198	114.931267
-6012.933333	267.198547	115.124573
-6012.866667	267.329193	115.294685
-6012.800000	267.425018	115.286018
-6012.733333	267.389465	115.366478
-6012.666667	267.516907	115.417564
-6012.600000	267.553345	115.464767
-6012.533333	267.641022	115.571404
-6012.466667	267.658264	115.639908
-6012.400000	267.690643	115.680923
-6012.333333	267.717285	115.684341
-6012.266667	267.753235	115.811455
-6012.200000	267.779694	115.824341
-6012.133333	267.823914	115.834358
-6012.066667	267.840759	115.893684
-6012.000000	267.787231	115.971710
-6011.933333	267.862976	115.978851
-6011.866667	267.905548	115.962090
-6011.800000	267.884369	115.959564
-6011.733333	267.856720	115.947319
-6011.666667	267.823151	115.919479
-6011.600000	267.788635	115.899658
-6011.533333	267.789917	115.893280
-6011.466667	267.788696	115.878441
-6011.400000	267.818665	115.849327
-6011.333333	267.776825	115.835434
-6011.266667	267.791718	115.813042
-6011.200000	267.790863	115.854370
-6011.133333	267.772461	115.880341
-6011.066667	267.796967	115.783585
-6011.000000	267.793884	115.894051
-6010.933333	267.856903	115.845680
-6010.866667	267.786896	115.850250
-6010.800000	267.778442	115.845505
-6010.733333	267.787140	115.861649
-6010.666667	267.778412	115.866013
-6010.600000	267.797882	115.877411
-6010.533333	267.849426	115.834465
-6010.466667	267.842834	115.866028
-6010.400000	267.850342	115.858238
-6010.333333	267.841705	115.890045
-6010.266667	267.844604	115.929138
-6010.200000	267.874969	115.908455
-6010.133333	267.729492	115.826439
-6010.066667	267.741913	115.740143
-6010.000000	267.738098	115.658783
-6009.933333	267.679016	115.626770
-6009.866667	267.702576	115.657021
-6009.800000	267.716156	115.615181
-6009.733333	267.664307	115.653755
-6009.666667	267.698669	115.698410
-6009.600000	267.690277	115.656006
-6009.533333	267.707947	115.709557
-6009.466667	267.760193	115.722900
-6009.400000	267.737396	115.765335
-6009.333333	267.818695	115.733559
-6009.266667	267.784271	115.809364
-6009.200000	267.782867	115.843132
-6009.133333	267.850830	115.840210
-6009.066667	267.866211	115.894630
-6009.000000	267.879547	115.917175
-6008.933333	267.938690	115.946945
-6008.866667	267.958313	115.987846
-6008.800000	267.977661	116.012352
-6008.733333	268.117523	116.109489
-6008.666667	268.105957	116.206047
-6008.600000	268.215179	116.368164
-6008.533333	268.427185	116.733727
-6008.466667	268.511719	116.871346
-6008.400000	268.558075	116.864006
-6008.333333	268.584686	116.946045
-6008.266667	268.524445	116.721802
-6008.200000	268.256165	116.510643
-6008.133333	268.446411	116.800308
-6008.066667	268.556671	116.959450
-6008.000000	268.557739	117.033295
-6007.933333	268.532196	116.966728
-6007.866667	268.507263	117.018311
-6007.800000	268.554260	117.003128
-6007.733333	268.432617	116.907539
-6007.666667	268.381561	116.773468
-6007.600000	268.242584	116.606712
-6007.533333	268.166565	116.462814
-6007.466667	268.198547	116.466927
-6007.400000	268.340088	116.601578
-6007.333333	268.391907	116.698952
-6007.266667	268.254272	116.613022
-6007.200000	268.236969	116.510269
-6007.133333	268.225067	116.563553
-6007.066667	268.296448	116.593445
-6007.000000	268.247162	116.586853
-6006.933333	268.227661	116.674301
-6006.866667	268.275391	116.638283
-6006.800000	268.285614	116.657120
-6006.733333	268.135010	116.606827
-6006.666667	268.132599	116.475685
-6006.600000	268.066589	116.375938
-6006.533333	267.850311	116.039803
-6006.466667	267.832397	115.899414
-6006.400000	267.726227	115.802132
-6006.333333	267.616516	115.609909
-6006.266667	267.598602	115.560112
-6006.200000	267.495605	115.427422
-6006.133333	267.539917	115.382225
-6006.066667	267.529877	115.363060
-6006.000000	267.575195	115.324959
-6005.933333	267.579651	115.221428
-6005.866667	267.491943	115.136185
-6005.800000	267.143127	114.853050
-6005.733333	267.041351	114.736053
-6005.666667	266.959290	114.658592
-6005.600000	266.922607	114.630486
-6005.533333	267.015594	114.638367
-6005.466667	267.039307	114.677475
-6005.400000	267.230988	114.809776
-6005.333333	267.308136	114.928848
-6005.266667	267.384369	114.940346
-6005.200000	267.432312	115.006866
-6005.133333	267.730469	115.069710
-6005.066667	267.807373	115.153870
-6005.000000	267.952576	115.214218
-6004.933333	267.899933	115.298752
-6004.866667	267.864685	115.151688
-6004.800000	267.593994	114.908989
-6004.733333	267.232819	114.405655
-6004.666667	268.598602	115.626923
-6004.600000	269.783142	117.444023
-6004.533333	269.769379	117.649185
-6004.466667	269.888672	117.791153
-6004.400000	269.869568	117.830688
-6004.333333	270.031982	117.964600
-6004.266667	270.242126	118.381874
-6004.200000	270.999023	119.732681
-6004.133333	271.258514	120.175072
-6004.066667	271.450439	120.429375
-6004.000000	271.679779	120.717926
-6003.933333	271.688843	120.847092
-6003.866667	271.695099	120.894966
-6003.800000	272.085236	121.055832
-6003.733333	272.419525	121.469009
-6003.666667	272.600922	121.761162
-6003.600000	272.655548	121.953903
-6003.533333	272.781403	122.044495
-6003.466667	272.986115	122.380768
-6003.400000	273.555511	123.176552
-6003.333333	273.743958	123.271347
-6003.266667	273.926758	123.228737
-6003.200000	274.153320	123.036430
-6003.133333	275.157074	122.895775
-6003.066667	275.907135	122.788742
-6003.000000	278.016266	122.285004
-6002.933333	278.844788	122.332718
-6002.866667	278.677185	123.261703
-6002.800000	279.575592	124.138977
-6002.733333	281.057434	126.593193
-6002.666667	281.583160	127.033234
-6002.600000	287.890045	120.262352
-6002.533333	295.331390	113.184517
-6002.466667	311.350708	100.673439
-6002.400000	313.545380	94.430473
-6002.333333	292.212311	106.772285
-6002.266667	293.324188	104.191765
-6002.200000	307.457367	93.937996
-6002.133333	312.740936	90.371880
-6002.066667	307.115570	94.969170
-6002.000000	303.471100	100.754578
-6001.933333	283.895813	119.261482
-6001.866667	283.416687	121.883430
-6001.800000	282.209320	124.218109
-6001.733333	281.912994	124.766685
-6001.666667	281.928772	124.588898
-6001.600000	282.133331	123.746506
-6001.533333	282.197632	123.576210
-6001.466667	282.228088	123.702644
-6001.400000	282.442078	123.295380
-6001.333333	282.236023	123.894081
-6001.266667	281.992889	124.261414
-6001.200000	281.084320	123.241104
-6001.133333	280.801422	122.717819
-6001.066667	280.669830	121.971497
-6001.000000	280.716034	121.678398
-6000.933333	280.636353	121.541008
-6000.866667	280.684723	121.323662
-6000.800000	280.992310	120.716980
-6000.733333	281.183502	121.165558
-6000.666667	281.492249	122.047371
-6000.600000	282.893707	125.779976
-6000.533333	283.754944	129.204880
-6000.466667	284.470490	135.442719
-6000.400000	284.656921	135.909622
-6000.333333	285.014313	135.809036
-6000.266667	286.258575	134.738129
-6000.200000	286.912231	132.749069
-6000.133333	304.275116	117.787865
-6000.066667	309.452026	110.225746
-6000.000000	311.202148	109.558968
-5999.933333	310.488220	108.818222
-5999.866667	308.950836	108.457253
-5999.800000	306.203735	110.819977
-5999.733333	305.863342	111.619827
-5999.666667	308.346436	110.709030
-5999.600000	311.514008	109.957741
-5999.533333	292.900848	119.064095
-5999.466667	293.987396	118.507431
-5999.400000	303.592468	115.303093
-5999.333333	306.540405	115.836990
-5999.266667	305.961182	117.908073
-5999.200000	305.113861	119.280884
-5999.133333	305.107452	120.960030
-5999.066667	308.402771	119.701118
-5999.000000	306.999298	120.050201
-5998.933333	302.817261	121.964920
-5998.866667	301.152893	123.089554
-5998.800000	301.469452	124.613220
-5998.733333	301.830963	125.586243
-5998.666667	301.150574	127.041519
-5998.600000	297.874573	129.569305
-5998.533333	295.953552	130.780991
-5998.466667	294.981354	131.579422
-5998.400000	294.512787	132.673981
-5998.333333	294.093414	133.510605
-5998.266667	293.713531	134.358200
-5998.200000	292.668823	136.394806
-5998.133333	291.907501	137.160019
-5998.066667	291.199036	137.508484
-5998.000000	289.645905	138.504715
-5997.933333	289.139191	138.786972
-5997.866667	288.656342	139.058121
-5997.800000	288.182129	139.386032
-5997.733333	287.287415	140.309113
-5997.666667	286.723114	141.031815
-5997.600000	285.547272	142.426300
-5997.533333	284.921234	143.110367
-5997.466667	284.210571	143.929367
-5997.400000	283.235809	145.332932
-5997.333333	282.957672	145.907639
-5997.266667	282.530273	146.503540
-5997.200000	280.766144	147.879471
-5997.133333	280.336334	148.441269
-5997.066667	279.956146	148.893280
-5997.000000	279.366058	150.020325
-5996.933333	279.146454	150.480453
-5996.866667	278.847412	151.017838
-5996.800000	278.542236	151.592560
-5996.733333	278.493622	151.749420
-5996.666667	278.424805	151.851883
-5996.600000	278.554199	151.704147
-5996.533333	278.646088	151.684326
-5996.466667	278.835846	151.584412
-5996.400000	279.137054	150.746948
-5996.333333	279.029266	148.928436
-5996.266667	278.783966	146.695175
-5996.200000	278.607605	142.418091
-5996.133333	278.819153	140.370651
-5996.066667	279.105896	139.066360
-5996.000000	283.996735	133.249527
-5995.933333	287.077179	129.399399
-5995.866667	290.746490	126.211082
-5995.800000	306.906952	117.511108
-5995.733333	312.014984	114.853691
-5995.666667	311.573425	114.793579
-5995.600000	283.793579	129.935638
-5995.533333	282.777649	130.839615
-5995.466667	284.942505	128.832092
-5995.400000	294.151428	123.270103
-5995.333333	297.794128	122.085236
-5995.266667	301.842712	124.647728
-5995.200000	308.836761	125.451500
-5995.133333	299.981110	134.454086
-5995.066667	284.012207	149.347977
-5995.000000	281.525391	150.492462
-5994.933333	281.274780	149.577911
-5994.866667	281.174866	148.589569
-5994.800000	281.106720	145.822250
-5994.733333	280.998840	144.024857
-5994.666667	280.563202	141.725891
-5994.600000	280.700317	139.169983
-5994.533333	281.134918	138.346817
-5994.466667	281.388702	137.185120
-5994.400000	281.666870	135.296432
-5994.333333	283.369720	129.968628
-5994.266667	283.657867	127.286903
-5994.200000	281.901428	122.648743
-5994.133333	280.968872	121.145432
-5994.066667	280.016205	119.893845
-5994.000000	276.886200	114.147499
-5993.933333	275.306885	110.881432
-5993.866667	273.793091	108.809639
-5993.800000	271.260468	105.980721
-5993.733333	270.608582	102.454895
-5993.666667	269.277557	96.635033
-5993.600000	264.389404	85.236008
-5993.533333	261.599792	82.246696
-5993.466667	259.193756	79.546722
-5993.400000	266.192322	65.048477
-5993.333333	281.293854	52.168438
-5993.266667	302.832031	37.646244
-5993.200000	315.428070	38.896698
-5993.133333	317.398254	39.047894
-5993.066667	317.049438	42.154572
-5993.000000	316.939087	42.602016
-5992.933333	316.966858	43.317387
-5992.866667	317.056274	43.851311
-5992.800000	316.677856	45.121391
-5992.733333	316.574554	45.438259
-5992.666667	316.535950	45.338947
-5992.600000	316.431519	45.841827
-5992.533333	316.468079	46.497360
-5992.466667	316.896881	49.095024
-5992.400000	315.700806	51.976479
-5992.333333	314.163513	60.110992
-5992.266667	302.720825	84.766273
-5992.200000	282.318298	104.321701
-5992.133333	263.478638	122.715843
-5992.066667	243.258591	133.664612
-5992.000000	239.981232	131.315826
-5991.933333	237.721954	118.415466
-5991.866667	230.775696	116.644783
-5991.800000	223.443451	114.004883
-5991.733333	224.117340	109.177315
-5991.666667	225.214462	102.322556
-5991.600000	222.378098	100.563713
-5991.533333	214.236404	89.120110
-5991.466667	199.209152	84.330063
-5991.400000	195.614410	83.806709
-5991.333333	188.599869	67.322525
-5991.266667	185.738174	41.598000
-5991.200000	185.330399	42.823704
-5991.133333	180.108871	42.150558
-5991.066667	174.896515	50.613575
-5991.000000	172.638062	52.847912
-5990.933333	172.652054	45.702831
-5990.866667	167.027466	32.266815
-5990.800000	150.322174	25.875467
-5990.733333	150.471939	81.755516
-5990.666667	223.455124	131.076859
-5990.600000	248.890411	136.803986
-5990.533333	264.831329	119.285545
-5990.466667	281.854614	114.537819
-5990.400000	285.968750	99.947250
-5990.333333	288.007690	74.167740
-5990.266667	289.254181	40.575146
-5990.200000	294.573547	22.942020
-5990.133333	299.561493	12.513498
-5990.066667	302.552155	8.304455
-5990.000000	309.215149	-1.895104
-5989.933333	311.878113	-17.988247
-5989.866667	312.222687	4.021126
-5989.800000	315.054993	13.696944
-5989.733333	313.734955	16.036579
-5989.666667	307.782196	24.603012
-5989.600000	301.070496	34.247971
-5989.533333	295.904266	39.382973
-5989.466667	293.493835	41.816063
-5989.400000	291.917755	51.481392
-5989.333333	287.831940	73.838837
-5989.266667	285.200836	115.382523
-5989.200000	283.860718	135.557953
-5989.133333	264.156036	114.624245
-5989.066667	241.184860	108.162682
-5989.000000	214.084900	117.481270
-5988.933333	191.991043	111.239555
-5988.866667	173.168747	116.815659
-5988.800000	150.951721	102.514954
-5988.733333	114.494995	64.699707
-5988.666667	112.944984	60.369926
-5988.600000	132.772232	80.161606
-5988.533333	157.855911	77.162231
-5988.466667	181.840622	77.082024
-5988.400000	188.008484	90.347244
-5988.333333	180.636292	121.783478
-5988.266667	171.097015	141.407761
-5988.200000	161.233978	159.454819
-5988.133333	172.585098	173.803238
-5988.066667	180.812714	189.565430
-5988.000000	200.114868	209.165878
-5987.933333	242.773666	205.746033
-5987.866667	281.739075	223.073853
-5987.800000	308.388550	235.135452
-5987.733333	299.914642	257.710632
-5987.666667	286.806549	269.015442
-5987.600000	-297.421509	18.371971
-5987.533333	-291.508850	77.604614
-5987.466667	-284.576996	131.727692
-5987.400000	-278.216980	154.501984
-5987.333333	-268.674591	202.312546
-5987.266667	-260.752289	252.758026
-5987.200000	-260.752289	252.758026
-5987.133333	334.952087	-72.917000
-5987.066667	325.633362	-9.409045
-5987.000000	325.324310	29.954313
-5986.933333	327.522034	146.370728
-5986.866667	352.043060	276.999969
-5986.800000	352.043060	276.999969
-5986.733333	352.043060	276.999969
-5986.666667	352.043060	276.999969
-5986.600000	352.043060	276.999969
-5986.533333	352.043060	276.999969
-5986.466667	352.043060	276.999969
-5986.400000	352.043060	276.999969
-5986.333333	352.043060	276.999969
-5986.266667	348.678131	248.422607
-5986.200000	348.606110	229.478043
-5986.133333	348.307648	235.497116
-5986.066667	342.858887	236.040009
-5986.000000	345.152466	235.614441
-5985.933333	344.264343	246.171555
-5985.866667	339.125916	246.408401
-5985.800000	337.397247	211.493958
-5985.733333	347.084564	179.646332
-5985.666667	346.514282	191.909607
-5985.600000	341.381470	178.391235
-5985.533333	338.633118	172.971130
-5985.466667	340.792145	186.207535
-5985.400000	344.811676	214.014664
-5985.333333	342.689240	214.103134
-5985.266667	337.965271	217.914078
-5985.200000	334.291779	217.244614
-5985.133333	332.141815	214.887497
-5985.066667	330.361053	211.163742
-5985.000000	335.609283	210.497177
-5984.933333	335.485229	211.495193
-5984.866667	335.560760	211.227249
-5984.800000	336.850433	211.552002
-5984.733333	336.082367	211.031845
-5984.666667	335.490997	210.532700
-5984.600000	334.616394	210.004471
-5984.533333	333.716522	209.108612
-5984.466667	336.076019	212.078766
-5984.400000	336.020813	212.626144
-5984.333333	331.836212	211.661407
-5984.266667	327.953857	212.284592
-5984.200000	334.084106	220.021301
-5984.133333	331.591797	218.793961
-5984.066667	325.716614	215.973053
-5984.000000	326.151123	215.458496
-5983.933333	327.252838	215.736069
-5983.866667	333.394592	216.746475
-5983.800000	331.007629	207.685196
-5983.733333	326.557373	192.867676
-5983.666667	321.179321	175.277115
-5983.600000	306.604309	156.376373
-5983.533333	265.876190	139.345154
-5983.466667	293.150848	139.928116
-5983.400000	289.822754	138.319778
-5983.333333	288.599762	137.817688
-5983.266667	325.989868	129.093109
-5983.200000	323.024384	121.694435
-5983.133333	319.843536	115.551506
-5983.066667	320.344269	115.082245
-5983.000000	317.254150	112.488930
-5982.933333	313.819519	109.893501
-5982.866667	317.512177	112.462929
-5982.800000	316.984589	110.800087
-5982.733333	316.256165	107.819855
-5982.666667	318.363770	107.142410
-5982.600000	318.497955	107.308350
-5982.533333	319.127869	106.988533
-5982.466667	319.134338	106.889221
-5982.400000	319.328613	106.817894
-5982.333333	319.284607	106.860130
-5982.266667	319.342346	106.894058
-5982.200000	319.342438	106.913918
-5982.133333	319.393036	106.839493
-5982.066667	319.448151	106.873596
-5982.000000	319.593109	107.058456
-5981.933333	320.043793	106.225327
-5981.866667	320.229095	106.001831
-5981.800000	320.407379	105.552116
-5981.733333	320.450806	105.162277
-5981.666667	320.412537	105.149612
-5981.600000	320.431152	105.150673
-5981.533333	320.411102	105.179962
-5981.466667	320.440643	105.161812
-5981.400000	320.448486	105.131439
-5981.333333	320.451416	105.127113
-5981.266667	320.452423	105.134750
-5981.200000	320.453674	105.133789
-5981.133333	320.443634	105.145874
-5981.066667	320.439636	105.156227
-5981.000000	320.442108	105.189301
-5980.933333	320.431335	105.193336
-5980.866667	320.422485	105.197029
-5980.800000	320.419708	105.190208
-5980.733333	320.421295	105.177589
-5980.666667	320.444824	105.175056
-5980.600000	320.457367	105.152870
-5980.533333	320.456329	105.096725
-5980.466667	320.498871	105.227112
-5980.400000	320.691437	105.528992
-5980.333333	320.881592	105.840408
-5980.266667	321.165039	106.059303
-5980.200000	320.970337	105.772301
-5980.133333	320.659943	105.303467
-5980.066667	320.471100	104.896523
-5980.000000	320.220764	104.554352
-5979.933333	320.023285	104.318573
-5979.866667	319.576202	103.863876
-5979.800000	319.341095	103.702408
-5979.733333	318.882050	103.564682
-5979.666667	289.079895	96.488731
-5979.600000	268.913818	88.337769
-5979.533333	263.277313	58.490330
-5979.466667	244.755707	57.801270
-5979.400000	266.510773	83.933891
-5979.333333	271.804749	82.336487
-5979.266667	307.028015	105.001831
-5979.200000	305.988617	96.453064
-5979.133333	312.709167	98.953537
-5979.066667	315.864716	106.691231
-5979.000000	317.321625	108.951767
-5978.933333	317.266998	110.062355
-5978.866667	317.288239	110.728615
-5978.800000	317.004364	110.502922
-5978.733333	317.027618	109.718102
-5978.666667	316.856537	111.947708
-5978.600000	316.808533	109.753830
-5978.533333	316.526001	112.482018
-5978.466667	316.320160	107.752998
-5978.400000	316.232788	109.098206
-5978.333333	316.687134	108.163467
-5978.266667	316.719055	106.914185
-5978.200000	316.721436	106.945328
-5978.133333	316.686981	106.585831
-5978.066667	316.685669	106.591454
-5978.000000	316.685150	106.595436
-5977.933333	316.647766	106.545021
-5977.866667	316.636536	106.592194
-5977.800000	316.612610	106.672173
-5977.733333	316.638794	106.539711
-5977.666667	316.541962	106.767494
-5977.600000	316.586029	106.637184
-5977.533333	316.616577	106.619904
-5977.466667	316.607452	106.415329
-5977.400000	316.437805	106.298164
-5977.333333	317.076904	106.388580
-5977.266667	316.917816	107.076637
-5977.200000	317.265320	107.319435
-5977.133333	317.408142	107.995468
-5977.066667	317.359741	109.043472
-5977.000000	318.640045	105.811752
-5976.933333	316.795135	95.083954
-5976.866667	316.664459	93.100189
-5976.800000	319.414032	87.748566
-5976.733333	322.376007	84.774872
-5976.666667	324.070190	84.895836
-5976.600000	324.391357	84.353363
-5976.533333	324.773376	84.717552
-5976.466667	324.966309	84.761223
-5976.400000	325.170685	84.729210
-5976.333333	325.329254	84.333473
-5976.266667	324.629028	80.282982
-5976.200000	323.310822	64.167007
-5976.133333	324.363678	29.482801
-5976.066667	323.066864	13.558524
-5976.000000	320.775269	3.010212
-5975.933333	317.591003	-25.026749
-5975.866667	317.559570	-28.318209
-5975.800000	317.802277	-27.418245
-5975.733333	314.723389	0.405529
-5975.666667	295.946289	25.429331
-5975.600000	295.005585	49.361275
-5975.533333	302.446106	79.647003
-5975.466667	296.243408	111.659294
-5975.400000	272.119110	129.918671
-5975.333333	259.323425	131.313751
-5975.266667	238.276718	139.424561
-5975.200000	225.211609	156.424927
-5975.133333	226.789276	153.120056
-5975.066667	236.599548	141.539276
-5975.000000	251.008987	138.182205
-5974.933333	278.241760	124.583305
-5974.866667	283.170441	117.203941
-5974.800000	283.730438	118.535110
-5974.733333	270.040039	122.260094
-5974.666667	234.863220	150.542023
-5974.600000	225.061600	148.539017
-5974.533333	228.734680	142.937637
-5974.466667	244.575516	128.147949
-5974.400000	253.574707	122.986618
-5974.333333	255.841415	120.523071
-5974.266667	273.337891	110.516998
-5974.200000	310.074493	74.686867
-5974.133333	311.568237	16.646250
-5974.066667	310.369843	3.998486
-5974.000000	315.244263	5.954726
-5973.933333	319.998444	57.495399
-5973.866667	321.045471	67.621742
-5973.800000	321.531586	87.877373
-5973.733333	320.982819	115.973877
-5973.666667	320.434875	129.302429
-5973.600000	317.532654	156.875214
-5973.533333	312.280396	194.498367
-5973.466667	310.856232	199.150604
-5973.400000	302.026123	186.321991
-5973.333333	253.919144	167.335602
-5973.266667	253.919144	167.335602
-5973.200000	263.902924	126.841240
-5973.133333	173.740189	94.186096
-5973.066667	183.407028	86.893349
-5973.000000	178.240982	90.990990
-5972.933333	169.863617	95.649529
-5972.866667	172.571182	93.839706
-5972.800000	172.950775	93.826828
-5972.733333	156.219330	96.393585
-5972.666667	115.415245	84.983009
-5972.600000	79.442528	74.101906
-5972.533333	85.673645	70.008354
-5972.466667	93.516464	67.898811
-5972.400000	104.278862	63.991062
-5972.333333	142.436829	83.375877
-5972.266667	202.610672	120.634666
-5972.200000	204.792068	108.024078
-5972.133333	212.480621	81.800400
-5972.066667	223.103333	72.598953
-5972.000000	280.792664	78.428909
-5971.933333	305.378723	87.816086
-5971.866667	310.292969	91.226860
-5971.800000	313.489655	93.369736
-5971.733333	311.833984	88.357727
-5971.666667	278.264008	77.150719
-5971.600000	272.888550	75.851936
-5971.533333	263.340637	74.432991
-5971.466667	239.090820	79.035164
-5971.400000	229.879105	80.013962
-5971.333333	218.056030	76.161682
-5971.266667	210.097397	73.199806
-5971.200000	203.449387	77.813141
-5971.133333	215.762695	78.227875
-5971.066667	14.710575	94.143219
-5971.000000	0.033521	97.749352
-5970.933333	-4.104003	100.692307
-5970.866667	-3.432089	100.616669
-5970.800000	-1.542946	99.045830
-5970.733333	2.980553	96.002556
-5970.666667	5.571018	93.522446
-5970.600000	4.134359	94.408020
-5970.533333	41.918995	90.710381
-5970.466667	53.091137	92.472824
-5970.400000	7.434248	92.708084
-5970.333333	2.023813	93.671257
-5970.266667	-2.169770	95.375908
-5970.200000	3.193110	94.509293
-5970.133333	9.125906	91.932632
-5970.066667	12.874630	93.100197
-5970.000000	122.832291	103.156693
-5969.933333	290.540375	133.676620
-5969.866667	301.115509	134.916565
-5969.800000	292.120636	130.452469
-5969.733333	305.730225	133.277557
-5969.666667	310.290802	128.574615
-5969.600000	311.288757	128.728256
-5969.533333	316.788605	134.220367
-5969.466667	318.998840	132.640121
-5969.400000	319.533234	129.979477
-5969.333333	319.610962	131.555756
-5969.266667	319.814056	132.783295
-5969.200000	320.053406	133.649582
-5969.133333	320.702271	133.693558
-5969.066667	320.919800	131.964996
-5969.000000	320.906860	130.678406
-5968.933333	321.426086	126.722267
-5968.866667	322.471008	121.531914
-5968.800000	324.327911	114.695999
-5968.733333	323.946808	102.587975
-5968.666667	319.496094	96.705482
-5968.600000	299.734375	93.091011
-5968.533333	293.336304	87.490379
-5968.466667	289.772919	86.080460
-5968.400000	288.796021	85.215042
-5968.333333	293.014709	85.150223
-5968.266667	305.802673	86.553955
-5968.200000	307.283386	85.681747
-5968.133333	309.508667	87.611107
-5968.066667	315.393494	88.730911
-5968.000000	317.284760	88.967445
-5967.933333	318.652374	91.179031
-5967.866667	323.884644	96.684349
-5967.800000	323.779572	97.370705
-5967.733333	323.931030	97.433144
-5967.666667	324.089996	97.531746
-5967.600000	324.304016	97.567299
-5967.533333	324.459808	97.326790
-5967.466667	324.293854	97.472542
-5967.400000	324.514191	98.985718
-5967.333333	324.321289	123.484291
-5967.266667	322.439636	132.867386
-5967.200000	322.280060	131.513290
-5967.133333	322.842682	125.347618
-5967.066667	323.486359	116.404816
-5967.000000	324.337616	113.790077
-5966.933333	323.960846	112.547729
-5966.866667	322.954407	109.462868
-5966.800000	322.702179	105.058472
-5966.733333	323.105865	97.360840
-5966.666667	323.171844	93.858818
-5966.600000	322.745483	92.384140
-5966.533333	322.257538	92.555603
-5966.466667	321.797577	92.765099
-5966.400000	321.255371	92.703293
-5966.333333	320.340668	93.207611
-5966.266667	320.099457	93.441940
-5966.200000	317.761810	94.413200
-5966.133333	314.275391	93.712357
-5966.066667	311.548035	94.791908
-5966.000000	298.107391	102.013855
-5965.933333	145.631332	111.893822
-5965.866667	52.352386	103.580147
-5965.800000	51.986267	99.905830
-5965.733333	53.098335	98.774048
-5965.666667	56.530636	103.484344
-5965.600000	-38.791618	105.367424
-5965.533333	-14.656000	106.126907
-5965.466667	69.994003	111.415802
-5965.400000	63.895802	108.423073
-5965.333333	41.505997	108.417976
-5965.266667	42.456104	111.778519
-5965.200000	-24.995779	109.163490
-5965.133333	-68.850121	108.207260
-5965.066667	-103.310417	109.898201
-5965.000000	-124.658798	109.177643
-5964.933333	-144.144211	109.328026
-5964.866667	-115.480934	117.174309
-5964.800000	43.392502	119.867996
-5964.733333	168.997009	119.406891
-5964.666667	287.766510	116.171242
-5964.600000	332.450806	111.588921
-5964.533333	330.300354	112.587479
-5964.466667	328.008240	108.595085
-5964.400000	326.097961	100.109245
-5964.333333	323.289215	93.035805
-5964.266667	320.697540	92.505852
-5964.200000	318.727478	98.153313
-5964.133333	318.515930	109.209114
-5964.066667	320.151367	138.158600
-5964.000000	328.615448	185.814285
-5963.933333	338.160217	202.649200
-5963.866667	347.031097	209.111755
-5963.800000	-215.642395	-88.994049
-5963.733333	-273.710480	-100.468719
-5963.666667	-250.856323	-96.414680
-5963.600000	264.909973	173.925156
-5963.533333	225.696182	133.047028
-5963.466667	-232.514969	-95.085846
-5963.400000	-231.980591	-93.603661
-5963.333333	-242.204208	-88.138527
-5963.266667	-283.518585	-33.335930
-5963.200000	-288.580048	-24.934336
-5963.133333	-292.244995	-26.040453
-5963.066667	-301.313507	-0.673591
-5963.000000	-309.260284	19.555971
-5962.933333	-313.862122	30.640135
-5962.866667	-302.166748	-4.802382
-5962.800000	-302.926453	-0.421669
-5962.733333	-300.544128	-1.232975
-5962.666667	-282.337555	-15.405861
-5962.600000	-284.924591	-15.415236
-5962.533333	-287.439850	-18.817928
-5962.466667	-292.072479	-19.181623
-5962.400000	-288.416870	-17.007215
-5962.333333	-285.070831	-16.042473
-5962.266667	-283.893311	-16.610991
-5962.200000	-283.323944	-19.116289
-5962.133333	-286.702606	-20.717836
-5962.066667	-280.349640	-36.804840
-5962.000000	-267.854065	-60.590469
-5961.933333	-260.691071	-66.480591
-5961.866667	-225.431747	-81.322136
-5961.800000	-228.599640	-83.926315
-5961.733333	-246.489578	-87.698364
-5961.666667	-237.225906	-72.462669
-5961.600000	-250.749756	-66.662910
-5961.533333	-245.519577	-56.573135
-5961.466667	-257.040741	-45.671806
-5961.400000	-253.462372	-49.257809
-5961.333333	-250.427261	-47.220512
-5961.266667	-253.910294	-46.062363
-5961.200000	-256.181702	-42.431427
-5961.133333	-252.336182	-48.415268
-5961.066667	-286.243195	-73.893219
-5961.000000	-287.336975	-75.592468
-5960.933333	-209.178207	-100.348663
-5960.866667	-209.178207	-100.348663
-5960.800000	-209.178207	-100.348663
-5960.733333	-273.832367	-88.640663
-5960.666667	-244.368881	-33.581932
-5960.600000	-91.445747	243.677872
-5960.533333	-183.317612	55.693081
-5960.466667	112.944855	-53.054890
-5960.400000	313.223877	-52.631012
-5960.333333	337.730316	12.565787
-5960.266667	337.730316	12.565787
-5960.200000	331.740051	10.338552
-5960.133333	279.976013	-40.274826
-5960.066667	288.904144	-52.545486
-5960.000000	308.600769	-43.467003
-5959.933333	346.288483	-8.010881
-5959.866667	335.857635	9.306670
-5959.800000	332.939545	7.966016
-5959.733333	328.674377	-15.711000
-5959.666667	278.015259	-44.943275
-5959.600000	-8.139338	-59.143967
-5959.533333	-201.150833	-10.742491
-5959.466667	-193.513794	1.882860
-5959.400000	-187.722076	10.973250
-5959.333333	-189.215561	7.019778
-5959.266667	-189.518143	9.779737
-5959.200000	-180.292099	17.341434
-5959.133333	-179.163116	21.404900
-5959.066667	-170.097366	29.290760
-5959.000000	-176.033157	29.511663
-5958.933333	-173.499908	21.193268
-5958.866667	-162.295746	38.669388
-5958.800000	-157.281281	32.015610
-5958.733333	-145.433395	-7.140975
-5958.666667	-145.433395	-7.140975
-5958.600000	-141.374634	-55.026108
-5958.533333	-131.061371	-50.533649
-5958.466667	-104.589630	-63.490582
-5958.400000	-87.445366	-70.002655
-5958.333333	-72.908195	-69.952103
-5958.266667	-67.707756	-72.718979
-5958.200000	-56.701130	-72.037270
-5958.133333	-38.926907	-78.356270
-5958.066667	-26.011080	-81.126747
-5958.000000	-42.208313	-76.056892
-5957.933333	-48.308620	-68.376976
-5957.866667	-45.013950	-68.505219
-5957.800000	-38.985950	-67.626617
-5957.733333	-38.156132	-68.869865
-5957.666667	-20.465771	-79.820602
-5957.600000	-29.834740	-73.332161
-5957.533333	-27.582790	-70.394402
-5957.466667	-14.732995	-91.235077
-5957.400000	14.965121	-80.368256
-5957.333333	14.965121	-80.368256
-5957.266667	21.527100	-96.679062
-5957.200000	19.925251	-63.160038
-5957.133333	4.840631	-59.521801
-5957.066667	4.840631	-59.521801
-5957.000000	18.223972	-65.826027
-5956.933333	2.602102	-65.430473
-5956.866667	-20.367752	-91.197876
-5956.800000	-55.343647	-77.072998
-5956.733333	-161.248505	-81.336517
-5956.666667	-196.138824	-59.639011
-5956.600000	-196.138824	-59.639011
-5956.533333	-209.390366	-64.081009
-5956.466667	-208.215790	-59.328869
-5956.400000	-245.789383	-51.102421
-5956.333333	-234.510788	-52.945152
-5956.266667	-234.510788	-52.945152
-5956.200000	-219.957291	-53.764645
-5956.133333	-216.741821	-54.710522
-5956.066667	-212.251694	-56.310070
-5956.000000	-207.392502	-53.145069
-5955.933333	-160.300262	-67.118668
-5955.866667	-155.109558	-69.656036
-5955.800000	-155.109558	-69.656036
-5955.733333	-142.826950	-73.581993
-5955.666667	-118.472900	-78.629402
-5955.600000	-109.032303	-76.857918
-5955.533333	-106.043213	-78.145355
-5955.466667	-112.885536	-76.985954
-5955.400000	-112.885536	-76.985954
-5955.333333	-112.000229	-78.019333
-5955.266667	-106.014526	-78.194717
-5955.200000	-109.334473	-75.369026
-5955.133333	-105.621704	-76.271530
-5955.066667	-108.900749	-78.371361
-5955.000000	-108.900749	-78.371361
-5954.933333	-106.707687	-79.030869
-5954.866667	-107.464813	-76.677483
-5954.800000	-108.258934	-79.246651
-5954.733333	-105.956863	-78.792900
-5954.666667	-102.446907	-77.358719
-5954.600000	-90.059837	-89.162132
-5954.533333	-99.118309	-81.912163
-5954.466667	-99.118309	-81.912163
-5954.400000	-52.558418	-73.606560
-5954.333333	-33.959351	-45.771297
-5954.266667	-39.954208	-30.725336
-5954.200000	-35.486626	-18.859337
-5954.133333	-35.486626	-18.859337
-5954.066667	-38.993011	-38.624664
-5954.000000	-24.718575	-40.837536
-5953.933333	-22.076912	-42.639721
-5953.866667	-20.743317	-50.134811
-5953.800000	-23.570402	-59.524544
-5953.733333	-23.570402	-59.524544
-5953.666667	-41.610714	-47.464546
-5953.600000	-40.164314	-44.763363
-5953.533333	-41.123917	-45.921021
-5953.466667	-46.958225	-52.611996
-5953.400000	-36.671490	-38.379467
-5953.333333	-46.188728	-27.208538
-5953.266667	-46.188728	-27.208538
-5953.200000	-63.279873	-31.392399
-5953.133333	-61.180679	-28.571299
-5953.066667	-65.109779	-28.827496
-5953.000000	-68.752701	-23.105316
-5952.933333	-71.273758	-25.534269
-5952.866667	-71.273758	-25.534269
-5952.800000	-61.920967	-26.195498
-5952.733333	-59.406364	-28.268044
-5952.666667	-61.943829	-30.437708
-5952.600000	-55.159172	-31.419765
-5952.533333	-25.514755	-23.075390
-5952.466667	7.287441	-15.460294
-5952.400000	-24.456036	-7.406858
-5952.333333	-74.402519	-16.848608
-5952.266667	-82.810112	-9.277571
-5952.200000	-79.095154	-6.071740
-5952.133333	-82.687630	3.584037
-5952.066667	-90.436028	-3.850985
-5952.000000	-91.549591	0.086809
-5951.933333	-91.601349	0.573677
-5951.866667	-96.970436	-7.112044
-5951.800000	-101.538300	-0.575466
-5951.733333	-93.548454	7.640882
-5951.666667	-93.548454	7.640882
-5951.600000	-100.246025	-8.881218
-5951.533333	-98.860992	-2.501508
-5951.466667	-91.247147	-10.042813
-5951.400000	-96.408714	-5.365417
-5951.333333	-92.284126	-13.137029
-5951.266667	-105.146790	-4.135541
-5951.200000	-94.853767	-11.951736
-5951.133333	-92.686020	-15.403398
-5951.066667	-100.518311	9.743177
-5951.000000	-115.371300	-16.303793
-5950.933333	-142.089783	-6.153467
-5950.866667	-151.987564	17.824390
-5950.800000	-148.897827	17.220215
-5950.733333	-161.873322	9.740504
-5950.666667	-154.772491	26.612755
-5950.600000	-146.033752	22.789663
-5950.533333	-90.288391	185.061111
-5950.466667	-83.818832	200.424850
-5950.400000	-82.093513	244.222687
-5950.333333	327.819153	208.198196
-5950.266667	339.743683	15.906116
-5950.200000	320.825073	-14.403674
-5950.133333	350.165253	-48.483376
-5950.066667	328.366669	-47.649487
-5950.000000	323.110901	-49.455021
-5949.933333	324.410339	-48.663704
-5949.866667	316.185791	-47.181637
-5949.800000	317.090057	-47.352280
-5949.733333	316.296295	-47.044426
-5949.666667	318.377899	-46.691986
-5949.600000	316.654907	-47.252613
-5949.533333	317.636444	-47.061558
-5949.466667	319.698883	-46.647476
-5949.400000	318.287872	-46.477612
-5949.333333	323.391022	-45.772766
-5949.266667	326.956757	-42.564411
-5949.200000	327.154663	-41.281429
-5949.133333	329.972595	-40.832905
-5949.066667	327.348328	-39.363094
-5949.000000	327.611664	-40.652920
-5948.933333	327.452606	-41.133251
-5948.866667	327.044769	-44.061634
-5948.800000	316.079407	-52.457283
-5948.733333	302.853638	-48.438595
-5948.666667	307.133270	-47.940865
-5948.600000	295.454773	-51.099945
-5948.533333	288.515381	-49.653225
-5948.466667	287.655121	-49.784367
-5948.400000	253.839645	-46.901230
-5948.333333	250.108414	-41.131054
-5948.266667	327.358002	-52.106037
-5948.200000	268.777802	-53.748978
-5948.133333	274.775024	-51.366692
-5948.066667	274.546356	-52.172123
-5948.000000	296.680145	-52.214443
-5947.933333	307.897919	-52.487537
-5947.866667	311.158051	-53.543423
-5947.800000	322.692657	-53.578476
-5947.733333	323.226044	-52.978474
-5947.666667	340.275024	-51.850273
-5947.600000	350.544067	-46.166920
-5947.533333	347.234528	-42.560131
-5947.466667	345.372498	-34.832649
-5947.400000	341.922546	-34.276073
-5947.333333	343.357239	-33.758942
-5947.266667	341.929199	-32.499321
-5947.200000	343.060760	-31.610579
-5947.133333	346.001434	-27.760176
-5947.066667	347.913330	11.614921
-5947.000000	348.822815	105.072029
-5946.933333	346.594940	173.862747
-5946.866667	344.994720	164.144196
-5946.800000	344.762451	153.749649
-5946.733333	344.242340	152.738632
-5946.666667	344.396271	156.359314
-5946.600000	344.008148	158.202713
-5946.533333	343.784271	155.457352
-5946.466667	343.882294	155.074646
-5946.400000	343.864960	152.490402
-5946.333333	344.223724	151.978668
-5946.266667	343.820496	148.823288
-5946.200000	343.887604	148.346664
-5946.133333	344.782501	144.249115
-5946.066667	344.529663	140.744797
-5946.000000	344.302795	139.369766
-5945.933333	344.599060	135.517776
-5945.866667	344.492981	131.743790
-5945.800000	344.262573	131.093430
-5945.733333	344.006012	129.670685
-5945.666667	343.935883	128.766968
-5945.600000	344.406342	124.200378
-5945.533333	344.466156	115.231323
-5945.466667	343.288757	112.130859
-5945.400000	344.444489	103.529770
-5945.333333	344.566772	100.090790
-5945.266667	344.444489	99.919991
-5945.200000	344.234955	98.193024
-5945.133333	344.077301	97.221695
-5945.066667	344.165466	97.895164
-5945.000000	344.262878	98.247673
-5944.933333	344.231171	98.619736
-5944.866667	344.119995	98.182854
-5944.800000	344.230499	97.787949
-5944.733333	344.200287	97.916672
-5944.666667	344.324310	97.649338
-5944.600000	344.053528	97.240234
-5944.533333	344.445679	84.524689
-5944.466667	343.727509	79.735222
-5944.400000	343.601379	79.840065
-5944.333333	343.714233	78.525902
-5944.266667	344.522797	73.715187
-5944.200000	344.827148	56.538921
-5944.133333	344.487427	57.839401
-5944.066667	346.172699	72.318115
-5944.000000	345.961151	79.622406
-5943.933333	346.133057	81.278809
-5943.866667	345.208771	155.931274
-5943.800000	342.054047	184.037628
-5943.733333	343.038208	185.086288
-5943.666667	343.664032	180.335556
-5943.600000	345.020050	167.974625
-5943.533333	346.366852	145.087296
-5943.466667	346.531158	136.758789
-5943.400000	346.760712	134.158951
-5943.333333	346.809723	123.565704
-5943.266667	347.677216	93.330078
-5943.200000	347.382141	79.599731
-5943.133333	346.744720	54.113983
-5943.066667	346.636932	34.859798
-5943.000000	346.183197	41.869686
-5942.933333	345.968170	38.053432
-5942.866667	345.665894	38.996475
-5942.800000	345.886536	37.620445
-5942.733333	345.523834	37.453827
-5942.666667	345.616943	37.386330
-5942.600000	345.712128	37.668327
-5942.533333	345.732269	38.190857
-5942.466667	345.872528	38.253483
-5942.400000	346.277985	40.074253
-5942.333333	347.530579	60.016502
-5942.266667	346.712067	60.349823
-5942.200000	347.570801	63.384468
-5942.133333	347.091339	68.801956
-5942.066667	347.633820	71.663109
-5942.000000	347.305145	74.148659
-5941.933333	347.506042	72.663681
-5941.866667	347.592712	77.080444
-5941.800000	347.283173	76.674133
-5941.733333	347.973419	80.306335
-5941.666667	347.658447	80.924454
-5941.600000	348.337708	84.232544
-5941.533333	348.480286	84.524437
-5941.466667	348.793274	92.506889
-5941.400000	349.038330	106.661499
-5941.333333	348.558014	107.128883
-5941.266667	348.582733	106.353958
-5941.200000	348.581818	104.845139
-5941.133333	348.457642	104.369682
-5941.066667	348.521942	103.801765
-5941.000000	348.500122	101.946808
-5940.933333	348.533234	98.016998
-5940.866667	348.586090	94.554390
-5940.800000	348.426849	93.211678
-5940.733333	348.355255	91.536217
-5940.666667	348.582245	92.225243
-5940.600000	348.615295	89.549202
-5940.533333	349.123108	93.801682
-5940.466667	349.416534	90.167229
-5940.400000	350.984802	76.345161
-5940.333333	352.157196	21.486591
-5940.266667	352.649506	154.434998
-5940.200000	351.417267	224.975876
-5940.133333	350.898315	229.188843
-5940.066667	350.039459	231.144058
-5940.000000	349.997192	231.698563
-5939.933333	349.949371	231.605103
-5939.866667	348.934845	230.289032
-5939.800000	350.442993	232.610718
-5939.733333	350.727142	233.901566
-5939.666667	350.038422	226.041534
-5939.600000	350.637115	184.870071
-5939.533333	351.489685	79.334778
-5939.466667	348.599792	2.013271
-5939.400000	345.679657	-35.758263
-5939.333333	344.823792	-34.256977
-5939.266667	345.545593	-29.372749
-5939.200000	345.118591	-25.703741
-5939.133333	344.174622	-23.139656
-5939.066667	344.455109	-21.126247
-5939.000000	345.535278	-18.532911
-5938.933333	348.166168	3.395003
-5938.866667	343.589691	199.670197
-5938.800000	244.073715	203.680008
-5938.733333	325.404022	80.044304
-5938.666667	341.841217	120.873100
-5938.600000	333.304962	122.617119
-5938.533333	-238.099243	-90.937309
-5938.466667	-288.003876	-72.783775
-5938.400000	-312.709259	-2.842273
-5938.333333	-316.861420	29.626219
-5938.266667	-312.123932	77.783104
-5938.200000	-305.790344	84.778610
-5938.133333	-300.152100	98.275040
-5938.066667	-293.138031	108.627815
-5938.000000	-293.729614	95.575905
-5937.933333	-293.393097	126.798233
-5937.866667	-313.146301	150.779892
-5937.800000	-328.472870	111.643600
-5937.733333	337.958191	170.057327
-5937.666667	320.552887	149.990829
-5937.600000	319.320496	157.542694
-5937.533333	307.260529	187.649826
-5937.466667	310.789215	221.815308
-5937.400000	336.427307	255.597977
-5937.333333	336.427307	255.597977
-5937.266667	54.941582	-100.532806
-5937.200000	72.957924	263.700897
-5937.133333	22.977028	177.035736
-5937.066667	29.706509	185.307831
-5937.000000	29.706509	185.307831
-5936.933333	-55.476776	181.755585
-5936.866667	-114.050308	194.472656
-5936.800000	-84.392662	127.166237
-5936.733333	-132.953949	84.780785
-5936.666667	-157.180267	69.044495
-5936.600000	-205.041382	76.817329
-5936.533333	-210.011475	81.290237
-5936.466667	-207.880203	86.074463
-5936.400000	-205.018814	148.657211
-5936.333333	-192.175659	177.773148
-5936.266667	-132.939697	214.283997
-5936.200000	-139.272339	247.443481
-5936.133333	-117.529900	239.700577
-5936.066667	10.645789	232.351837
-5936.000000	9.384339	223.906342
-5935.933333	16.530539	213.947372
-5935.866667	28.232529	179.792435
-5935.800000	42.415119	171.716339
-5935.733333	35.170277	176.666367
-5935.666667	44.933083	167.337875
-5935.600000	5.948926	189.026978
-5935.533333	14.765074	191.372482
-5935.466667	63.025368	177.562378
-5935.400000	310.427917	139.770081
-5935.333333	325.722443	242.188431
-5935.266667	77.364502	155.753708
-5935.200000	254.242569	247.796021
-5935.133333	247.015076	183.604614
-5935.066667	229.564301	167.875000
-5935.000000	47.026539	104.403847
-5934.933333	-14.843172	19.865963
-5934.866667	-42.149597	27.764874
-5934.800000	-23.394001	33.095886
-5934.733333	105.936874	65.452156
-5934.666667	131.888367	81.172592
-5934.600000	202.644913	107.268425
-5934.533333	194.485046	98.983139
-5934.466667	176.943954	90.843025
-5934.400000	178.208008	87.992508
-5934.333333	224.548141	95.740021
-5934.266667	266.679199	110.742813
-5934.200000	288.795868	118.818069
-5934.133333	291.344818	118.744942
-5934.066667	284.657654	113.938568
-5934.000000	268.249847	100.712357
-5933.933333	254.474655	93.766975
-5933.866667	256.485840	95.933876
-5933.800000	246.963791	91.686218
-5933.733333	253.407898	90.535950
-5933.666667	247.604645	91.220650
-5933.600000	239.235870	90.928780
-5933.533333	252.093277	94.945534
-5933.466667	264.371674	98.711319
-5933.400000	259.499420	105.851097
-5933.333333	255.280441	110.555740
-5933.266667	272.306183	109.881927
-5933.200000	274.672180	112.147263
-5933.133333	271.342834	119.284996
-5933.066667	250.556290	104.590897
-5933.000000	162.003601	69.953613
-5932.933333	77.985435	49.231651
-5932.866667	48.369614	50.456760
-5932.800000	56.618179	44.484341
-5932.733333	51.509808	31.173801
-5932.666667	68.480751	62.193859
-5932.600000	106.650475	89.544342
-5932.533333	168.369537	129.299240
-5932.466667	155.608109	203.057693
-5932.400000	161.185806	201.430435
-5932.333333	165.286530	202.465744
-5932.266667	162.467148	203.642639
-5932.200000	207.360641	190.558289
-5932.133333	198.594925	190.391739
-5932.066667	201.858749	193.430191
-5932.000000	166.580124	202.383896
-5931.933333	176.775665	201.772934
-5931.866667	218.472809	192.219742
-5931.800000	292.810425	177.228378
-5931.733333	310.490021	168.810455
-5931.666667	313.064392	155.113434
-5931.600000	310.919647	136.801559
-5931.533333	311.134979	128.341156
-5931.466667	310.829224	120.216354
-5931.400000	310.829224	120.216354
-5931.333333	311.645050	118.276566
-5931.266667	313.501862	120.542717
-5931.200000	316.087952	123.941689
-5931.133333	317.425812	117.450844
-5931.066667	318.417297	105.520714
-5931.000000	318.417297	105.520714
-5930.933333	319.132202	98.213188
-5930.866667	319.602020	94.972061
-5930.800000	322.205597	86.151772
-5930.733333	322.205597	86.151772
-5930.666667	322.217896	87.388168
-5930.600000	322.324677	88.112022
-5930.533333	322.460236	85.870972
-5930.466667	322.984467	90.879517
-5930.400000	324.683777	90.078110
-5930.333333	324.933899	94.453011
-5930.266667	325.249176	93.189064
-5930.200000	325.822754	93.859978
-5930.133333	325.822754	93.859978
-5930.066667	326.007843	93.599945
-5930.000000	326.916107	94.422623
-5929.933333	327.295746	93.415329
-5929.866667	327.597748	93.432945
-5929.800000	328.214386	94.564117
-5929.733333	328.690552	97.349548
-5929.666667	328.690552	97.349548
-5929.600000	329.981964	100.296310
-5929.533333	329.790955	100.152893
-5929.466667	329.864014	100.502197
-5929.400000	329.826050	100.814743
-5929.333333	329.511566	102.732216
-5929.266667	329.511566	102.732216
-5929.200000	330.377258	104.759377
-5929.133333	331.180908	104.490669
-5929.066667	332.041229	105.727592
-5929.000000	333.434021	105.303917
-5928.933333	333.974701	103.611076
-5928.866667	333.924652	103.359291
-5928.800000	333.908966	103.478729
-5928.733333	333.804291	103.136253
-5928.666667	333.261444	103.755768
-5928.600000	332.390442	104.761292
-5928.533333	332.663605	104.235466
-5928.466667	332.695923	102.756187
-5928.400000	332.960297	102.859795
-5928.333333	333.416443	102.708885
-5928.266667	333.966248	103.283722
-5928.200000	334.775391	103.089508
-5928.133333	335.220886	102.720169
-5928.066667	335.011017	102.590126
-5928.000000	334.757324	102.325981
-5927.933333	334.603760	102.151611
-5927.866667	334.306366	102.266205
-5927.800000	334.056122	101.648689
-5927.733333	333.951660	102.257507
-5927.666667	332.361542	103.220444
-5927.600000	330.693787	103.827324
-5927.533333	329.800232	102.639664
-5927.466667	329.637756	101.926598
-5927.400000	329.473846	101.313843
-5927.333333	329.473846	101.313843
-5927.266667	329.366180	101.175430
-5927.200000	329.129150	101.515244
-5927.133333	329.462006	99.883057
-5927.066667	329.827209	102.258049
-5927.000000	329.932495	102.569344
-5926.933333	329.932495	102.569344
-5926.866667	329.873596	99.465874
-5926.800000	329.702423	98.768379
-5926.733333	329.731964	98.509430
-5926.666667	329.516754	100.012085
-5926.600000	329.005371	98.155640
-5926.533333	328.280151	105.113525
-5926.466667	328.280151	105.113525
-5926.400000	326.538116	109.644569
-5926.333333	326.356171	108.651291
-5926.266667	325.907776	109.490616
-5926.200000	325.522339	107.921043
-5926.133333	325.244293	109.876060
-5926.066667	325.244293	109.876060
-5926.000000	325.587341	111.725220
-5925.933333	327.685730	109.499748
-5925.866667	329.163025	98.642998
-5925.800000	329.354156	95.305023
-5925.733333	329.331940	98.228661
-5925.666667	329.331940	98.228661
-5925.600000	328.871063	93.202461
-5925.533333	328.820190	94.627327
-5925.466667	328.874176	92.420021
-5925.400000	328.633881	93.110611
-5925.333333	328.436707	92.100830
-5925.266667	328.436707	92.100830
-5925.200000	328.139923	90.579338
-5925.133333	328.011200	88.482758
-5925.066667	327.893646	88.659988
-5925.000000	327.816132	86.956123
-5924.933333	327.802399	87.683250
-5924.866667	327.854218	87.482628
-5924.800000	328.550415	90.377884
-5924.733333	328.527893	87.500198
-5924.666667	328.603577	93.417122
-5924.600000	328.311768	91.047340
-5924.533333	327.574524	98.244873
-5924.466667	327.629730	97.661598
-5924.400000	327.548157	93.809669
-5924.333333	327.579041	93.440544
-5924.266667	327.572540	93.569160
-5924.200000	327.452301	96.664093
-5924.133333	327.094727	99.298409
-5924.066667	326.400757	100.107056
-5924.000000	325.999878	102.906288
-5923.933333	325.675201	100.316170
-5923.866667	325.289551	103.876320
-5923.800000	324.067963	103.940392
-5923.733333	323.736298	103.609741
-5923.666667	323.596466	104.846809
-5923.600000	323.652496	101.314636
-5923.533333	323.826630	104.602875
-5923.466667	323.919220	101.997826
-5923.400000	324.041595	101.914078
-5923.333333	324.977386	102.171783
-5923.266667	326.519958	98.659149
-5923.200000	326.730133	97.783539
-5923.133333	327.306152	97.066628
-5923.066667	326.724579	89.913353
-5923.000000	326.728210	91.256088
-5922.933333	326.565857	87.670494
-5922.866667	326.436859	83.204773
-5922.800000	326.059387	82.143974
-5922.733333	326.058075	81.255119
-5922.666667	325.738159	82.725243
-5922.600000	324.949921	81.691277
-5922.533333	324.298828	81.717773
-5922.466667	323.426422	79.743774
-5922.400000	322.430664	77.751892
-5922.333333	321.737549	72.808914
-5922.266667	323.731659	74.647415
-5922.200000	326.486298	78.540863
-5922.133333	326.611481	85.902100
-5922.066667	326.087799	88.827377
-5922.000000	326.023956	84.567078
-5921.933333	326.034790	84.311935
-5921.866667	326.035645	84.325684
-5921.800000	326.049225	84.365479
-5921.733333	326.064392	84.295410
-5921.666667	326.073181	84.425789
-5921.600000	326.100250	85.133804
-5921.533333	326.146179	85.001602
-5921.466667	326.224640	84.954292
-5921.400000	326.228210	85.068527
-5921.333333	326.308411	85.142052
-5921.266667	326.379211	86.277573
-5921.200000	326.337067	86.534943
-5921.133333	326.396973	86.609344
-5921.066667	326.423401	86.233368
-5921.000000	326.427094	85.532356
-5920.933333	326.412781	85.602600
-5920.866667	326.369659	85.565994
-5920.800000	326.391174	85.447502
-5920.733333	326.353973	85.348312
-5920.666667	326.347229	85.270424
-5920.600000	326.305878	85.766808
-5920.533333	324.712158	91.270973
-5920.466667	319.746521	92.152451
-5920.400000	314.099823	93.210175
-5920.333333	308.464569	97.020958
-5920.266667	302.457947	98.082962
-5920.200000	298.189148	100.262840
-5920.133333	304.740845	107.853844
-5920.066667	319.056763	108.931236
-5920.000000	334.284363	102.079636
-5919.933333	341.683044	76.289841
-5919.866667	337.741699	74.944252
-5919.800000	332.073212	86.257156
-5919.733333	330.347931	87.430550
-5919.666667	331.779449	87.801979
-5919.600000	334.099426	86.165382
-5919.533333	336.220123	79.512978
-5919.466667	338.729462	74.162842
-5919.400000	337.535675	70.406769
-5919.333333	334.829254	74.127792
-5919.266667	332.887665	76.973846
-5919.200000	331.750702	78.918259
-5919.133333	330.675323	80.587639
-5919.066667	328.197449	84.354599
-5919.000000	322.914368	86.819427
-5918.933333	318.853943	88.507011
-5918.866667	318.262482	89.652908
-5918.800000	319.266113	88.604431
-5918.733333	320.485352	87.941193
-5918.666667	321.137177	86.188034
-5918.600000	321.351501	86.031914
-5918.533333	321.493683	86.651138
-5918.466667	321.726471	88.951508
-5918.400000	321.864105	85.637749
-5918.333333	321.878998	85.550583
-5918.266667	321.886871	85.574989
-5918.200000	321.895508	85.610992
-5918.133333	321.890198	85.583366
-5918.066667	321.896637	85.593468
-5918.000000	321.904175	85.657188
-5917.933333	321.899719	85.557495
-5917.866667	321.902863	85.571899
-5917.800000	321.895660	85.560936
-5917.733333	321.898438	85.511559
-5917.666667	321.889801	85.372528
-5917.600000	321.886230	85.305481
-5917.533333	321.877258	85.293343
-5917.466667	321.892273	85.216537
-5917.400000	321.879181	85.281914
-5917.333333	321.882263	85.253632
-5917.266667	321.879730	85.281075
-5917.200000	321.888092	85.316689
-5917.133333	321.886688	85.296089
-5917.066667	321.878235	85.223259
-5917.000000	321.884644	85.158203
-5916.933333	321.929352	85.262512
-5916.866667	322.124481	85.894615
-5916.800000	322.370758	87.061623
-5916.733333	322.660797	87.992622
-5916.666667	322.937256	88.404053
-5916.600000	323.108002	88.413261
-5916.533333	322.976410	88.292252
-5916.466667	322.840820	88.084373
-5916.400000	322.697327	87.836365
-5916.333333	322.559814	87.553764
-5916.266667	322.418457	87.097771
-5916.200000	322.273529	86.599426
-5916.133333	322.143463	86.007492
-5916.066667	322.045532	85.391853
-5916.000000	321.945465	84.919434
-5915.933333	321.874695	84.761711
-5915.866667	321.905273	84.814941
-5915.800000	321.923035	84.843559
-5915.733333	321.939240	84.779579
-5915.666667	321.947662	84.883499
-5915.600000	321.924561	84.846214
-5915.533333	321.918488	84.753784
-5915.466667	321.909607	84.877174
-5915.400000	321.910339	84.883530
-5915.333333	321.909149	85.060112
-5915.266667	321.916534	85.220055
-5915.200000	321.959717	85.640793
-5915.133333	321.974213	85.755226
-5915.066667	321.970093	85.927750
-5915.000000	322.006622	86.344391
-5914.933333	322.080475	87.192184
-5914.866667	322.119019	87.978134
-5914.800000	322.131165	88.290405
-5914.733333	322.114624	88.084305
-5914.666667	322.090515	87.763145
-5914.600000	322.047058	87.696548
-5914.533333	322.034271	87.976860
-5914.466667	322.034607	88.740822
-5914.400000	322.095947	90.383072
-5914.333333	322.203674	89.688477
-5914.266667	322.347260	90.304756
-5914.200000	322.416779	91.180786
-5914.133333	322.403107	90.377480
-5914.066667	322.411774	90.287529
-5914.000000	322.354248	90.435982
-5913.933333	322.297577	90.642693
-5913.866667	322.299744	90.680603
-5913.800000	322.313507	90.571625
-5913.733333	322.319061	90.645844
-5913.666667	322.277130	90.431030
-5913.600000	322.269226	90.237549
-5913.533333	322.258942	90.117584
-5913.466667	322.265747	89.984573
-5913.400000	322.263306	89.952316
-5913.333333	322.239197	89.896454
-5913.266667	322.261505	89.802788
-5913.200000	322.264313	89.889290
-5913.133333	322.277557	89.887848
-5913.066667	322.292725	89.953804
-5913.000000	322.298767	90.130104
-5912.933333	322.311432	89.672623
-5912.866667	322.323669	89.672272
-5912.800000	322.337036	90.011742
-5912.733333	322.315491	90.344032
-5912.666667	322.260620	90.228340
-5912.600000	322.188049	89.501213
-5912.533333	322.069733	87.686653
-5912.466667	321.922821	86.337669
-5912.400000	321.898621	86.062073
-5912.333333	321.919098	86.043991
-5912.266667	321.944489	85.987770
-5912.200000	321.944885	85.976791
-5912.133333	321.940094	85.964874
-5912.066667	321.932953	85.832062
-5912.000000	321.900482	85.641327
-5911.933333	321.888245	85.574753
-5911.866667	321.881805	85.472893
-5911.800000	321.867950	85.382156
-5911.733333	321.868317	85.233459
-5911.666667	321.288055	85.627579
-5911.600000	321.151825	84.039818
-5911.533333	321.888153	85.058708
-5911.466667	321.862976	84.962784
-5911.400000	321.858856	84.873146
-5911.333333	321.853851	84.834785
-5911.266667	321.857422	84.749794
-5911.200000	321.859314	84.722755
-5911.133333	321.862823	84.515991
-5911.066667	321.868622	84.472488
-5911.000000	321.877106	84.128929
-5910.933333	321.891846	84.314957
-5910.866667	321.876221	84.368042
-5910.800000	321.888763	84.344765
-5910.733333	321.889954	84.476959
-5910.666667	321.897339	84.472954
-5910.600000	321.890686	84.516731
-5910.533333	321.894043	84.491638
-5910.466667	321.904633	84.544586
-5910.400000	321.897369	84.589241
-5910.333333	321.901184	84.643745
-5910.266667	321.900726	84.675964
-5910.200000	321.903137	84.686996
-5910.133333	321.898712	84.738716
-5910.066667	321.903839	84.724968
-5910.000000	321.910339	84.749336
-5909.933333	321.906891	84.767654
-5909.866667	321.910065	84.742485
-5909.800000	321.896484	84.734474
-5909.733333	321.865326	90.584503
-5909.666667	321.411591	90.959618
-5909.600000	321.811829	84.924072
-5909.533333	321.879120	87.212471
-5909.466667	321.879120	87.212471
-5909.400000	321.283691	90.714607
-5909.333333	320.799988	88.128601
-5909.266667	321.179779	91.420692
-5909.200000	321.399536	88.697639
-5909.133333	321.501160	89.089302
-5909.066667	321.619659	90.224228
-5909.000000	321.619659	90.224228
-5908.933333	322.229767	88.744965
-5908.866667	323.139282	81.404999
-5908.800000	323.139282	81.404999
-5908.733333	323.264771	80.598831
-5908.666667	323.246429	79.991394
-5908.600000	323.419678	80.231735
-5908.533333	323.361511	85.748566
-5908.466667	322.220947	86.911919
-5908.400000	322.628448	83.230232
-5908.333333	322.552216	84.544815
-5908.266667	322.432800	86.910904
-5908.200000	322.432800	86.910904
-5908.133333	322.207123	84.111343
-5908.066667	322.077393	84.124435
-5908.000000	322.140106	86.082405
-5907.933333	322.154755	85.777176
-5907.866667	323.884033	84.244659
-5907.800000	323.884033	84.244659
-5907.733333	324.311584	81.911133
-5907.666667	324.183746	77.823402
-5907.600000	324.344269	75.539581
-5907.533333	324.663055	73.230301
-5907.466667	324.188110	69.131111
-5907.400000	324.000519	68.089783
-5907.333333	324.000519	68.089783
-5907.266667	323.059967	66.137154
-5907.200000	322.696198	66.538322
-5907.133333	323.379608	68.276688
-5907.066667	326.081909	71.001671
-5907.000000	325.402557	74.954811
-5906.933333	323.517548	83.424500
-5906.866667	323.215607	81.386612
-5906.800000	323.226044	80.809700
-5906.733333	323.228180	80.822395
-5906.666667	323.228180	80.822395
-5906.600000	323.239380	80.842995
-5906.533333	323.228485	80.791718
-5906.466667	323.242249	80.818466
-5906.400000	323.237091	80.761024
-5906.333333	323.241364	80.762627
-5906.266667	323.246002	83.510368
-5906.200000	323.272827	84.869514
-5906.133333	322.744446	87.954437
-5906.066667	321.529999	96.108749
-5906.000000	321.828430	96.276390
-5905.933333	321.959015	97.454384
-5905.866667	321.937134	98.576584
-5905.800000	321.331726	97.596397
-5905.733333	321.331726	97.596397
-5905.666667	320.320984	99.606903
-5905.600000	319.519196	99.573776
-5905.533333	319.236816	98.749573
-5905.466667	318.974396	101.930748
-5905.400000	319.396332	106.111694
-5905.333333	319.814056	111.104675
-5905.266667	319.930389	114.031792
-5905.200000	319.996704	117.696304
-5905.133333	319.447723	115.065239
-5905.066667	320.202637	118.017914
-5905.000000	321.068451	113.242058
-5904.933333	322.368317	102.464157
-5904.866667	322.708069	101.108017
-5904.800000	322.700989	97.491577
-5904.733333	322.736053	97.367416
-5904.666667	322.746948	97.395111
-5904.600000	322.788086	100.932777
-5904.533333	324.510071	93.834946
-5904.466667	324.574799	90.863190
-5904.400000	324.360443	92.065590
-5904.333333	324.234161	88.348717
-5904.266667	323.999786	87.186249
-5904.200000	323.888641	86.576515
-5904.133333	323.942444	87.588867
-5904.066667	324.072144	97.008904
-5904.000000	323.870544	100.909195
-5903.933333	323.555267	97.777206
-5903.866667	323.499695	94.925041
-5903.800000	323.496674	94.944962
-5903.733333	323.496674	94.944962
-5903.666667	323.500763	94.874367
-5903.600000	323.491730	94.607025
-5903.533333	323.500397	94.550873
-5903.466667	323.472595	94.547623
-5903.400000	323.500641	94.481972
-5903.333333	323.500641	94.481972
-5903.266667	323.509460	94.623390
-5903.200000	323.546265	94.693199
-5903.133333	324.487457	96.902351
-5903.066667	327.254700	100.067909
-5903.000000	330.657227	97.519295
-5902.933333	328.902344	95.046417
-5902.866667	323.488892	97.466423
-5902.800000	317.368988	99.695847
-5902.733333	311.043945	101.327934
-5902.666667	303.567535	101.045128
-5902.600000	299.558380	99.344162
-5902.533333	299.468353	97.818230
-5902.466667	299.479980	97.610023
-5902.400000	299.859070	103.869469
-5902.333333	299.191650	103.851990
-5902.266667	298.097076	103.793640
-5902.200000	297.484192	108.888649
-5902.133333	296.778992	109.006226
-5902.066667	297.840210	114.823799
-5902.000000	300.619354	114.940544
-5901.933333	303.253113	115.303322
-5901.866667	305.645996	117.351547
-5901.800000	307.817749	117.477310
-5901.733333	309.357269	117.393791
-5901.666667	312.784698	115.546906
-5901.600000	314.848450	115.928307
-5901.533333	318.076050	112.750526
-5901.466667	322.495941	113.915230
-5901.400000	328.565216	116.743279
-5901.333333	335.983215	113.053520
-5901.266667	351.403687	69.175774
-5901.200000	351.403687	69.175774
-5901.133333	352.989594	-66.965164
-5901.066667	341.867004	-69.703880
-5901.000000	341.583618	-69.749245
-5900.933333	94.393311	-75.185127
-5900.866667	118.780365	-73.822578
-5900.800000	106.074356	-75.030495
-5900.733333	54.374748	-80.511101
-5900.666667	24.632156	-80.066490
-5900.600000	-45.430351	-86.557404
-5900.533333	-81.406631	-84.153114
-5900.466667	-119.395096	-90.977425
-5900.400000	-127.950516	-90.517502
-5900.333333	-127.950516	-90.517502
-5900.266667	-117.824814	-90.647781
-5900.200000	-125.304398	-88.086304
-5900.133333	-97.617455	-88.396408
-5900.066667	-116.857895	-86.630440
-5900.000000	-116.857895	-86.630440
-5899.933333	-55.517639	-88.213013
-5899.866667	-6.964784	-91.100136
-5899.800000	7.654479	-86.824898
-5899.733333	39.895786	-83.393135
-5899.666667	54.995682	-84.420235
-5899.600000	40.916210	-96.748848
-5899.533333	40.916210	-96.748848
-5899.466667	130.471497	-81.095009
-5899.400000	174.308701	-77.376450
-5899.333333	123.840309	-77.254471
-5899.266667	109.951355	-80.474648
-5899.200000	-11.627836	-86.276993
-5899.133333	-11.627836	-86.276993
-5899.066667	32.953793	-83.859207
-5899.000000	38.309277	-84.569580
-5898.933333	38.455399	-82.688477
-5898.866667	39.423843	-82.431419
-5898.800000	39.718365	-83.544632
-5898.733333	32.792332	-82.994904
-5898.666667	38.049088	-82.170654
-5898.600000	28.215725	-81.089264
-5898.533333	26.178083	-81.421654
-5898.466667	23.781157	-81.894798
-5898.400000	27.297630	-82.814110
-5898.333333	19.478945	-83.681664
-5898.266667	40.174469	-81.853241
-5898.200000	51.553204	-85.972771
-5898.133333	45.253944	-85.487373
-5898.066667	14.419133	-83.542366
-5898.000000	278.794128	-65.101219
-5897.933333	323.064819	-49.309887
-5897.866667	323.064819	-49.309887
-5897.800000	336.122162	-43.151566
-5897.733333	346.429169	0.007836
-5897.666667	342.802521	68.525497
-5897.600000	339.284973	78.450226
-5897.533333	336.497681	82.599060
-5897.466667	334.508606	84.544968
-5897.400000	334.508606	84.544968
-5897.333333	332.777344	85.658005
-5897.266667	331.089783	85.417870
-5897.200000	331.089783	85.417870
-5897.133333	331.290771	86.136780
-5897.066667	331.260651	86.199249
-5897.000000	331.278015	86.344208
-5896.933333	331.366486	87.294128
-5896.866667	331.379730	87.254028
-5896.800000	331.294464	86.881401
-5896.733333	331.259003	86.952606
-5896.666667	331.271057	86.946312
-5896.600000	331.291718	87.057587
-5896.533333	331.275635	87.001259
-5896.466667	331.291565	87.067848
-5896.400000	331.288940	87.048958
-5896.333333	331.267548	86.998276
-5896.266667	331.267334	86.993286
-5896.200000	331.242615	87.008621
-5896.133333	331.249420	87.006859
-5896.066667	331.270844	87.095543
-5896.000000	331.721741	88.224648
-5895.933333	332.987061	88.554634
-5895.866667	334.451050	89.507713
-5895.800000	334.451050	89.507713
-5895.733333	335.695496	85.578651
-5895.666667	335.749115	84.769928
-5895.600000	335.749115	84.769928
-5895.533333	335.798981	84.755074
-5895.466667	335.746307	84.754730
-5895.400000	335.822662	84.753281
-5895.333333	335.758698	84.785950
-5895.266667	335.846985	84.740135
-5895.200000	335.846985	84.740135
-5895.133333	335.863586	84.596054
-5895.066667	335.856445	84.750595
-5895.000000	335.865631	84.717773
-5894.933333	335.914490	84.745132
-5894.866667	336.169525	84.820488
-5894.800000	336.169403	84.355110
-5894.733333	336.169403	84.355110
-5894.666667	336.048157	84.657333
-5894.600000	336.001190	84.552139
-5894.533333	336.071075	84.817039
-5894.466667	335.906219	84.592361
-5894.400000	335.937592	84.506119
-5894.333333	335.937592	84.506119
-5894.266667	335.936920	84.538338
-5894.200000	335.978119	84.635231
-5894.133333	336.095459	84.767677
-5894.066667	336.037231	84.696777
-5894.000000	336.037018	84.613518
-5893.933333	336.037018	84.613518
-5893.866667	336.021667	84.515793
-5893.800000	336.034332	84.544899
-5893.733333	336.092987	84.561920
-5893.666667	336.164093	84.552071
-5893.600000	336.193054	84.644806
-5893.533333	336.576141	85.395432
-5893.466667	336.576141	85.395432
-5893.400000	336.821411	84.240372
-5893.333333	336.833466	84.054443
-5893.266667	336.951233	84.371147
-5893.200000	336.848450	84.037117
-5893.133333	336.825684	83.872459
-5893.066667	336.825684	83.872459
-5893.000000	336.871124	83.958519
-5892.933333	336.970551	83.803078
-5892.866667	337.722046	85.808983
-5892.800000	339.671692	84.909576
-5892.733333	340.055298	79.307617
-5892.666667	340.055298	79.307617
-5892.600000	340.018158	79.443336
-5892.533333	339.942444	79.441269
-5892.466667	338.740936	80.869812
-5892.400000	338.456543	81.753799
-5892.333333	338.387909	81.851654
-5892.266667	338.812012	82.391190
-5892.200000	339.056915	82.145660
-5892.133333	339.014038	82.390755
-5892.066667	339.016907	81.174469
-5892.000000	338.902802	81.011459
-5891.933333	338.849701	80.929451
-5891.866667	338.853821	80.769470
-5891.800000	338.853821	80.769470
-5891.733333	338.840881	80.690582
-5891.666667	338.844757	80.533684
-5891.600000	338.807556	80.592636
-5891.533333	338.838135	80.541634
-5891.466667	338.856873	80.553596
-5891.400000	338.856873	80.553596
-5891.333333	338.874390	80.641548
-5891.266667	338.810303	80.760971
-5891.200000	338.826874	80.876144
-5891.133333	338.861450	80.946724
-5891.066667	338.844696	80.941284
-5891.000000	338.844696	80.941284
-5890.933333	338.824615	80.858238
-5890.866667	338.871918	80.807076
-5890.800000	338.869385	80.788628
-5890.733333	338.834961	80.962654
-5890.666667	338.876312	80.994049
-5890.600000	338.876312	80.994049
-5890.533333	338.851654	81.106552
-5890.466667	338.853729	81.086113
-5890.400000	338.991180	82.433517
-5890.333333	340.667328	88.573151
-5890.266667	342.282715	81.249825
-5890.200000	342.993988	82.920731
-5890.133333	342.700928	84.581459
-5890.066667	342.814514	85.130219
-5890.000000	343.406891	84.834801
-5889.933333	342.425201	91.094536
-5889.866667	349.335449	82.143089
-5889.800000	351.607086	107.742554
-5889.733333	351.531586	139.547104
-5889.666667	-147.534561	-7.310903
-5889.600000	-314.607819	74.954056
-5889.533333	-300.270264	76.702957
-5889.466667	-293.046875	66.836945
-5889.400000	-292.345886	47.082352
-5889.333333	-294.390747	34.858879
-5889.266667	-292.557953	48.641247
-5889.200000	-282.990967	88.111412
-5889.133333	-268.803192	107.348961
-5889.066667	-234.179840	129.257172
-5889.000000	-182.533661	148.534653
-5888.933333	-92.619156	159.649200
-5888.866667	-36.230061	151.771347
-5888.800000	-13.376870	143.158844
-5888.733333	-2.394930	134.238144
-5888.666667	83.639259	141.659348
-5888.600000	103.414345	139.854065
-5888.533333	179.503159	115.376488
-5888.466667	167.860748	105.179619
-5888.400000	209.148727	101.048912
-5888.333333	222.511673	108.626640
-5888.266667	256.507721	92.760574
-5888.200000	280.545227	67.757019
-5888.133333	290.000244	25.333632
-5888.066667	-229.741852	-80.129364
-5888.000000	-201.589554	-64.102196
-5887.933333	29.907930	-39.545052
-5887.866667	-12.926684	-56.529705
-5887.800000	-93.267220	-65.918030
-5887.733333	-100.052902	-72.671638
-5887.666667	-178.769058	-71.940048
-5887.600000	-169.107376	-78.607399
-5887.533333	-170.842575	-61.231625
-5887.466667	-175.709518	-18.141035
-5887.400000	-291.198242	204.756805
-5887.333333	-273.284546	186.099579
-5887.266667	-273.284546	186.099579
-5884.866667	-273.284546	186.099579
-5884.800000	-273.284546	186.099579
-5884.733333	-273.284546	186.099579
-5884.666667	-273.284546	186.099579
-5884.600000	-273.284546	186.099579
-5884.533333	-273.284546	186.099579
-5884.466667	-273.284546	186.099579
-5884.400000	-273.284546	186.099579
-5884.333333	-273.284546	186.099579
-5884.266667	-273.284546	186.099579
-5884.200000	-273.284546	186.099579
-5884.133333	-273.284546	186.099579
-5884.066667	-273.284546	186.099579
-5884.000000	-273.284546	186.099579
-5883.933333	-273.284546	186.099579
-5883.866667	-273.284546	186.099579
-5883.800000	-273.284546	186.099579
-5883.733333	-273.284546	186.099579
-5883.666667	-273.284546	186.099579
-5883.600000	-273.284546	186.099579
-5883.533333	-273.284546	186.099579
-5883.466667	-273.284546	186.099579
-5883.400000	-273.284546	186.099579
-5883.333333	-273.284546	186.099579
-5883.266667	-273.284546	186.099579
-5883.200000	-273.284546	186.099579
-5883.133333	-273.284546	186.099579
-5883.066667	-273.284546	186.099579
-5883.000000	-273.284546	186.099579
-5882.933333	-273.284546	186.099579
-5882.866667	-273.284546	186.099579
-5882.800000	-273.284546	186.099579
-5882.733333	-273.284546	186.099579
-5882.666667	-273.284546	186.099579
-5882.600000	-273.284546	186.099579
-5882.533333	-273.284546	186.099579
-5882.466667	-273.284546	186.099579
-5882.400000	-273.284546	186.099579
-5882.333333	-273.284546	186.099579
-5882.266667	-273.284546	186.099579
-5882.200000	-273.284546	186.099579
-5882.133333	-273.284546	186.099579
-5882.066667	-273.284546	186.099579
-5882.000000	-273.284546	186.099579
-5881.933333	-273.284546	186.099579
-5881.866667	-273.284546	186.099579
-5881.800000	-273.284546	186.099579
-5881.733333	-273.284546	186.099579
-5881.666667	-273.284546	186.099579
-5881.600000	-273.284546	186.099579
-5881.533333	-273.284546	186.099579
-5881.466667	-273.284546	186.099579
-5881.400000	-273.284546	186.099579
-5881.333333	-273.284546	186.099579
-5881.266667	-273.284546	186.099579
-5881.200000	-273.284546	186.099579
-5881.133333	-273.284546	186.099579
-5881.066667	-273.284546	186.099579
-5881.000000	-273.284546	186.099579
-5880.933333	-273.284546	186.099579
-5880.866667	-273.284546	186.099579
-5880.800000	-273.284546	186.099579
-5880.733333	-273.284546	186.099579
-5880.666667	-273.284546	186.099579
-5880.600000	-273.284546	186.099579
-5880.533333	-273.284546	186.099579
-5880.466667	-273.284546	186.099579
-5880.400000	-273.284546	186.099579
-5880.333333	-273.284546	186.099579
-5880.266667	-273.284546	186.099579
-5880.200000	-273.284546	186.099579
-5880.133333	-273.284546	186.099579
-5880.066667	-273.284546	186.099579
-5880.000000	-273.284546	186.099579
-5879.933333	-273.284546	186.099579
-5879.866667	-273.284546	186.099579
-5879.800000	-273.284546	186.099579
-5879.733333	-273.284546	186.099579
-5879.666667	-273.284546	186.099579
-5879.600000	-273.284546	186.099579
-5879.533333	-273.284546	186.099579
-5879.466667	-273.284546	186.099579
-5879.400000	-273.284546	186.099579
-5879.333333	-273.284546	186.099579
-5879.266667	-273.284546	186.099579
-5879.200000	-273.284546	186.099579
-5879.133333	-273.284546	186.099579
-5879.066667	-273.284546	186.099579
-5879.000000	-273.284546	186.099579
-5878.933333	-273.284546	186.099579
-5878.866667	-273.284546	186.099579
-5878.800000	-273.284546	186.099579
-5878.733333	-273.284546	186.099579
-5878.666667	-273.284546	186.099579
-5878.600000	-273.284546	186.099579
-5878.533333	-273.284546	186.099579
-5878.466667	-273.284546	186.099579
-5878.400000	-273.284546	186.099579
-5878.333333	-273.284546	186.099579
-5878.266667	-273.284546	186.099579
-5878.200000	-273.284546	186.099579
-5878.133333	-273.284546	186.099579
-5878.066667	-273.284546	186.099579
-5878.000000	-273.284546	186.099579
-5877.933333	-273.284546	186.099579
-5877.866667	-273.284546	186.099579
-5877.800000	-273.284546	186.099579
-5877.733333	-273.284546	186.099579
-5877.666667	-273.284546	186.099579
-5877.600000	-273.284546	186.099579
-5877.533333	-273.284546	186.099579
-5877.466667	-273.284546	186.099579
-5877.400000	-273.284546	186.099579
-5877.333333	-273.284546	186.099579
-5877.266667	-273.284546	186.099579
-5877.200000	-273.284546	186.099579
-5877.133333	-273.284546	186.099579
-5877.066667	-273.284546	186.099579
-5877.000000	-273.284546	186.099579
-5876.933333	-273.284546	186.099579
-5876.866667	-273.284546	186.099579
